"contrast","group","label","estimate","SE","df","t.ratio","p.value"
"lh - rh","Controls","mcgs",-0.0335874246368048,0.0634766557639114,813.978904407585,-0.529130342999266,0.596859295353652
"lh - rh","DPs","mcgs",-0.00223709934090721,0.0676663424036211,813.978904408216,-0.0330607398219221,0.973634255644615
"lh - rh","Controls","sbps",-0.018876371344,0.0634766557639106,813.978904408022,-0.297375013173459,0.766256092855479
"lh - rh","DPs","sbps",-0.0168652986363636,0.0676663424036211,813.978904408119,-0.24924206093133,0.803236424480615
"lh - rh","Controls","icgs-p",-0.0156798561221252,0.0870357840585181,834.390432223705,-0.180154131909502,0.857075309971791
"lh - rh","DPs","icgs-p",0.117880705362715,0.0888649052272382,843.065241377749,1.32651585078811,0.18502809905012
"lh - rh","Controls","ifrms",-0.0430934883936,0.0634766557639106,813.978904408022,-0.678887188919941,0.497402319005693
"lh - rh","DPs","ifrms",0.0172694629681818,0.0676663424036211,813.978904408119,0.255214961452648,0.798621546931591
"lh - rh","Controls","sspls-d",0.0361307256297424,0.0908105230007709,846.39206021968,0.397869370595252,0.690826806971432
"lh - rh","DPs","sspls-d",0.252694244939911,0.104120478624795,842.085965819137,2.42694086962962,0.015435593610975
"lh - rh","Controls","sspls-v",-0.530179598836559,0.0732248782543873,827.592664139741,-7.2404299122859,1.02282213220035e-12
"lh - rh","DPs","sspls-v",-0.178224648742685,0.0954471021328718,839.391239010855,-1.86726097241359,0.0622135124586762
"lh - rh","Controls","prcus-a",0.0572771845399998,0.0634766557639106,813.978904408022,0.902334627599657,0.367146064688291
"lh - rh","DPs","prcus-a",0.0812182492727273,0.0676663424036211,813.978904408119,1.20027544548323,0.230381584302401
"lh - rh","Controls","prcus-i",0.0594480835200003,0.0634766557639106,813.978904408022,0.936534585897313,0.349275787508158
"lh - rh","DPs","prcus-i",-0.000409941468181838,0.0676663424036211,813.978904408119,-0.00605827732991077,0.995167708043721
"lh - rh","Controls","prcus-p",0.01545328676,0.0634766557639106,813.978904408022,0.243448344498103,0.807719435985635
"lh - rh","DPs","prcus-p",0.0144750374545455,0.0676663424036211,813.978904408119,0.213917834781194,0.83066470431729
"lh - rh","Controls","prculs-v",-0.317994473004747,0.107641859250017,846.088260572349,-2.9541897104002,0.00322178696042779
"lh - rh","DPs","prculs-v",-0.0357875296772138,0.118168018940624,859.950568822156,-0.30285292076527,0.762075193933808
"lh - rh","Controls","prculs-d",-0.11249423456,0.0634766557639106,813.978904408022,-1.77221426060001,0.0767330088849923
"lh - rh","DPs","prculs-d",-0.156372889818182,0.0676663424036211,813.978904408119,-2.31094048035635,0.0210852045177069
"lh - rh","Controls","pos",-0.0882769977199998,0.0634766557639106,813.978904408022,-1.39070019769676,0.164696428455874
"lh - rh","DPs","pos",0.00496930500000003,0.0676663424036211,813.978904408119,0.0734383568474672,0.941475337757504
