"hemi","group","emmean","SE","df","t.ratio","p.value","label","adjustment"
"lh","Controls",-0.094791823000003,0.050040398379771,519.67074369184,-1.89430592219911,0.117478745691213,"mcgs","Bonferroni x2 (hemispheres within group)"
"rh","Controls",-0.0612043983631982,0.0500403983797706,519.670743691742,-1.22309974230623,0.443692747724459,"mcgs","Bonferroni x2 (hemispheres within group)"
"lh","DPs",-0.0885771279636351,0.0533432439064361,519.670743691821,-1.66051258747967,0.1948291598354,"mcgs","Bonferroni x2 (hemispheres within group)"
"rh","DPs",-0.0863400286227279,0.0533432439064363,519.670743691801,-1.61857476785941,0.212291019031229,"mcgs","Bonferroni x2 (hemispheres within group)"
"lh","Controls",0.1297927826,0.0500403983797707,519.670743691801,2.5937599779875,0.0195220785780322,"sbps","Bonferroni x2 (hemispheres within group)"
"rh","Controls",0.148669153944,0.0500403983797707,519.670743691781,2.97098262119553,0.00621173832795637,"sbps","Bonferroni x2 (hemispheres within group)"
"lh","DPs",0.216207701636364,0.0533432439064361,519.670743691821,4.05314123782182,0.0001165362336279,"sbps","Bonferroni x2 (hemispheres within group)"
"rh","DPs",0.233073000272727,0.0533432439064361,519.670743691821,4.36930683633595,3.01100593535193e-05,"sbps","Bonferroni x2 (hemispheres within group)"
"lh","Controls",0.0413457396099287,0.0667304572492518,774.226858777152,0.619593230951408,1,"icgs-p","Bonferroni x2 (hemispheres within group)"
"rh","Controls",0.0570255957320539,0.0645264855048234,752.039721936601,0.88375486880951,0.75422196923072,"icgs-p","Bonferroni x2 (hemispheres within group)"
"lh","DPs",0.1109190813418,0.0671421922460909,734.529506197138,1.6520026771729,0.197922773505981,"icgs-p","Bonferroni x2 (hemispheres within group)"
"rh","DPs",-0.00696162402091535,0.0671394978924874,734.631894911073,-0.103688949715758,1,"icgs-p","Bonferroni x2 (hemispheres within group)"
"lh","Controls",-0.00237583388000052,0.0500403983797707,519.670743691801,-0.0474783166586655,1,"ifrms","Bonferroni x2 (hemispheres within group)"
"rh","Controls",0.0407176545135995,0.0500403983797706,519.670743691781,0.813695650553814,0.832383984251476,"ifrms","Bonferroni x2 (hemispheres within group)"
"lh","DPs",0.0812551284681819,0.0533432439064361,519.670743691821,1.52325060340731,0.256608586949221,"ifrms","Bonferroni x2 (hemispheres within group)"
"rh","DPs",0.0639856655000001,0.0533432439064361,519.670743691821,1.19950833159361,0.461753905267221,"ifrms","Bonferroni x2 (hemispheres within group)"
"lh","Controls",0.147867147105786,0.0667282112903331,774.27568287961,2.21596149883921,0.0539684103245272,"sspls-d","Bonferroni x2 (hemispheres within group)"
"rh","Controls",0.111736421476044,0.0692163683464196,795.704028474854,1.61430632876918,0.213714898277631,"sspls-d","Bonferroni x2 (hemispheres within group)"
"lh","DPs",0.40522358370573,0.0794530586417752,830.376709803817,5.10016342520852,8.41301951965895e-07,"sspls-d","Bonferroni x2 (hemispheres within group)"
"rh","DPs",0.152529338765819,0.0756742105526374,808.491400588001,2.01560528549846,0.0883433744885628,"sspls-d","Bonferroni x2 (hemispheres within group)"
"lh","Controls",-0.0805038016652256,0.0550712105987527,617.894451431589,-1.46181281998273,0.288601768426828,"sspls-v","Bonferroni x2 (hemispheres within group)"
"rh","Controls",0.449675797171333,0.0576718071079831,661.63220981194,7.79715115098392,4.93488593485771e-14,"sspls-v","Bonferroni x2 (hemispheres within group)"
"lh","DPs",-0.054000914775362,0.0629799329348076,683.001839391623,-0.85743049030014,0.783015546287343,"sspls-v","Bonferroni x2 (hemispheres within group)"
"rh","DPs",0.124223733967323,0.0794552223927398,830.482280041578,1.56344328574523,0.236658636417315,"sspls-v","Bonferroni x2 (hemispheres within group)"
"lh","Controls",0.0412662158599993,0.0500403983797706,519.670743691801,0.824658020242333,0.819888248324715,"prcus-a","Bonferroni x2 (hemispheres within group)"
"rh","Controls",-0.0160109686800005,0.0500403983797706,519.670743691781,-0.319960855596887,1,"prcus-a","Bonferroni x2 (hemispheres within group)"
"lh","DPs",0.112412276409091,0.0533432439064361,519.670743691821,2.10733859017389,0.0711334403799625,"prcus-a","Bonferroni x2 (hemispheres within group)"
"rh","DPs",0.0311940271363637,0.0533432439064362,519.670743691821,0.584779343211259,1,"prcus-a","Bonferroni x2 (hemispheres within group)"
"lh","Controls",0.27010872628,0.0500403983797707,519.670743691781,5.39781326739385,2.05469728303156e-07,"prcus-i","Bonferroni x2 (hemispheres within group)"
"rh","Controls",0.21066064276,0.0500403983797707,519.670743691781,4.20981146395431,6.02378472715761e-05,"prcus-i","Bonferroni x2 (hemispheres within group)"
"lh","DPs",0.183133583318182,0.0533432439064361,519.670743691801,3.43311673432155,0.00128859223502546,"prcus-i","Bonferroni x2 (hemispheres within group)"
"rh","DPs",0.183543524786364,0.0533432439064362,519.670743691801,3.44080170880306,0.00125334212486449,"prcus-i","Bonferroni x2 (hemispheres within group)"
"lh","Controls",0.397915303159999,0.0500403983797707,519.670743691781,7.95188120086711,2.30741711142266e-14,"prcus-p","Bonferroni x2 (hemispheres within group)"
"rh","Controls",0.382462016399999,0.0500403983797707,519.670743691781,7.64306497916718,2.06161697779623e-13,"prcus-p","Bonferroni x2 (hemispheres within group)"
"lh","DPs",0.360614820318182,0.0533432439064362,519.670743691821,6.7602716653434,7.42258154244159e-11,"prcus-p","Bonferroni x2 (hemispheres within group)"
"rh","DPs",0.346139782863637,0.053343243906436,519.670743691821,6.48891513742144,4.03753122804319e-10,"prcus-p","Bonferroni x2 (hemispheres within group)"
"lh","Controls",0.235880217723499,0.0752907028582352,835.019477462526,3.13292622819098,0.00358225665617869,"prculs-v","Bonferroni x2 (hemispheres within group)"
"rh","Controls",0.553874690728246,0.0835919577524823,866.917273872237,6.62593275262534,1.21086343210779e-10,"prculs-v","Bonferroni x2 (hemispheres within group)"
"lh","DPs",0.327855534808244,0.0893666701727752,867.217458058319,3.66865559804781,0.000517404150698395,"prculs-v","Bonferroni x2 (hemispheres within group)"
"rh","DPs",0.363643064485458,0.083945198854398,850.106350570141,4.33191021580868,3.30935085372998e-05,"prculs-v","Bonferroni x2 (hemispheres within group)"
"lh","Controls",0.0778416683999992,0.0500403983797706,519.670743691801,1.55557651258563,0.240835187574952,"prculs-d","Bonferroni x2 (hemispheres within group)"
"rh","Controls",0.190335902959999,0.0500403983797707,519.670743691781,3.80364483742688,0.000319053187930246,"prculs-d","Bonferroni x2 (hemispheres within group)"
"lh","DPs",0.0269700236818184,0.0533432439064361,519.670743691801,0.505593992917335,1,"prculs-d","Bonferroni x2 (hemispheres within group)"
"rh","DPs",0.1833429135,0.0533432439064362,519.670743691821,3.43704094602088,0.00127047836729569,"prculs-d","Bonferroni x2 (hemispheres within group)"
"lh","Controls",-0.25556504656,0.0500403983797707,519.670743691801,-5.10717449970013,9.19655089304995e-07,"pos","Bonferroni x2 (hemispheres within group)"
"rh","Controls",-0.167288048840001,0.0500403983797706,519.670743691781,-3.34305989273716,0.00177666060417646,"pos","Bonferroni x2 (hemispheres within group)"
"lh","DPs",-0.1773869705,0.0533432439064361,519.670743691821,-3.32538776252783,0.00189066749532546,"pos","Bonferroni x2 (hemispheres within group)"
"rh","DPs",-0.1823562755,0.0533432439064362,519.670743691821,-3.41854492051237,0.00135798400251373,"pos","Bonferroni x2 (hemispheres within group)"
