"contrast","hemi","group","estimate","SE","df","t.ratio","p.value"
"mcgs - sbps","lh","Controls",-0.224584605600003,0.0634766557639108,806.403134445847,-3.53806612678686,0.0216145535532555
"mcgs - (icgs-p)","lh","Controls",-0.136137562609932,0.0773188093652384,833.450477381983,-1.76073019912717,0.838720964245404
"mcgs - ifrms","lh","Controls",-0.0924159891200025,0.0634766557639108,806.403134445847,-1.45590513564114,0.951655229370587
"mcgs - (sspls-d)","lh","Controls",-0.242658970105789,0.0773168709853885,833.41370639659,-3.13849961868798,0.0753333517454429
"mcgs - (sspls-v)","lh","Controls",-0.0142880213347775,0.0675135734039908,816.662577784062,-0.211631833635588,0.999999999760898
"mcgs - (prcus-a)","lh","Controls",-0.136058038860002,0.0634766557639108,806.403134445847,-2.14343426292091,0.59145349243092
"mcgs - (prcus-i)","lh","Controls",-0.364900549280003,0.0634766557639108,806.403134445847,-5.74857866862395,8.35313702762797e-07
"mcgs - (prcus-p)","lh","Controls",-0.492707126160002,0.0634766557639108,806.403134445847,-7.76202085996042,1.84041670792112e-12
"mcgs - (prculs-v)","lh","Controls",-0.330672040723502,0.0848170636950546,840.841524068391,-3.89864994516171,0.00585659252373383
"mcgs - (prculs-d)","lh","Controls",-0.172633491400002,0.0634766557639108,806.403134445847,-2.71963746864799,0.218391933612557
"mcgs - pos","lh","Controls",0.160773223559997,0.0634766557639108,806.403134445847,2.53279290827737,0.32094156391105
"sbps - (icgs-p)","lh","Controls",0.0884470429900708,0.0773188093652383,833.450477382136,1.14392660358057,0.992563602801627
"sbps - ifrms","lh","Controls",0.13216861648,0.0634766557639106,806.403134446037,2.08216099114573,0.635784306253154
"sbps - (sspls-d)","lh","Controls",-0.0180743645057865,0.0773168709853883,833.413706396743,-0.233769994510025,0.999999999293494
"sbps - (sspls-v)","lh","Controls",0.210296584265225,0.0675135734039905,816.662577784257,3.1148785890334,0.0805889626971683
"sbps - (prcus-a)","lh","Controls",0.0885265667400002,0.0634766557639106,806.403134446037,1.39463186386596,0.964487745292327
"sbps - (prcus-i)","lh","Controls",-0.14031594368,0.0634766557639106,806.403134446037,-2.21051254183709,0.542405124496638
"sbps - (prcus-p)","lh","Controls",-0.26812252056,0.0634766557639106,806.403134446037,-4.22395473317357,0.00159161697740351
"sbps - (prculs-v)","lh","Controls",-0.1060874351235,0.0848170636950544,840.841524068443,-1.25077938921488,0.984554110066196
"sbps - (prculs-d)","lh","Controls",0.0519511142000004,0.0634766557639106,806.403134446037,0.818428658138872,0.999642686308535
"sbps - pos","lh","Controls",0.38535782916,0.0634766557639106,806.403134446037,6.07085903506425,1.28591965409264e-07
"(icgs-p) - ifrms","lh","Controls",0.0437215734899292,0.0773188093652383,833.450477382136,0.565471375579485,0.999991173858302
"(icgs-p) - (sspls-d)","lh","Controls",-0.106521407495857,0.0891507737770577,848.316747581879,-1.19484557433275,0.989327017165069
"(icgs-p) - (sspls-v)","lh","Controls",0.121849541275154,0.0805879324203157,834.606544057341,1.51200728962289,0.937254457924543
"(icgs-p) - (prcus-a)","lh","Controls",7.95237499293944e-05,0.0773188093652383,833.450477382136,0.00102851751834072,1
"(icgs-p) - (prcus-i)","lh","Controls",-0.228762986670071,0.0773188093652383,833.450477382136,-2.95869774183202,0.122898714912345
"(icgs-p) - (prcus-p)","lh","Controls",-0.35656956355007,0.0773188093652383,833.450477382136,-4.61167944097158,0.000287891913700711
"(icgs-p) - (prculs-v)","lh","Controls",-0.19453447811357,0.0952540057685864,838.550572959997,-2.042270837262,0.664115895110702
"(icgs-p) - (prculs-d)","lh","Controls",-0.0364959287900704,0.0773188093652383,833.450477382136,-0.472018763476699,0.999998658465141
"(icgs-p) - pos","lh","Controls",0.296910786169929,0.0773188093652383,833.450477382136,3.84008482033632,0.00731965004505231
"ifrms - (sspls-d)","lh","Controls",-0.150242980985787,0.0773168709853883,833.413706396743,-1.9432108292921,0.731523863546812
"ifrms - (sspls-v)","lh","Controls",0.0781279677852251,0.0675135734039906,816.662577784257,1.15721867242487,0.991805246335724
"ifrms - (prcus-a)","lh","Controls",-0.0436420497399999,0.0634766557639106,806.403134446037,-0.68752912727977,0.999935474413971
"ifrms - (prcus-i)","lh","Controls",-0.27248456016,0.0634766557639106,806.403134446037,-4.29267353298282,0.0011900872717433
"ifrms - (prcus-p)","lh","Controls",-0.40029113704,0.0634766557639106,806.403134446037,-6.3061157243193,3.09990186853071e-08
"ifrms - (prculs-v)","lh","Controls",-0.2382560516035,0.0848170636950544,840.841524068443,-2.80905800347097,0.177940156879027
"ifrms - (prculs-d)","lh","Controls",-0.0802175022799997,0.0634766557639106,806.403134446037,-1.26373233300685,0.983230928202773
"ifrms - pos","lh","Controls",0.25318921268,0.0634766557639106,806.403134446037,3.98869804391853,0.00414084101480927
"(sspls-d) - (sspls-v)","lh","Controls",0.228370948771012,0.0807166127912517,838.583169421667,2.8292930150776,0.169601126858062
"(sspls-d) - (prcus-a)","lh","Controls",0.106600931245787,0.0773168709853883,833.413706396743,1.37875382031346,0.967365138101163
"(sspls-d) - (prcus-i)","lh","Controls",-0.122241579174214,0.0773168709853883,833.413706396743,-1.58104664113109,0.915709407141641
"(sspls-d) - (prcus-p)","lh","Controls",-0.250048156054213,0.0773168709853883,833.413706396743,-3.23406978150304,0.0569836567918551
"(sspls-d) - (prculs-v)","lh","Controls",-0.088013070617713,0.0954546788168708,844.310410861416,-0.922040403976064,0.99889969387721
"(sspls-d) - (prculs-d)","lh","Controls",0.0700254787057869,0.0773168709853883,833.413706396743,0.905694679742286,0.999067921888577
"(sspls-d) - pos","lh","Controls",0.403432193665786,0.0773168709853883,833.413706396743,5.21790637055176,1.47628558827551e-05
"(sspls-v) - (prcus-a)","lh","Controls",-0.121770017525225,0.0675135734039906,816.662577784257,-1.80363757072333,0.815913188564485
"(sspls-v) - (prcus-i)","lh","Controls",-0.350612527945225,0.0675135734039905,816.662577784257,-5.19321538273816,1.68523777959173e-05
"(sspls-v) - (prcus-p)","lh","Controls",-0.478419104825225,0.0675135734039905,816.662577784257,-7.08626548268213,1.96970328936175e-10
"(sspls-v) - (prculs-v)","lh","Controls",-0.316384019388725,0.0877327674039348,838.584133978538,-3.60622409107472,0.0170723458172414
"(sspls-v) - (prculs-d)","lh","Controls",-0.158345470065225,0.0675135734039905,816.662577784257,-2.34538718781349,0.445067048648013
"(sspls-v) - pos","lh","Controls",0.175061244894775,0.0675135734039905,816.662577784257,2.59297850888792,0.285286191638829
"(prcus-a) - (prcus-i)","lh","Controls",-0.22884251042,0.0634766557639106,806.403134446037,-3.60514440570305,0.0171681146465545
"(prcus-a) - (prcus-p)","lh","Controls",-0.3566490873,0.0634766557639106,806.403134446037,-5.61858659703953,1.73136305614552e-06
"(prcus-a) - (prculs-v)","lh","Controls",-0.1946140018635,0.0848170636950544,840.841524068443,-2.29451472834761,0.481298864961997
"(prcus-a) - (prculs-d)","lh","Controls",-0.0365754525399998,0.0634766557639106,806.403134446037,-0.576203205727084,0.999989277128778
"(prcus-a) - pos","lh","Controls",0.29683126242,0.0634766557639106,806.403134446037,4.6762271711983,0.000214493178623099
"(prcus-i) - (prcus-p)","lh","Controls",-0.127806576879999,0.0634766557639106,806.403134446037,-2.01344219133648,0.684218885228197
"(prcus-i) - (prculs-v)","lh","Controls",0.0342285085565007,0.0848170636950544,840.841524068443,0.403556867749673,0.999999744881827
"(prcus-i) - (prculs-d)","lh","Controls",0.192267057880001,0.0634766557639106,806.403134446037,3.02894119997597,0.102149815024765
"(prcus-i) - pos","lh","Controls",0.52567377284,0.0634766557639106,806.403134446037,8.28137157690135,2.34257058195908e-13
"(prcus-p) - (prculs-v)","lh","Controls",0.1620350854365,0.0848170636950544,840.841524068443,1.91040668442697,0.752632341077102
"(prcus-p) - (prculs-d)","lh","Controls",0.32007363476,0.0634766557639106,806.403134446037,5.04238339131245,3.64204842340232e-05
"(prcus-p) - pos","lh","Controls",0.65348034972,0.0634766557639106,806.403134446037,10.2948137682378,1.84630088995164e-13
"(prculs-v) - (prculs-d)","lh","Controls",0.1580385493235,0.0848170636950544,840.841524068443,1.86328720234529,0.78165108847821
"(prculs-v) - pos","lh","Controls",0.491445264283499,0.0848170636950544,840.841524068443,5.79417917661485,6.35421049333118e-07
"(prculs-d) - pos","lh","Controls",0.33340671496,0.0634766557639106,806.403134446037,5.25243037692538,1.2430009815434e-05
"mcgs - sbps","rh","Controls",-0.209873552307198,0.0634766557639106,806.403134445847,-3.30631079696106,0.0458006650307571
"mcgs - (icgs-p)","rh","Controls",-0.118229994095252,0.0754248744683611,831.369687330816,-1.56751993196683,0.920272350229093
"mcgs - ifrms","rh","Controls",-0.101922052876798,0.0634766557639106,806.403134445847,-1.60566198156181,0.906946746646716
"mcgs - (sspls-d)","rh","Controls",-0.172940819839242,0.0794742096785561,836.405845044839,-2.17606215322837,0.567603388352826
"mcgs - (sspls-v)","rh","Controls",-0.510880195534532,0.069651142790799,821.696283561292,-7.33484297693418,3.52817774995628e-11
"mcgs - (prcus-a)","rh","Controls",-0.0451934296831977,0.0634766557639106,806.403134445847,-0.711969292321986,0.999908582766965
"mcgs - (prcus-i)","rh","Controls",-0.271865041123198,0.0634766557639106,806.403134445847,-4.28291373972738,0.0012406375230114
"mcgs - (prcus-p)","rh","Controls",-0.443666414763197,0.0634766557639106,806.403134445847,-6.98944217246306,3.81803144655635e-10
"mcgs - (prculs-v)","rh","Controls",-0.615079089091445,0.0922651600435214,846.608964611783,-6.66642846336919,3.11297310151559e-09
"mcgs - (prculs-d)","rh","Controls",-0.251540301323197,0.0634766557639106,806.403134445847,-3.96272138624873,0.00458446773037757
"mcgs - pos","rh","Controls",0.106083650476802,0.0634766557639106,806.403134445847,1.67122305357989,0.880860776022758
"sbps - (icgs-p)","rh","Controls",0.0916435582119457,0.0754248744683611,831.369687330918,1.21503096767351,0.987761855181915
"sbps - ifrms","rh","Controls",0.1079514994304,0.0634766557639105,806.403134446037,1.70064881539925,0.867826619290843
"sbps - (sspls-d)","rh","Controls",0.0369327324679559,0.079474209678556,836.40584504489,0.46471342863723,0.999998861797172
"sbps - (sspls-v)","rh","Controls",-0.301006643227334,0.0696511427907989,821.696283561441,-4.32163251264123,0.00104915857112731
"sbps - (prcus-a)","rh","Controls",0.164680122624,0.0634766557639105,806.403134446037,2.59434150463907,0.284530180155484
"sbps - (prcus-i)","rh","Controls",-0.0619914888159999,0.0634766557639106,806.403134446037,-0.976602942766322,0.998134956167294
"sbps - (prcus-p)","rh","Controls",-0.233792862456,0.0634766557639106,806.403134446037,-3.68313137550201,0.0130425544053752
"sbps - (prculs-v)","rh","Controls",-0.405205536784247,0.0922651600435214,846.608964611836,-4.3917502185344,0.000771455191032278
"sbps - (prculs-d)","rh","Controls",-0.0416667490159996,0.0634766557639106,806.403134446037,-0.656410589287678,0.999959490657782
"sbps - pos","rh","Controls",0.315957202784,0.0634766557639105,806.403134446037,4.97753385054095,5.03309415483821e-05
"(icgs-p) - ifrms","rh","Controls",0.0163079412184545,0.0754248744683611,831.369687330918,0.216214363409982,0.999999999698147
"(icgs-p) - (sspls-d)","rh","Controls",-0.0547108257439898,0.0892552110552084,843.701152442832,-0.612970661288881,0.999979805478642
"(icgs-p) - (sspls-v)","rh","Controls",-0.392650201439279,0.0805734925782274,833.45648782564,-4.87319326586299,8.35041188534946e-05
"(icgs-p) - (prcus-a)","rh","Controls",0.0730365644120544,0.0754248744683611,831.369687330918,0.968335246519919,0.998274458100162
"(icgs-p) - (prcus-i)","rh","Controls",-0.153635047027946,0.0754248744683611,831.369687330918,-2.03692811039933,0.667867665446716
"(icgs-p) - (prcus-p)","rh","Controls",-0.325436420667945,0.0754248744683611,831.369687330918,-4.31470947697046,0.00107951123638106
"(icgs-p) - (prculs-v)","rh","Controls",-0.496849094996193,0.100493632692319,842.466749738015,-4.9440853284446,5.89017254737367e-05
"(icgs-p) - (prculs-d)","rh","Controls",-0.133310307227945,0.0754248744683611,831.369687330918,-1.76745812528817,0.835252577138044
"(icgs-p) - pos","rh","Controls",0.224313644572055,0.0754248744683611,831.369687330918,2.97400090027526,0.118109364012141
"ifrms - (sspls-d)","rh","Controls",-0.0710187669624442,0.079474209678556,836.40584504489,-0.893607715631134,0.999177902690452
"ifrms - (sspls-v)","rh","Controls",-0.408958142657734,0.0696511427907989,821.696283561441,-5.87152092947078,4.10711721410273e-07
"ifrms - (prcus-a)","rh","Controls",0.0567286231936,0.0634766557639106,806.403134446037,0.893692689239827,0.99917657194441
"ifrms - (prcus-i)","rh","Controls",-0.1699429882464,0.0634766557639106,806.403134446037,-2.67725175816557,0.239526486750204
"ifrms - (prcus-p)","rh","Controls",-0.3417443618864,0.0634766557639106,806.403134446037,-5.38378019090126,6.2154392294067e-06
"ifrms - (prculs-v)","rh","Controls",-0.513157036214647,0.0922651600435214,846.608964611836,-5.56176389844868,2.33643051139598e-06
"ifrms - (prculs-d)","rh","Controls",-0.1496182484464,0.0634766557639106,806.403134446037,-2.35705940468692,0.436878363769701
"ifrms - pos","rh","Controls",0.2080057033536,0.0634766557639105,806.403134446037,3.27688503514171,0.0501247655656716
"(sspls-d) - (sspls-v)","rh","Controls",-0.33793937569529,0.084313421256967,835.513234921984,-4.0081326395869,0.00382490987645689
"(sspls-d) - (prcus-a)","rh","Controls",0.127747390156044,0.079474209678556,836.40584504489,1.60740686409762,0.906325766417685
"(sspls-d) - (prcus-i)","rh","Controls",-0.0989242212839558,0.079474209678556,836.40584504489,-1.24473362722408,0.98513812871431
"(sspls-d) - (prcus-p)","rh","Controls",-0.270725594923955,0.079474209678556,836.40584504489,-3.40645847274155,0.033354378071758
"(sspls-d) - (prculs-v)","rh","Controls",-0.442138269252203,0.103883259118151,851.112101618846,-4.25610702826852,0.00138269999726537
"(sspls-d) - (prculs-d)","rh","Controls",-0.0785994814839555,0.079474209678556,836.40584504489,-0.988993559066036,0.997911188768388
"(sspls-d) - pos","rh","Controls",0.279024470316044,0.079474209678556,836.40584504489,3.51088071771454,0.0236549399005388
"(sspls-v) - (prcus-a)","rh","Controls",0.465686765851334,0.0696511427907989,821.696283561441,6.68598887530173,2.79093603783309e-09
"(sspls-v) - (prcus-i)","rh","Controls",0.239015154411334,0.069651142790799,821.696283561441,3.43160420395727,0.0307655192384484
"(sspls-v) - (prcus-p)","rh","Controls",0.0672137807713341,0.0696511427907989,821.696283561441,0.965006144597145,0.99832733649065
"(sspls-v) - (prculs-v)","rh","Controls",-0.104198893556913,0.096745939363682,852.102483469566,-1.07703635152287,0.995557675185845
"(sspls-v) - (prculs-d)","rh","Controls",0.259339894211334,0.069651142790799,821.696283561441,3.7234119042422,0.0112717184574859
"(sspls-v) - pos","rh","Controls",0.616963846011334,0.0696511427907989,821.696283561441,8.85791418906678,1.6198153929281e-13
"(prcus-a) - (prcus-i)","rh","Controls",-0.22667161144,0.0634766557639106,806.403134446037,-3.57094444740539,0.0193209289431672
"(prcus-a) - (prcus-p)","rh","Controls",-0.39847298508,0.0634766557639106,806.403134446037,-6.27747288014108,3.69550368084504e-08
"(prcus-a) - (prculs-v)","rh","Controls",-0.569885659408247,0.0922651600435214,846.608964611836,-6.17660728209253,6.68090160971246e-08
"(prcus-a) - (prculs-d)","rh","Controls",-0.20634687164,0.0634766557639106,806.403134446037,-3.25075209392675,0.05425201659512
"(prcus-a) - pos","rh","Controls",0.15127708016,0.0634766557639105,806.403134446037,2.38319234590188,0.418699504907211
"(prcus-i) - (prcus-p)","rh","Controls",-0.17180137364,0.0634766557639106,806.403134446037,-2.70652843273569,0.224791185627252
"(prcus-i) - (prculs-v)","rh","Controls",-0.343214047968247,0.0922651600435214,846.608964611836,-3.71986617490668,0.0113990347068774
"(prcus-i) - (prculs-d)","rh","Controls",0.0203247398000003,0.0634766557639106,806.403134446037,0.320192353478644,0.999999978622327
"(prcus-i) - pos","rh","Controls",0.3779486916,0.0634766557639106,806.403134446037,5.95413679330727,2.55905188928374e-07
"(prcus-p) - (prculs-v)","rh","Controls",-0.171412674328247,0.0922651600435214,846.608964611836,-1.8578266622785,0.784910661045137
"(prcus-p) - (prculs-d)","rh","Controls",0.19212611344,0.0634766557639106,806.403134446037,3.02672078621433,0.102761963342489
"(prcus-p) - pos","rh","Controls",0.54975006524,0.0634766557639106,806.403134446037,8.66066522604296,1.77968750847413e-13
"(prculs-v) - (prculs-d)","rh","Controls",0.363538787768247,0.0922651600435215,846.608964611836,3.9401523564991,0.00498801201392229
"(prculs-v) - pos","rh","Controls",0.721162739568247,0.0922651600435214,846.608964611836,7.8161977850369,1.10167430733554e-12
"(prculs-d) - pos","rh","Controls",0.3576239518,0.0634766557639106,806.403134446037,5.63394443982863,1.5897590217584e-06
"mcgs - sbps","lh","DPs",-0.304784829599999,0.0676663424036211,806.403134446085,-4.50423088899938,0.000471253196304477
"mcgs - (icgs-p)","lh","DPs",-0.199496209305435,0.0790019379726445,829.495348113314,-2.52520652562362,0.325549942300491
"mcgs - ifrms","lh","DPs",-0.169832256431817,0.067666342403621,806.403134446133,-2.50984832930365,0.335129853968486
"mcgs - (sspls-d)","lh","DPs",-0.493800711669365,0.0896996139978089,840.42534407046,-5.50504834593187,3.19492909295338e-06
"mcgs - (sspls-v)","lh","DPs",-0.0345762131882731,0.075496385186944,823.909677871321,-0.457985016138926,0.999999023661459
"mcgs - (prcus-a)","lh","DPs",-0.200989404372726,0.067666342403621,806.403134446085,-2.97030099800356,0.119315412010092
"mcgs - (prcus-i)","lh","DPs",-0.271710711281817,0.067666342403621,806.403134446085,-4.01544847305471,0.00372583145659144
"mcgs - (prcus-p)","lh","DPs",-0.449191948281817,0.0676663424036211,806.403134446085,-6.63833646574903,3.83754261701341e-09
"mcgs - (prculs-v)","lh","DPs",-0.416432662771879,0.0985882039677776,846.205293331933,-4.22396033208988,0.00158425771050219
"mcgs - (prculs-d)","lh","DPs",-0.115547151645453,0.067666342403621,806.403134446133,-1.70760155700791,0.86462765876426
"mcgs - pos","lh","DPs",0.0888098425363648,0.067666342403621,806.403134446133,1.31246701656527,0.977480623402513
"sbps - (icgs-p)","lh","DPs",0.105288620294564,0.0790019379726446,829.495348113264,1.33273465178818,0.974692000551213
"sbps - ifrms","lh","DPs",0.134952573168182,0.0676663424036211,806.403134446085,1.99438255969573,0.697308350094743
"sbps - (sspls-d)","lh","DPs",-0.189015882069366,0.089699613997809,840.42534407046,-2.10720953686582,0.617749433845102
"sbps - (sspls-v)","lh","DPs",0.270208616411726,0.075496385186944,823.909677871321,3.57909343265423,0.0187687157657845
"sbps - (prcus-a)","lh","DPs",0.103795425227273,0.0676663424036211,806.403134446085,1.53392989099583,0.930863570600527
"sbps - (prcus-i)","lh","DPs",0.0330741183181819,0.0676663424036211,806.403134446085,0.48878241594468,0.999998062501987
"sbps - (prcus-p)","lh","DPs",-0.144407118681818,0.0676663424036211,806.403134446085,-2.13410557674964,0.598247563727685
"sbps - (prculs-v)","lh","DPs",-0.11164783317188,0.0985882039677777,846.205293331933,-1.13246644809932,0.993170359470011
"sbps - (prculs-d)","lh","DPs",0.189237677954545,0.0676663424036211,806.403134446085,2.79662933199148,0.183294912584552
"sbps - pos","lh","DPs",0.393594672136364,0.0676663424036211,806.403134446085,5.81669790556466,5.66733104556683e-07
"(icgs-p) - ifrms","lh","DPs",0.0296639528736177,0.0790019379726445,829.495348113264,0.37548386324256,0.999999881793668
"(icgs-p) - (sspls-d)","lh","DPs",-0.29430450236393,0.0981602503987483,837.14757996565,-2.99820447857867,0.110812691349607
"(icgs-p) - (sspls-v)","lh","DPs",0.164919996117162,0.0857759326838322,837.351317592,1.92268379902148,0.744813854883416
"(icgs-p) - (prcus-a)","lh","DPs",-0.0014931950672914,0.0790019379726446,829.495348113264,-0.0189007397237323,1
"(icgs-p) - (prcus-i)","lh","DPs",-0.0722145019763824,0.0790019379726446,829.495348113264,-0.914085196256674,0.998984326878122
"(icgs-p) - (prcus-p)","lh","DPs",-0.249695738976383,0.0790019379726446,829.495348113264,-3.16062802235108,0.070707199569145
"(icgs-p) - (prculs-v)","lh","DPs",-0.216936453466445,0.10646323832026,845.222611434667,-2.03766536589713,0.667351634621026
"(icgs-p) - (prculs-d)","lh","DPs",0.0839490576599812,0.0790019379726446,829.495348113264,1.06262023203848,0.99604775474654
"(icgs-p) - pos","lh","DPs",0.2883060518418,0.0790019379726446,829.495348113264,3.64935417080058,0.0146840730844737
"ifrms - (sspls-d)","lh","DPs",-0.323968455237548,0.089699613997809,840.42534407046,-3.61170400627879,0.016747884138552
"ifrms - (sspls-v)","lh","DPs",0.135256043243544,0.075496385186944,823.909677871321,1.79155654815291,0.822499539332479
"ifrms - (prcus-a)","lh","DPs",-0.0311571479409091,0.0676663424036211,806.403134446085,-0.460452668699908,0.999998966112614
"ifrms - (prcus-i)","lh","DPs",-0.10187845485,0.0676663424036211,806.403134446085,-1.50560014375106,0.939020700155953
"ifrms - (prcus-p)","lh","DPs",-0.27935969185,0.0676663424036211,806.403134446085,-4.12848813644537,0.00236349067261798
"ifrms - (prculs-v)","lh","DPs",-0.246600406340062,0.0985882039677777,846.205293331933,-2.50131756554426,0.340409568535725
"ifrms - (prculs-d)","lh","DPs",0.0542851047863636,0.0676663424036211,806.403134446085,0.802246772295743,0.999705249160235
"ifrms - pos","lh","DPs",0.258642098968182,0.0676663424036211,806.403134446085,3.82231534586892,0.00784041333749164
"(sspls-d) - (sspls-v)","lh","DPs",0.459224498481092,0.0957743612871965,845.921306320733,4.79485837659648,0.000121554710830862
"(sspls-d) - (prcus-a)","lh","DPs",0.292811307296639,0.089699613997809,840.42534407046,3.2643541509977,0.0520081834728602
"(sspls-d) - (prcus-i)","lh","DPs",0.222090000387548,0.089699613997809,840.42534407046,2.4759303913278,0.3566139378855
"(sspls-d) - (prcus-p)","lh","DPs",0.0446087633875479,0.089699613997809,840.42534407046,0.497312768688587,0.999997679798164
"(sspls-d) - (prculs-v)","lh","DPs",0.0773680488974858,0.115114074772716,857.725005660533,0.672098950977483,0.999948686214537
"(sspls-d) - (prculs-d)","lh","DPs",0.378253560023912,0.089699613997809,840.42534407046,4.21689172523252,0.00163297478398949
"(sspls-d) - pos","lh","DPs",0.58261055420573,0.089699613997809,840.42534407046,6.49512888896,9.34536614760617e-09
"(sspls-v) - (prcus-a)","lh","DPs",-0.166413191184453,0.075496385186944,823.909677871321,-2.20425376357267,0.546973560915105
"(sspls-v) - (prcus-i)","lh","DPs",-0.237134498093544,0.075496385186944,823.909677871321,-3.14100466540685,0.0748160738510083
"(sspls-v) - (prcus-p)","lh","DPs",-0.414615735093544,0.075496385186944,823.909677871321,-5.49186208143441,3.4517367479836e-06
"(sspls-v) - (prculs-v)","lh","DPs",-0.381856449583606,0.103833524126657,842.421121798361,-3.67758344711304,0.0132734458268318
"(sspls-v) - (prculs-d)","lh","DPs",-0.0809709384571803,0.075496385186944,823.909677871321,-1.0725141111946,0.995714813008533
"(sspls-v) - pos","lh","DPs",0.123386055724638,0.075496385186944,823.909677871271,1.63433064270706,0.896054344137627
"(prcus-a) - (prcus-i)","lh","DPs",-0.070721306909091,0.0676663424036211,806.403134446085,-1.04514747505115,0.996580907175642
"(prcus-a) - (prcus-p)","lh","DPs",-0.248202543909091,0.0676663424036211,806.403134446085,-3.66803546774547,0.0137632745482069
"(prcus-a) - (prculs-v)","lh","DPs",-0.215443258399153,0.0985882039677777,846.205293331933,-2.18528434161929,0.560848125304906
"(prcus-a) - (prculs-d)","lh","DPs",0.0854422527272726,0.0676663424036211,806.403134446085,1.26269944099565,0.983338905926114
"(prcus-a) - pos","lh","DPs",0.289799246909091,0.0676663424036211,806.403134446085,4.28276801456883,0.0012414073870477
"(prcus-i) - (prcus-p)","lh","DPs",-0.177481237,0.0676663424036211,806.403134446085,-2.62288799269432,0.268497140005022
"(prcus-i) - (prculs-v)","lh","DPs",-0.144721951490062,0.0985882039677777,846.205293331933,-1.46794388847334,0.948805475283837
"(prcus-i) - (prculs-d)","lh","DPs",0.156163559636364,0.0676663424036211,806.403134446085,2.3078469160468,0.47176314726436
"(prcus-i) - pos","lh","DPs",0.360520553818182,0.0676663424036211,806.403134446085,5.32791548961998,8.36243412261073e-06
"(prcus-p) - (prculs-v)","lh","DPs",0.0327592855099379,0.0985882039677777,846.205293331933,0.332284027819848,0.999999968175086
"(prcus-p) - (prculs-d)","lh","DPs",0.333644796636364,0.0676663424036211,806.403134446085,4.93073490874112,6.34066797784438e-05
"(prcus-p) - pos","lh","DPs",0.538001790818182,0.0676663424036211,806.403134446085,7.95080348231429,6.09179373611823e-13
"(prculs-v) - (prculs-d)","lh","DPs",0.300885511126426,0.0985882039677777,846.205293331933,3.05194231172693,0.0958884604141468
"(prculs-v) - pos","lh","DPs",0.505242505308244,0.0985882039677777,846.205293331933,5.12477644357307,2.37647153934484e-05
"(prculs-d) - pos","lh","DPs",0.204356994181818,0.0676663424036211,806.403134446085,3.02006857357318,0.104613394613839
"mcgs - sbps","rh","DPs",-0.319413028895455,0.0676663424036212,806.403134446085,-4.72041221010878,0.000174385706940394
"mcgs - (icgs-p)","rh","DPs",-0.0793784046018125,0.0789996481073041,829.880172471002,-1.00479440736235,0.997591050817655
"mcgs - ifrms","rh","DPs",-0.150325694122728,0.0676663424036211,806.403134446085,-2.22157262802908,0.534316500953743
"mcgs - (sspls-d)","rh","DPs",-0.238869367388547,0.0863702400516953,838.618884638673,-2.76564436136308,0.19682894611608
"mcgs - (sspls-v)","rh","DPs",-0.210563762590051,0.0897015305850591,841.436636627608,-2.34738204818461,0.443629702732069
"mcgs - (prcus-a)","rh","DPs",-0.117534055759092,0.0676663424036212,806.403134446085,-1.7369648126984,0.850620109559271
"mcgs - (prcus-i)","rh","DPs",-0.269883553409092,0.0676663424036211,806.403134446085,-3.98844601056269,0.0041449472337145
"mcgs - (prcus-p)","rh","DPs",-0.432479811486364,0.0676663424036211,806.403134446085,-6.39135789114591,1.82981914065294e-08
"mcgs - (prculs-v)","rh","DPs",-0.449983093108186,0.0937018069971278,843.763213266197,-4.80228831789743,0.000117351995921333
"mcgs - (prculs-d)","rh","DPs",-0.269682942122728,0.0676663424036212,806.403134446085,-3.98548129754233,0.00419353341950435
"mcgs - pos","rh","DPs",0.0960162468772721,0.0676663424036212,806.403134446085,1.41896611323466,0.95973696808417
"sbps - (icgs-p)","rh","DPs",0.240034624293643,0.0789996481073041,829.880172470952,3.0384264999207,0.0995129303960578
"sbps - ifrms","rh","DPs",0.169087334772727,0.0676663424036211,806.403134446085,2.49883958207971,0.342050023116036
"sbps - (sspls-d)","rh","DPs",0.0805436615069083,0.0863702400516952,838.618884638673,0.932539511974268,0.998778148653271
"sbps - (sspls-v)","rh","DPs",0.108849266305404,0.0897015305850591,841.436636627608,1.21346052397833,0.987891517001259
"sbps - (prcus-a)","rh","DPs",0.201878973136364,0.0676663424036211,806.403134446085,2.98344739741039,0.115283498399989
"sbps - (prcus-i)","rh","DPs",0.0495294754863636,0.0676663424036211,806.403134446085,0.7319661995461,0.999879708433844
"sbps - (prcus-p)","rh","DPs",-0.113066782590909,0.0676663424036211,806.403134446085,-1.67094568103712,0.880979738694546
"sbps - (prculs-v)","rh","DPs",-0.130570064212731,0.0937018069971278,843.763213266197,-1.39346367372331,0.964720548396006
"sbps - (prculs-d)","rh","DPs",0.0497300867727274,0.0676663424036211,806.403134446085,0.734930912566453,0.999874809416279
"sbps - pos","rh","DPs",0.415429275772727,0.0676663424036211,806.403134446085,6.13937832334345,8.53861610305984e-08
"(icgs-p) - ifrms","rh","DPs",-0.0709472895209155,0.078999648107304,829.880172470952,-0.898070956272474,0.999138554036582
"(icgs-p) - (sspls-d)","rh","DPs",-0.159490962786734,0.0954776761379245,845.021680631189,-1.67045291881987,0.881218299815728
"(icgs-p) - (sspls-v)","rh","DPs",-0.131185357988238,0.0983731704106673,843.101737085213,-1.33354813553933,0.974578975815748
"(icgs-p) - (prcus-a)","rh","DPs",-0.0381556511572791,0.0789996481073041,829.880172470952,-0.482985077420253,0.999998291884974
"(icgs-p) - (prcus-i)","rh","DPs",-0.190505148807279,0.0789996481073041,829.880172470952,-2.41146832133377,0.399311931644032
"(icgs-p) - (prcus-p)","rh","DPs",-0.353101406884552,0.078999648107304,829.880172470952,-4.46965797119678,0.000548098849819767
"(icgs-p) - (prculs-v)","rh","DPs",-0.370604688506373,0.102139876238889,847.045286580704,-3.6284035398632,0.0157920124342548
"(icgs-p) - (prculs-d)","rh","DPs",-0.190304537520915,0.0789996481073041,829.880172470952,-2.40892892665075,0.401035365097365
"(icgs-p) - pos","rh","DPs",0.175394651479085,0.0789996481073041,829.880172470952,2.22019535126091,0.53530642044135
"ifrms - (sspls-d)","rh","DPs",-0.088543673265819,0.0863702400516952,838.618884638673,-1.02516414465009,0.997119346167304
"ifrms - (sspls-v)","rh","DPs",-0.0602380684673229,0.0897015305850591,841.436636627608,-0.671538914380089,0.999949091821666
"ifrms - (prcus-a)","rh","DPs",0.0327916383636364,0.0676663424036211,806.403134446085,0.484607815330677,0.999998229291371
"ifrms - (prcus-i)","rh","DPs",-0.119557859286364,0.067666342403621,806.403134446085,-1.76687338253362,0.835537989000698
"ifrms - (prcus-p)","rh","DPs",-0.282154117363637,0.067666342403621,806.403134446085,-4.16978526311683,0.00199436134498743
"ifrms - (prculs-v)","rh","DPs",-0.299657398985458,0.0937018069971277,843.763213266197,-3.19798954351695,0.0633934032420557
"ifrms - (prculs-d)","rh","DPs",-0.119357248,0.0676663424036211,806.403134446085,-1.76390866951326,0.83706913515178
"ifrms - pos","rh","DPs",0.246341941,0.0676663424036211,806.403134446085,3.64053874126374,0.0151689847438812
"(sspls-d) - (sspls-v)","rh","DPs",0.028305604798496,0.10506830287249,859.73967512971,0.26940194163836,0.999999996703376
"(sspls-d) - (prcus-a)","rh","DPs",0.121335311629455,0.0863702400516953,838.618884638673,1.40482776888003,0.962565014473503
"(sspls-d) - (prcus-i)","rh","DPs",-0.0310141860205446,0.0863702400516952,838.618884638673,-0.359084170681727,0.999999926754323
"(sspls-d) - (prcus-p)","rh","DPs",-0.193610444097817,0.0863702400516952,838.618884638673,-2.24163373844898,0.519642956387453
"(sspls-d) - (prculs-v)","rh","DPs",-0.211113725719639,0.108176159858629,855.111746395189,-1.95157348897886,0.726042739592263
"(sspls-d) - (prculs-d)","rh","DPs",-0.0308135747341809,0.0863702400516952,838.618884638673,-0.356761480757006,0.999999931678673
"(sspls-d) - pos","rh","DPs",0.334885614265819,0.0863702400516952,838.618884638673,3.8773264270816,0.00635471303859214
"(sspls-v) - (prcus-a)","rh","DPs",0.0930297068309593,0.0897015305850591,841.436636627608,1.0371027810138,0.996808422509468
"(sspls-v) - (prcus-i)","rh","DPs",-0.0593197908190407,0.089701530585059,841.436636627608,-0.661301880047532,0.999956385441113
"(sspls-v) - (prcus-p)","rh","DPs",-0.221916048896314,0.089701530585059,841.436636627608,-2.47393826447457,0.357898362323017
"(sspls-v) - (prculs-v)","rh","DPs",-0.239419330518135,0.110456249679795,847.536061590825,-2.16754897266742,0.573826427236988
"(sspls-v) - (prculs-d)","rh","DPs",-0.059119179532677,0.0897015305850591,841.436636627608,-0.65906544901837,0.999957850044176
"(sspls-v) - pos","rh","DPs",0.306580009467323,0.0897015305850591,841.436636627608,3.41777902191546,0.0321500731747593
"(prcus-a) - (prcus-i)","rh","DPs",-0.15234949765,0.0676663424036211,806.403134446085,-2.25148119786429,0.512495461749391
"(prcus-a) - (prcus-p)","rh","DPs",-0.314945755727273,0.0676663424036211,806.403134446085,-4.65439307844751,0.00023742518138592
"(prcus-a) - (prculs-v)","rh","DPs",-0.332449037349094,0.0937018069971278,843.763213266197,-3.54794691802779,0.0208600561661791
"(prcus-a) - (prculs-d)","rh","DPs",-0.152148886363636,0.0676663424036211,806.403134446085,-2.24851648484394,0.514653884751254
"(prcus-a) - pos","rh","DPs",0.213550302636364,0.0676663424036211,806.403134446085,3.15593092593307,0.0717186595025974
"(prcus-i) - (prcus-p)","rh","DPs",-0.162596258077273,0.067666342403621,806.403134446085,-2.40291188058322,0.405167723437034
"(prcus-i) - (prculs-v)","rh","DPs",-0.180099539699094,0.0937018069971277,843.763213266197,-1.92204980320833,0.745222715736255
"(prcus-i) - (prculs-d)","rh","DPs",0.000200611286363742,0.067666342403621,806.403134446085,0.00296471302035392,1
"(prcus-i) - pos","rh","DPs",0.365899800286364,0.0676663424036211,806.403134446085,5.40741212379736,5.47756876767558e-06
"(prcus-p) - (prculs-v)","rh","DPs",-0.0175032816218215,0.0937018069971277,843.763213266197,-0.186797695612829,0.999999999938834
"(prcus-p) - (prculs-d)","rh","DPs",0.162796869363637,0.067666342403621,806.403134446085,2.40587659360357,0.403148079291293
"(prcus-p) - pos","rh","DPs",0.528496058363636,0.067666342403621,806.403134446085,7.81032400438057,1.35458311234515e-12
"(prculs-v) - (prculs-d)","rh","DPs",0.180300150985458,0.0937018069971278,843.763213266197,1.92419075750572,0.743850189143223
"(prculs-v) - pos","rh","DPs",0.545999339985458,0.0937018069971278,843.763213266197,5.82698837389758,5.25916332039245e-07
"(prculs-d) - pos","rh","DPs",0.365699189,0.0676663424036211,806.403134446085,5.404447410777,5.56525894113147e-06
