"contrast","hemi","label","estimate","SE","df","t.ratio","p.value"
"Controls - DPs","lh","mcgs",-0.00621469503636795,0.073140571097495,519.670743691821,-0.0849691893721186,0.932318609280096
"Controls - DPs","rh","mcgs",0.0251356302595296,0.0731405710974948,519.670743691781,0.343661935945569,0.7312395368787
"Controls - DPs","lh","sbps",-0.0864149190363643,0.0731405710974948,519.670743691801,-1.1814908981388,0.237948159855075
"Controls - DPs","rh","sbps",-0.0844038463287278,0.0731405710974948,519.670743691801,-1.15399490408981,0.249032689683094
"Controls - DPs","lh","icgs-p",-0.0695733417318709,0.094662705984486,754.560571241473,-0.734960415596751,0.462591956185663
"Controls - DPs","rh","icgs-p",0.0639872197529693,0.0931202422079083,743.03843220443,0.687146191159017,0.492205014301705
"Controls - DPs","lh","ifrms",-0.0836309623481824,0.0731405710974948,519.670743691801,-1.14342780064848,0.253387469978172
"Controls - DPs","rh","ifrms",-0.0232680109864006,0.0731405710974948,519.670743691801,-0.318127280622199,0.750516190910326
"Controls - DPs","lh","sspls-d",-0.257356436599944,0.103756651399034,808.565153406841,-2.48038495007116,0.0133265583650016
"Controls - DPs","rh","sspls-d",-0.0407929172897754,0.102554823337726,802.736797714188,-0.397766930526897,0.690907748716231
"Controls - DPs","lh","sspls-v",-0.0265028868898636,0.0836618801443347,654.651138028861,-0.316785695517964,0.751507210865675
"Controls - DPs","rh","sspls-v",0.32545206320401,0.098179273273844,778.006398246155,3.31487545539527,0.0009592982520983
"Controls - DPs","lh","prcus-a",-0.0711460605490916,0.0731405710974948,519.670743691801,-0.972730448799142,0.33113983309455
"Controls - DPs","rh","prcus-a",-0.0472049958163642,0.0731405710974948,519.670743691801,-0.645400973878655,0.518952218576566
"Controls - DPs","lh","prcus-i",0.0869751429618178,0.0731405710974948,519.670743691801,1.18915044901525,0.234923534246481
"Controls - DPs","rh","prcus-i",0.0271171179736357,0.0731405710974948,519.670743691801,0.370753435018838,0.71097226673791
"Controls - DPs","lh","prcus-p",0.037300482841817,0.0731405710974948,519.670743691801,0.509983478145068,0.610279557819132
"Controls - DPs","rh","prcus-p",0.0363222335363626,0.0731405710974947,519.670743691801,0.49660855789526,0.619675116510533
"Controls - DPs","lh","prculs-v",-0.0919753170847451,0.116855002779755,855.094151885887,-0.787089255032557,0.431447712730236
"Controls - DPs","rh","prculs-v",0.190231626242788,0.118466922858649,858.890241312042,1.60577840339253,0.108690183794337
"Controls - DPs","lh","prculs-d",0.0508716447181808,0.0731405710974948,519.670743691801,0.695532506170481,0.487032552663145
"Controls - DPs","rh","prculs-d",0.00699298945999921,0.0731405710974948,519.670743691801,0.095610266027014,0.923866968272201
"Controls - DPs","lh","pos",-0.0781780760600004,0.0731405710974948,519.670743691801,-1.0688742907926,0.285622557277576
"Controls - DPs","rh","pos",0.0150682266599994,0.0731405710974948,519.670743691801,0.206017350341902,0.836858041687772
