"label","hemi","group","emmean","SE","df","t.ratio","p.value","adjustment"
"mcgs","lh","Controls",-0.094791823000003,0.050040398379771,519.67074369184,-1.89430592219911,0.704872474147277,"Bonferroni x12 (sulci within hemisphere and group)"
"sbps","lh","Controls",0.1297927826,0.0500403983797707,519.670743691801,2.5937599779875,0.117132471468193,"Bonferroni x12 (sulci within hemisphere and group)"
"icgs-p","lh","Controls",0.0413457396099287,0.0667304572492518,774.226858777152,0.619593230951408,1,"Bonferroni x12 (sulci within hemisphere and group)"
"ifrms","lh","Controls",-0.00237583388000052,0.0500403983797707,519.670743691801,-0.0474783166586655,1,"Bonferroni x12 (sulci within hemisphere and group)"
"sspls-d","lh","Controls",0.147867147105786,0.0667282112903331,774.27568287961,2.21596149883921,0.323810461947163,"Bonferroni x12 (sulci within hemisphere and group)"
"sspls-v","lh","Controls",-0.0805038016652256,0.0550712105987527,617.894451431589,-1.46181281998273,1,"Bonferroni x12 (sulci within hemisphere and group)"
"prcus-a","lh","Controls",0.0412662158599993,0.0500403983797706,519.670743691801,0.824658020242333,1,"Bonferroni x12 (sulci within hemisphere and group)"
"prcus-i","lh","Controls",0.27010872628,0.0500403983797707,519.670743691781,5.39781326739385,1.23281836981894e-06,"Bonferroni x12 (sulci within hemisphere and group)"
"prcus-p","lh","Controls",0.397915303159999,0.0500403983797707,519.670743691781,7.95188120086711,1.3844502668536e-13,"Bonferroni x12 (sulci within hemisphere and group)"
"prculs-v","lh","Controls",0.235880217723499,0.0752907028582352,835.019477462526,3.13292622819098,0.0214935399370722,"Bonferroni x12 (sulci within hemisphere and group)"
"prculs-d","lh","Controls",0.0778416683999992,0.0500403983797706,519.670743691801,1.55557651258563,1,"Bonferroni x12 (sulci within hemisphere and group)"
"pos","lh","Controls",-0.25556504656,0.0500403983797707,519.670743691801,-5.10717449970013,5.51793053582997e-06,"Bonferroni x12 (sulci within hemisphere and group)"
"mcgs","rh","Controls",-0.0612043983631982,0.0500403983797706,519.670743691742,-1.22309974230623,1,"Bonferroni x12 (sulci within hemisphere and group)"
"sbps","rh","Controls",0.148669153944,0.0500403983797707,519.670743691781,2.97098262119553,0.0372704299677382,"Bonferroni x12 (sulci within hemisphere and group)"
"icgs-p","rh","Controls",0.0570255957320539,0.0645264855048234,752.039721936601,0.88375486880951,1,"Bonferroni x12 (sulci within hemisphere and group)"
"ifrms","rh","Controls",0.0407176545135995,0.0500403983797706,519.670743691781,0.813695650553814,1,"Bonferroni x12 (sulci within hemisphere and group)"
"sspls-d","rh","Controls",0.111736421476044,0.0692163683464196,795.704028474854,1.61430632876918,1,"Bonferroni x12 (sulci within hemisphere and group)"
"sspls-v","rh","Controls",0.449675797171333,0.0576718071079831,661.63220981194,7.79715115098392,2.96093156091463e-13,"Bonferroni x12 (sulci within hemisphere and group)"
"prcus-a","rh","Controls",-0.0160109686800005,0.0500403983797706,519.670743691781,-0.319960855596887,1,"Bonferroni x12 (sulci within hemisphere and group)"
"prcus-i","rh","Controls",0.21066064276,0.0500403983797707,519.670743691781,4.20981146395431,0.000361427083629456,"Bonferroni x12 (sulci within hemisphere and group)"
"prcus-p","rh","Controls",0.382462016399999,0.0500403983797707,519.670743691781,7.64306497916718,1.23697018667774e-12,"Bonferroni x12 (sulci within hemisphere and group)"
"prculs-v","rh","Controls",0.553874690728246,0.0835919577524823,866.917273872237,6.62593275262534,7.26518059264675e-10,"Bonferroni x12 (sulci within hemisphere and group)"
"prculs-d","rh","Controls",0.190335902959999,0.0500403983797707,519.670743691781,3.80364483742688,0.00191431912758148,"Bonferroni x12 (sulci within hemisphere and group)"
"pos","rh","Controls",-0.167288048840001,0.0500403983797706,519.670743691781,-3.34305989273716,0.0106599636250588,"Bonferroni x12 (sulci within hemisphere and group)"
"mcgs","lh","DPs",-0.0885771279636351,0.0533432439064361,519.670743691821,-1.66051258747967,1,"Bonferroni x12 (sulci within hemisphere and group)"
"sbps","lh","DPs",0.216207701636364,0.0533432439064361,519.670743691821,4.05314123782182,0.000699217401767401,"Bonferroni x12 (sulci within hemisphere and group)"
"icgs-p","lh","DPs",0.1109190813418,0.0671421922460909,734.529506197138,1.6520026771729,1,"Bonferroni x12 (sulci within hemisphere and group)"
"ifrms","lh","DPs",0.0812551284681819,0.0533432439064361,519.670743691821,1.52325060340731,1,"Bonferroni x12 (sulci within hemisphere and group)"
"sspls-d","lh","DPs",0.40522358370573,0.0794530586417752,830.376709803817,5.10016342520852,5.04781171179537e-06,"Bonferroni x12 (sulci within hemisphere and group)"
"sspls-v","lh","DPs",-0.054000914775362,0.0629799329348076,683.001839391623,-0.85743049030014,1,"Bonferroni x12 (sulci within hemisphere and group)"
"prcus-a","lh","DPs",0.112412276409091,0.0533432439064361,519.670743691821,2.10733859017389,0.426800642279775,"Bonferroni x12 (sulci within hemisphere and group)"
"prcus-i","lh","DPs",0.183133583318182,0.0533432439064361,519.670743691801,3.43311673432155,0.00773155341015279,"Bonferroni x12 (sulci within hemisphere and group)"
"prcus-p","lh","DPs",0.360614820318182,0.0533432439064362,519.670743691821,6.7602716653434,4.45354892546496e-10,"Bonferroni x12 (sulci within hemisphere and group)"
"prculs-v","lh","DPs",0.327855534808244,0.0893666701727752,867.217458058319,3.66865559804781,0.00310442490419037,"Bonferroni x12 (sulci within hemisphere and group)"
"prculs-d","lh","DPs",0.0269700236818184,0.0533432439064361,519.670743691801,0.505593992917335,1,"Bonferroni x12 (sulci within hemisphere and group)"
"pos","lh","DPs",-0.1773869705,0.0533432439064361,519.670743691821,-3.32538776252783,0.0113440049719528,"Bonferroni x12 (sulci within hemisphere and group)"
"mcgs","rh","DPs",-0.0863400286227279,0.0533432439064363,519.670743691801,-1.61857476785941,1,"Bonferroni x12 (sulci within hemisphere and group)"
"sbps","rh","DPs",0.233073000272727,0.0533432439064361,519.670743691821,4.36930683633595,0.000180660356121116,"Bonferroni x12 (sulci within hemisphere and group)"
"icgs-p","rh","DPs",-0.00696162402091535,0.0671394978924874,734.631894911073,-0.103688949715758,1,"Bonferroni x12 (sulci within hemisphere and group)"
"ifrms","rh","DPs",0.0639856655000001,0.0533432439064361,519.670743691821,1.19950833159361,1,"Bonferroni x12 (sulci within hemisphere and group)"
"sspls-d","rh","DPs",0.152529338765819,0.0756742105526374,808.491400588001,2.01560528549846,0.530060246931377,"Bonferroni x12 (sulci within hemisphere and group)"
"sspls-v","rh","DPs",0.124223733967323,0.0794552223927398,830.482280041578,1.56344328574523,1,"Bonferroni x12 (sulci within hemisphere and group)"
"prcus-a","rh","DPs",0.0311940271363637,0.0533432439064362,519.670743691821,0.584779343211259,1,"Bonferroni x12 (sulci within hemisphere and group)"
"prcus-i","rh","DPs",0.183543524786364,0.0533432439064362,519.670743691801,3.44080170880306,0.00752005274918691,"Bonferroni x12 (sulci within hemisphere and group)"
"prcus-p","rh","DPs",0.346139782863637,0.053343243906436,519.670743691821,6.48891513742144,2.42251873682591e-09,"Bonferroni x12 (sulci within hemisphere and group)"
"prculs-v","rh","DPs",0.363643064485458,0.083945198854398,850.106350570141,4.33191021580868,0.000198561051223799,"Bonferroni x12 (sulci within hemisphere and group)"
"prculs-d","rh","DPs",0.1833429135,0.0533432439064362,519.670743691821,3.43704094602088,0.00762287020377415,"Bonferroni x12 (sulci within hemisphere and group)"
"pos","rh","DPs",-0.1823562755,0.0533432439064362,519.670743691821,-3.41854492051237,0.0081479040150824,"Bonferroni x12 (sulci within hemisphere and group)"
