"contrast","hemi","estimate","SE","df","t.ratio","p.value"
"mcgs - sbps","lh",-0.784473090260822,0.170649693584053,1281.22482877664,-4.5969791904398,0.000293700771248573
"mcgs - (icgs-p)","lh",-0.352703570152336,0.192453995548041,1301.42214097053,-1.8326643162069,0.799788438787751
"mcgs - ifrms","lh",-0.253315961157688,0.170649693584053,1281.22482877664,-1.48442083801878,0.944831540621076
"mcgs - (sspls-d)","lh",-0.795247259203835,0.214434374551943,1314.02862731396,-3.7085810559314,0.0116538921977973
"mcgs - (sspls-v)","lh",-0.0360655133094119,0.19245784078443,1301.36704359205,-0.187394356927285,0.9999999999373
"mcgs - (prcus-a)","lh",-0.511862891672488,0.170649693584053,1281.22482877664,-2.99949493563181,0.109772915214541
"mcgs - (prcus-i)","lh",-0.615066549713258,0.170649693584053,1281.22482877664,-3.60426401475082,0.0169167360161098
"mcgs - (prcus-p)","lh",-1.25818805185246,0.170649693584053,1281.22482877664,-7.37292886630785,1.90158999657797e-11
"mcgs - (prculs-v)","lh",-1.69682995812535,0.216712494022517,1315.17179219769,-7.82986678169578,6.94000412693185e-13
"mcgs - (prculs-d)","lh",0.362940954924553,0.170649693584053,1281.22482877664,2.1268186734,0.603457344579726
"mcgs - pos","lh",1.06332486848353,0.170649693584053,1281.22482877664,6.23103883840136,4.12854777032123e-08
"sbps - (icgs-p)","lh",0.431769520108486,0.192453995548042,1301.42214097041,2.24349470572932,0.518049042718453
"sbps - ifrms","lh",0.531157129103134,0.170649693584055,1281.22482877664,3.11255835242099,0.0804707285279884
"sbps - (sspls-d)","lh",-0.0107741689430126,0.214434374551944,1314.02862731396,-0.0502445979825997,1
"sbps - (sspls-v)","lh",0.74840757695141,0.192457840784431,1301.36704359193,3.88868322486113,0.00594436968858392
"sbps - (prcus-a)","lh",0.272610198588334,0.170649693584055,1281.22482877664,1.59748425480798,0.910124806565791
"sbps - (prcus-i)","lh",0.169406540547564,0.170649693584055,1281.22482877664,0.992715175688967,0.997852504264068
"sbps - (prcus-p)","lh",-0.473714961591634,0.170649693584055,1281.22482877664,-2.77594967586801,0.191529146978258
"sbps - (prculs-v)","lh",-0.912356867864526,0.216712494022518,1315.17179219769,-4.20998739357282,0.00162517770833726
"sbps - (prculs-d)","lh",1.14741404518537,0.170649693584055,1281.22482877664,6.72379786383973,1.75266778867922e-09
"sbps - pos","lh",1.84779795874435,0.170649693584055,1281.22482877664,10.828018028841,0
"(icgs-p) - ifrms","lh",0.099387608994648,0.192453995548042,1301.42214097041,0.516422684349195,0.999996590050274
"(icgs-p) - (sspls-d)","lh",-0.442543689051499,0.232039683671709,1319.97610811359,-1.90718967570052,0.754805191697065
"(icgs-p) - (sspls-v)","lh",0.316638056842924,0.212175873220983,1315.09652577345,1.49233771039152,0.942779258947846
"(icgs-p) - (prcus-a)","lh",-0.159159321520152,0.192453995548042,1301.42214097041,-0.826999309974945,0.999608340980206
"(icgs-p) - (prcus-i)","lh",-0.262362979560922,0.192453995548042,1301.42214097041,-1.36325036439905,0.970103924810406
"(icgs-p) - (prcus-p)","lh",-0.90548448170012,0.192453995548042,1301.42214097041,-4.70493989548834,0.000176824858053815
"(icgs-p) - (prculs-v)","lh",-1.34412638797301,0.234407841301868,1323.67392289928,-5.73413577168717,7.94175816998255e-07
"(icgs-p) - (prculs-d)","lh",0.715644525076889,0.192453995548042,1301.42214097041,3.71852256451721,0.0112438581796118
"(icgs-p) - pos","lh",1.41602843863586,0.192453995548042,1301.42214097041,7.35775027483065,2.16721085521954e-11
"ifrms - (sspls-d)","lh",-0.541931298046147,0.214434374551944,1314.02862731396,-2.5272594432609,0.323675599495222
"ifrms - (sspls-v)","lh",0.217250447848276,0.192457840784431,1301.36704359193,1.12882097691003,0.99338846653475
"ifrms - (prcus-a)","lh",-0.2585469305148,0.170649693584055,1281.22482877664,-1.51507409761301,0.936554790135009
"ifrms - (prcus-i)","lh",-0.36175058855557,0.170649693584055,1281.22482877664,-2.11984317673202,0.608530285709111
"ifrms - (prcus-p)","lh",-1.00487209069477,0.170649693584055,1281.22482877664,-5.88850802828901,3.26246832105248e-07
"ifrms - (prculs-v)","lh",-1.44351399696766,0.216712494022518,1315.17179219769,-6.66096342750626,2.62867216882512e-09
"ifrms - (prculs-d)","lh",0.616256916082241,0.170649693584055,1281.22482877664,3.61123951141874,0.0165084009962478
"ifrms - pos","lh",1.31664082964122,0.170649693584055,1281.22482877664,7.71545967642006,9.31033028450656e-13
"(sspls-d) - (sspls-v)","lh",0.759181745894423,0.231681802323249,1316.01144699413,3.27682941984019,0.0495602511627635
"(sspls-d) - (prcus-a)","lh",0.283384367531347,0.214434374551944,1314.02862731396,1.32154356372886,0.97636483690552
"(sspls-d) - (prcus-i)","lh",0.180180709490576,0.214434374551944,1314.02862731396,0.840260382072883,0.999544001756905
"(sspls-d) - (prcus-p)","lh",-0.462940792648622,0.214434374551944,1314.02862731396,-2.15889263843974,0.58003338895388
"(sspls-d) - (prculs-v)","lh",-0.901582698921513,0.252336860421568,1324.41533290151,-3.57293301270087,0.0188466713866132
"(sspls-d) - (prculs-d)","lh",1.15818821412839,0.214434374551944,1314.02862731396,5.40113130904686,5.10769493078378e-06
"(sspls-d) - pos","lh",1.85857212768736,0.214434374551944,1314.02862731396,8.66732365820922,0
"(sspls-v) - (prcus-a)","lh",-0.475797378363076,0.192457840784431,1301.36704359193,-2.47221613016021,0.358489394613193
"(sspls-v) - (prcus-i)","lh",-0.579001036403847,0.192457840784431,1301.36704359193,-3.00845647048684,0.107159369138007
"(sspls-v) - (prcus-p)","lh",-1.22212253854304,0.192457840784431,1301.36704359193,-6.35007923585678,1.95369975752868e-08
"(sspls-v) - (prculs-v)","lh",-1.66076444481594,0.234801973040742,1327.85034883187,-7.07304297024697,1.61089586114826e-10
"(sspls-v) - (prculs-d)","lh",0.399006468233965,0.192457840784431,1301.36704359193,2.07321492648816,0.642164158030442
"(sspls-v) - pos","lh",1.09939038179294,0.192457840784431,1301.36704359193,5.71236992637962,9.02854835338474e-07
"(prcus-a) - (prcus-i)","lh",-0.10320365804077,0.170649693584055,1281.22482877664,-0.60476907911901,0.999982547666392
"(prcus-a) - (prcus-p)","lh",-0.746325160179968,0.170649693584055,1281.22482877664,-4.37343393067599,0.00080539435576521
"(prcus-a) - (prculs-v)","lh",-1.18496706645286,0.216712494022518,1315.17179219769,-5.46792224323593,3.54649599632051e-06
"(prcus-a) - (prculs-d)","lh",0.874803846597041,0.170649693584055,1281.22482877664,5.12631360903175,2.19702841962599e-05
"(prcus-a) - pos","lh",1.57518776015602,0.170649693584055,1281.22482877664,9.23053377403307,0
"(prcus-i) - (prcus-p)","lh",-0.643121502139198,0.170649693584055,1281.22482877664,-3.76866485155698,0.00935802409855002
"(prcus-i) - (prculs-v)","lh",-1.08176340841209,0.216712494022518,1315.17179219769,-4.99169839418528,4.34824791232247e-05
"(prcus-i) - (prculs-d)","lh",0.978007504637811,0.170649693584055,1281.22482877664,5.73108268815076,8.13796847243253e-07
"(prcus-i) - pos","lh",1.67839141819679,0.170649693584055,1281.22482877664,9.83530285315208,0
"(prcus-p) - (prculs-v)","lh",-0.438641906272892,0.216712494022518,1315.17179219769,-2.02407299242892,0.676888415975542
"(prcus-p) - (prculs-d)","lh",1.62112900677701,0.170649693584055,1281.22482877664,9.49974753970774,0
"(prcus-p) - pos","lh",2.32151292033598,0.170649693584055,1281.22482877664,13.6039677047091,0
"(prculs-v) - (prculs-d)","lh",2.0597709130499,0.216712494022518,1315.17179219769,9.50462465184807,2.76445533131664e-14
"(prculs-v) - pos","lh",2.76015482660888,0.216712494022518,1315.17179219769,12.7364822183352,0
"(prculs-d) - pos","lh",0.700383913558976,0.170649693584055,1281.22482877664,4.10422016500132,0.00252640662138526
"mcgs - sbps","rh",-0.75489298229329,0.170649693584055,1281.22482877652,-4.42364100654807,0.00064508429186394
"mcgs - (icgs-p)","rh",-0.189880879880939,0.191194538891556,1301.02538977329,-0.993129202234367,0.99784480060461
"mcgs - ifrms","rh",-0.0941339344258476,0.170649693584055,1281.22482877652,-0.551620881636574,0.999993230262877
"mcgs - (sspls-d)","rh",-0.616770933798701,0.212298047363946,1313.97952556177,-2.90521246642161,0.140108164285462
"mcgs - (sspls-v)","rh",-1.20180929816066,0.212303032539791,1314.07056012591,-5.66082021431044,1.20854082041877e-06
"mcgs - (prcus-a)","rh",-0.0686464633163034,0.170649693584055,1281.22482877652,-0.402265376951825,0.999999755726539
"mcgs - (prcus-i)","rh",-0.443112745513801,0.170649693584055,1281.22482877652,-2.59662198160081,0.28253586707434
"mcgs - (prcus-p)","rh",-1.2927181197619,0.170649693584055,1281.22482877652,-7.57527360648413,3.82693876588291e-12
"mcgs - (prculs-v)","rh",-1.80274488267003,0.224285345573928,1319.14109899148,-8.03772925091005,5.82422998718357e-13
"mcgs - (prculs-d)","rh",0.440311703791604,0.170649693584055,1281.22482877652,2.5802079953617,0.291992163575143
"mcgs - pos","rh",1.39244686639015,0.170649693584055,1281.22482877652,8.15967985142784,0
"sbps - (icgs-p)","rh",0.565012102412351,0.191194538891556,1301.02538977329,2.95516862399936,0.123318705921803
"sbps - ifrms","rh",0.660759047867442,0.170649693584055,1281.22482877664,3.8720201249115,0.0063411310091166
"sbps - (sspls-d)","rh",0.138122048494589,0.212298047363946,1313.9795255619,0.650604422459921,0.999963319884487
"sbps - (sspls-v)","rh",-0.446916315867367,0.212303032539791,1314.07056012591,-2.10508682104483,0.619228306966823
"sbps - (prcus-a)","rh",0.686246518976986,0.170649693584055,1281.22482877664,4.02137562959625,0.00353349478233711
"sbps - (prcus-i)","rh",0.311780236779489,0.170649693584055,1281.22482877664,1.82701902494726,0.803014153299051
"sbps - (prcus-p)","rh",-0.537825137468606,0.170649693584055,1281.22482877664,-3.15163259993605,0.0719674306008089
"sbps - (prculs-v)","rh",-1.04785190037674,0.224285345573928,1319.14109899148,-4.67195882858673,0.000206387933665675
"sbps - (prculs-d)","rh",1.19520468608489,0.170649693584055,1281.22482877664,7.00384900190977,2.63847832471242e-10
"sbps - pos","rh",2.14733984868344,0.170649693584055,1281.22482877664,12.5833208579759,0
"(icgs-p) - ifrms","rh",0.095746945455091,0.191194538891556,1301.02538977329,0.500782846676379,0.999997527364304
"(icgs-p) - (sspls-d)","rh",-0.426890053917762,0.22890947090934,1318.74767758857,-1.86488594037611,0.780860408603337
"(icgs-p) - (sspls-v)","rh",-1.01192841827972,0.229461940291628,1325.30945043654,-4.41000549805182,0.000683640413640774
"(icgs-p) - (prcus-a)","rh",0.121234416564635,0.191194538891556,1301.02538977329,0.634089327380832,0.999971729559312
"(icgs-p) - (prcus-i)","rh",-0.253231865632862,0.191194538891556,1301.02538977329,-1.32447227363797,0.975959630939069
"(icgs-p) - (prcus-p)","rh",-1.10283723988096,0.191194538891556,1301.02538977329,-5.76814194733082,6.55398388449413e-07
"(icgs-p) - (prculs-v)","rh",-1.61286400278909,0.240554663437208,1327.97672000694,-6.7047712970657,1.96081773040646e-09
"(icgs-p) - (prculs-d)","rh",0.630192583672542,0.191194538891556,1301.02538977329,3.29608045986074,0.0467192454551927
"(icgs-p) - pos","rh",1.58232774627109,0.191194538891556,1301.02538977329,8.2760091132549,0
"ifrms - (sspls-d)","rh",-0.522636999372853,0.212298047363946,1313.9795255619,-2.46180784921157,0.365257098062665
"ifrms - (sspls-v)","rh",-1.10767536373481,0.212303032539791,1314.07056012591,-5.21742600886872,1.36226704026132e-05
"ifrms - (prcus-a)","rh",0.0254874711095442,0.170649693584055,1281.22482877664,0.149355504684748,0.999999999994823
"ifrms - (prcus-i)","rh",-0.348978811087953,0.170649693584055,1281.22482877664,-2.04500109996424,0.66220918230457
"ifrms - (prcus-p)","rh",-1.19858418533605,0.170649693584055,1281.22482877664,-7.02365272484755,2.30129582057259e-10
"ifrms - (prculs-v)","rh",-1.70861094824418,0.224285345573928,1319.14109899148,-7.61802312082399,3.60933505305638e-12
"ifrms - (prculs-d)","rh",0.534445638217451,0.170649693584055,1281.22482877664,3.13182887699828,0.076179482671886
"ifrms - pos","rh",1.486580800816,0.170649693584055,1281.22482877664,8.71130073306441,0
"(sspls-d) - (sspls-v)","rh",-0.585038364361956,0.247788710805074,1335.13277144452,-2.36103720165922,0.433636856863817
"(sspls-d) - (prcus-a)","rh",0.548124470482397,0.212298047363946,1313.9795255619,2.58186298596868,0.291001592218484
"(sspls-d) - (prcus-i)","rh",0.1736581882849,0.212298047363946,1313.9795255619,0.817992395319561,0.999647490865335
"(sspls-d) - (prcus-p)","rh",-0.675947185963196,0.212298047363946,1313.9795255619,-3.18395385335037,0.0654816903961016
"(sspls-d) - (prculs-v)","rh",-1.18597394887133,0.257121302629512,1327.51109090545,-4.61250754699313,0.000272431721137445
"(sspls-d) - (prculs-d)","rh",1.0570826375903,0.212298047363946,1313.9795255619,4.97923862567671,4.62972957371299e-05
"(sspls-d) - pos","rh",2.00921780018885,0.212298047363946,1313.9795255619,9.46413697693796,6.28608276542764e-13
"(sspls-v) - (prcus-a)","rh",1.13316283484435,0.212303032539791,1314.07056012591,5.3374783265612,7.20162059164586e-06
"(sspls-v) - (prcus-i)","rh",0.758696552646856,0.212303032539791,1314.07056012591,3.57364915409136,0.0188042064719497
"(sspls-v) - (prcus-p)","rh",-0.0909088216012397,0.212303032539791,1314.07056012591,-0.428203123213518,0.999999525519041
"(sspls-v) - (prculs-v)","rh",-0.600935584509372,0.25635731334211,1320.00756839609,-2.34413279135681,0.445540740617116
"(sspls-v) - (prculs-d)","rh",1.64212100195226,0.212303032539791,1314.07056012591,7.73479767249431,1.73783210044576e-12
"(sspls-v) - pos","rh",2.5942561645508,0.212303032539791,1314.07056012591,12.2195907119912,2.8643754035329e-13
"(prcus-a) - (prcus-i)","rh",-0.374466282197497,0.170649693584055,1281.22482877664,-2.19435660464899,0.554044758277091
"(prcus-a) - (prcus-p)","rh",-1.22407165644559,0.170649693584055,1281.22482877664,-7.1730082295323,8.09501354837039e-11
"(prcus-a) - (prculs-v)","rh",-1.73409841935372,0.224285345573928,1319.14109899148,-7.73166171385968,1.78057568689383e-12
"(prcus-a) - (prculs-d)","rh",0.508958167107907,0.170649693584055,1281.22482877664,2.98247337231353,0.114836472077812
"(prcus-a) - pos","rh",1.46109332970645,0.170649693584055,1281.22482877664,8.56194522837965,0
"(prcus-i) - (prcus-p)","rh",-0.849605374248095,0.170649693584055,1281.22482877664,-4.97865162488331,4.6576768740092e-05
"(prcus-i) - (prculs-v)","rh",-1.35963213715623,0.224285345573928,1319.14109899148,-6.0620640803662,1.1511524444785e-07
"(prcus-i) - (prculs-d)","rh",0.883424449305404,0.170649693584055,1281.22482877664,5.17682997696251,1.69072682271176e-05
"(prcus-i) - pos","rh",1.83555961190395,0.170649693584055,1281.22482877664,10.7563018330286,0
"(prcus-p) - (prculs-v)","rh",-0.510026762908132,0.224285345573928,1319.14109899148,-2.27400841371519,0.495822886181042
"(prcus-p) - (prculs-d)","rh",1.7330298235535,0.170649693584055,1281.22482877664,10.1554816018458,0
"(prcus-p) - pos","rh",2.68516498615204,0.170649693584055,1281.22482877664,15.734953457912,0
"(prculs-v) - (prculs-d)","rh",2.24305658646163,0.224285345573928,1319.14109899148,10.0009056798688,4.10560474506383e-13
"(prculs-v) - pos","rh",3.19519174906018,0.224285345573928,1319.14109899148,14.2461012817576,3.0053737276603e-13
"(prculs-d) - pos","rh",0.952135162598545,0.170649693584055,1281.22482877664,5.57947185606613,1.92044979829831e-06
