"label","hemi","emmean","SE","df","t.ratio","p.value","adjustment"
"mcgs","lh",-0.131106607706528,0.141843112686759,622.762114286097,-0.924307181527092,1,"Bonferroni x12 (sulci within hemisphere)"
"sbps","lh",0.653366482554294,0.141843112686762,622.762114286012,4.60626159549354,5.96806532356499e-05,"Bonferroni x12 (sulci within hemisphere)"
"icgs-p","lh",0.221596962445808,0.167441605041111,904.696195190462,1.32342832231811,1,"Bonferroni x12 (sulci within hemisphere)"
"ifrms","lh",0.12220935345116,0.141843112686762,622.762114286012,0.861581159185643,1,"Bonferroni x12 (sulci within hemisphere)"
"sspls-d","lh",0.664140651497307,0.192302500466897,1114.94377708034,3.453624627266,0.00688651846214839,"Bonferroni x12 (sulci within hemisphere)"
"sspls-v","lh",-0.0950410943971163,0.167446024663898,904.673645815258,-0.567592420231445,1,"Bonferroni x12 (sulci within hemisphere)"
"prcus-a","lh",0.38075628396596,0.141843112686762,622.762114286012,2.68434805718625,0.0895258965590787,"Bonferroni x12 (sulci within hemisphere)"
"prcus-i","lh",0.48395994200673,0.141843112686762,622.762114286012,3.41193825233855,0.00824169536994625,"Bonferroni x12 (sulci within hemisphere)"
"prcus-p","lh",1.12708144414593,0.141843112686762,622.762114286012,7.94597229852753,1.08681614591047e-13,"Bonferroni x12 (sulci within hemisphere)"
"prculs-v","lh",1.56572335041882,0.194839564159329,1131.98929144703,8.03596208590601,2.78163120388687e-14,"Bonferroni x12 (sulci within hemisphere)"
"prculs-d","lh",-0.494047562631081,0.141843112686762,622.762114286012,-3.48305640840037,0.00636558805170515,"Bonferroni x12 (sulci within hemisphere)"
"pos","lh",-1.19443147619006,0.141843112686762,622.762114286012,-8.42079289974248,3.09413741955628e-15,"Bonferroni x12 (sulci within hemisphere)"
"mcgs","rh",-0.0784325422850297,0.141843112686762,622.762114286012,-0.552952771547221,1,"Bonferroni x12 (sulci within hemisphere)"
"sbps","rh",0.67646044000826,0.141843112686762,622.762114286012,4.76907498146996,2.7684416485198e-05,"Bonferroni x12 (sulci within hemisphere)"
"icgs-p","rh",0.111448337595909,0.165992476932818,890.014335657651,0.671405955590476,1,"Bonferroni x12 (sulci within hemisphere)"
"ifrms","rh",0.0157013921408179,0.141843112686762,622.762114286012,0.110695484915732,1,"Bonferroni x12 (sulci within hemisphere)"
"sspls-d","rh",0.538338391513671,0.189917381013118,1097.85471325043,2.83459254040833,0.0560704877621354,"Bonferroni x12 (sulci within hemisphere)"
"sspls-v","rh",1.12337675587563,0.189922953646812,1097.83750039262,5.91490777868115,5.31708308623758e-08,"Bonferroni x12 (sulci within hemisphere)"
"prcus-a","rh",-0.0097860789687263,0.141843112686762,622.762114286012,-0.068992274516263,1,"Bonferroni x12 (sulci within hemisphere)"
"prcus-i","rh",0.364680203228771,0.141843112686762,622.762114286012,2.57101100166992,0.124454958138597,"Bonferroni x12 (sulci within hemisphere)"
"prcus-p","rh",1.21428557747687,0.141843112686762,622.762114286012,8.56076516142469,1.05127311832591e-15,"Bonferroni x12 (sulci within hemisphere)"
"prculs-v","rh",1.724312340385,0.203229099627867,1183.15218600202,8.48457402774694,7.66498217145649e-16,"Bonferroni x12 (sulci within hemisphere)"
"prculs-d","rh",-0.518744246076633,0.141843112686762,622.762114286012,-3.65716908104096,0.00331897594076333,"Bonferroni x12 (sulci within hemisphere)"
"pos","rh",-1.47087940867518,0.141843112686762,622.762114286012,-10.3697626258624,2.8566491933697e-22,"Bonferroni x12 (sulci within hemisphere)"
