"hemi","emmean","SE","df","t.ratio","p.value","label","adjustment"
"lh",-0.131106607706528,0.141843112686759,622.762114286097,-0.924307181527092,0.711368806668144,"mcgs","Bonferroni x2 (hemispheres)"
"rh",-0.0784325422850297,0.141843112686762,622.762114286012,-0.552952771547221,1,"mcgs","Bonferroni x2 (hemispheres)"
"lh",0.653366482554294,0.141843112686762,622.762114286012,4.60626159549354,9.94677553927498e-06,"sbps","Bonferroni x2 (hemispheres)"
"rh",0.67646044000826,0.141843112686762,622.762114286012,4.76907498146996,4.61406941419966e-06,"sbps","Bonferroni x2 (hemispheres)"
"lh",0.221596962445808,0.167441605041111,904.696195190462,1.32342832231811,0.372054641653887,"icgs-p","Bonferroni x2 (hemispheres)"
"rh",0.111448337595909,0.165992476932818,890.014335657651,0.671405955590476,1,"icgs-p","Bonferroni x2 (hemispheres)"
"lh",0.12220935345116,0.141843112686762,622.762114286012,0.861581159185643,0.778499313967684,"ifrms","Bonferroni x2 (hemispheres)"
"rh",0.0157013921408179,0.141843112686762,622.762114286012,0.110695484915732,1,"ifrms","Bonferroni x2 (hemispheres)"
"lh",0.664140651497307,0.192302500466897,1114.94377708034,3.453624627266,0.00114775307702473,"sspls-d","Bonferroni x2 (hemispheres)"
"rh",0.538338391513671,0.189917381013118,1097.85471325043,2.83459254040833,0.00934508129368923,"sspls-d","Bonferroni x2 (hemispheres)"
"lh",-0.0950410943971163,0.167446024663898,904.673645815258,-0.567592420231445,1,"sspls-v","Bonferroni x2 (hemispheres)"
"rh",1.12337675587563,0.189922953646812,1097.83750039262,5.91490777868115,8.8618051437293e-09,"sspls-v","Bonferroni x2 (hemispheres)"
"lh",0.38075628396596,0.141843112686762,622.762114286012,2.68434805718625,0.0149209827598465,"prcus-a","Bonferroni x2 (hemispheres)"
"rh",-0.0097860789687263,0.141843112686762,622.762114286012,-0.068992274516263,1,"prcus-a","Bonferroni x2 (hemispheres)"
"lh",0.48395994200673,0.141843112686762,622.762114286012,3.41193825233855,0.00137361589499104,"prcus-i","Bonferroni x2 (hemispheres)"
"rh",0.364680203228771,0.141843112686762,622.762114286012,2.57101100166992,0.0207424930230994,"prcus-i","Bonferroni x2 (hemispheres)"
"lh",1.12708144414593,0.141843112686762,622.762114286012,7.94597229852753,1.81136024318411e-14,"prcus-p","Bonferroni x2 (hemispheres)"
"rh",1.21428557747687,0.141843112686762,622.762114286012,8.56076516142469,1.75212186387652e-16,"prcus-p","Bonferroni x2 (hemispheres)"
"lh",1.56572335041882,0.194839564159329,1131.98929144703,8.03596208590601,4.63605200647811e-15,"prculs-v","Bonferroni x2 (hemispheres)"
"rh",1.724312340385,0.203229099627867,1183.15218600202,8.48457402774694,1.27749702857608e-16,"prculs-v","Bonferroni x2 (hemispheres)"
"lh",-0.494047562631081,0.141843112686762,622.762114286012,-3.48305640840037,0.00106093134195086,"prculs-d","Bonferroni x2 (hemispheres)"
"rh",-0.518744246076633,0.141843112686762,622.762114286012,-3.65716908104096,0.000553162656793889,"prculs-d","Bonferroni x2 (hemispheres)"
"lh",-1.19443147619006,0.141843112686762,622.762114286012,-8.42079289974248,5.15689569926046e-16,"pos","Bonferroni x2 (hemispheres)"
"rh",-1.47087940867518,0.141843112686762,622.762114286012,-10.3697626258624,4.76108198894949e-23,"pos","Bonferroni x2 (hemispheres)"
