"contrast","label","estimate","SE","df","t.ratio","p.value"
"lh - rh","mcgs",-0.0526740654214985,0.174961908501233,1156.18244306902,-0.301060190030605,0.763422729401255
"lh - rh","sbps",-0.023093957453966,0.174961908501235,1156.18244306921,-0.1319942017768,0.895011843600926
"lh - rh","icgs-p",0.110148624849899,0.214458355720786,1281.06211006279,0.513613118405642,0.607611076176553
"lh - rh","ifrms",0.106507961310342,0.174961908501235,1156.18244306921,0.608749425647643,0.542810121287161
"lh - rh","sspls-d",0.125802259983636,0.251633856495394,1322.3558484483,0.499941707907412,0.617199302716409
"lh - rh","sspls-v",-1.21841785027274,0.232984024698172,1294.76202860092,-5.22961972114264,1.97885891127067e-07
"lh - rh","prcus-a",0.390542362934686,0.174961908501235,1156.18244306921,2.2321565092663,0.0257955899685959
"lh - rh","prcus-i",0.119279738777959,0.174961908501235,1156.18244306921,0.681746900223813,0.495535543764775
"lh - rh","prcus-p",-0.0872041333309383,0.174961908501235,1156.18244306921,-0.498417821787322,0.61828437748436
"lh - rh","prculs-v",-0.158588989966178,0.263908769036312,1336.3839825372,-0.600923533330406,0.547992822114925
"lh - rh","prculs-d",0.0246966834455524,0.174961908501235,1156.18244306921,0.141154629925508,0.887772376298708
"lh - rh","pos",0.276447932485122,0.174961908501235,1156.18244306921,1.5800463932592,0.114369762252402
