"sulcus","comparison","chisq","df","p","reported"
"sspls-v","NT vs DP, right hemisphere",4.74590082031942,1,0.0293681738935276,"Results"
"sspls-v","NT vs DP, left hemisphere",0.246753085415876,1,0.619370666324973,"Results"
"sspls-v","right vs left, DPs",8.95516304347826,1,0.00276686492163064,"Results"
"sspls-v","right vs left, NTs",2.26813186813187,1,0.132059003205919,"Results"
"icgs-p","NT vs DP, right hemisphere",0,1,1,"exploratory (not reported)"
"icgs-p","NT vs DP, left hemisphere",0,1,1,"exploratory (not reported)"
"icgs-p","right vs left, DPs",0,1,1,"exploratory (not reported)"
"icgs-p","right vs left, NTs",0.186046511627907,1,0.666227645409619,"exploratory (not reported)"
"sspls-d","NT vs DP, right hemisphere",0.237876516946284,1,0.625744030350632,"exploratory (not reported)"
"sspls-d","NT vs DP, left hemisphere",0,1,1,"exploratory (not reported)"
"sspls-d","right vs left, DPs",0,1,1,"exploratory (not reported)"
"sspls-d","right vs left, NTs",0.187670485542826,1,0.664862565595114,"exploratory (not reported)"
"prculs-v","NT vs DP, right hemisphere",0.145650160494298,1,0.702727369413657,"exploratory (not reported)"
"prculs-v","NT vs DP, left hemisphere",0.118886433523917,1,0.730245394288135,"exploratory (not reported)"
"prculs-v","right vs left, DPs",0.0521390374331551,1,0.819382131444439,"exploratory (not reported)"
"prculs-v","right vs left, NTs",0.0497685185185185,1,0.823466559277373,"exploratory (not reported)"
