"sulcus","group","hemi","n_present","n_hemispheres","percent"
"sspls-v","Controls","lh",36,43,83.7
"sspls-v","Controls","rh",29,43,67.4
"sspls-v","DPs","lh",30,39,76.9
"sspls-v","DPs","rh",16,39,41
"icgs-p","Controls","lh",20,43,46.5
"icgs-p","Controls","rh",23,43,53.5
"icgs-p","DPs","lh",19,39,48.7
"icgs-p","DPs","rh",20,39,51.3
"sspls-d","Controls","lh",18,43,41.9
"sspls-d","Controls","rh",21,43,48.8
"sspls-d","DPs","lh",16,39,41
"sspls-d","DPs","rh",16,39,41
"prculs-v","Controls","lh",15,43,34.9
"prculs-v","Controls","rh",17,43,39.5
"prculs-v","DPs","lh",16,39,41
"prculs-v","DPs","rh",18,39,46.2
"mcgs","Controls","lh",43,43,100
"mcgs","Controls","rh",43,43,100
"mcgs","DPs","lh",39,39,100
"mcgs","DPs","rh",39,39,100
"sbps","Controls","lh",43,43,100
"sbps","Controls","rh",43,43,100
"sbps","DPs","lh",39,39,100
"sbps","DPs","rh",39,39,100
"ifrms","Controls","lh",43,43,100
"ifrms","Controls","rh",43,43,100
"ifrms","DPs","lh",39,39,100
"ifrms","DPs","rh",39,39,100
"prcus-a","Controls","lh",43,43,100
"prcus-a","Controls","rh",43,43,100
"prcus-a","DPs","lh",39,39,100
"prcus-a","DPs","rh",39,39,100
"prcus-i","Controls","lh",43,43,100
"prcus-i","Controls","rh",43,43,100
"prcus-i","DPs","lh",39,39,100
"prcus-i","DPs","rh",39,39,100
"prcus-p","Controls","lh",43,43,100
"prcus-p","Controls","rh",43,43,100
"prcus-p","DPs","lh",39,39,100
"prcus-p","DPs","rh",39,39,100
"prculs-d","Controls","lh",43,43,100
"prculs-d","Controls","rh",43,43,100
"prculs-d","DPs","lh",39,39,100
"prculs-d","DPs","rh",39,39,100
"pos","Controls","lh",43,43,100
"pos","Controls","rh",43,43,100
"pos","DPs","lh",39,39,100
"pos","DPs","rh",39,39,100
