sub,AssessmentAge,Gender,Familyincome,Highestdegreeearned,MatrixR,CrossoutRawScore,Race,Ethnicity,Group
n004t2,17.07,Female,"Over $100,000",Bachelor's degree,30,NA,More Than One Race,unknown or Not Report,Discovery
n005t1,17.93,Female,"$50,000 to $74,999",Bachelor's degree,26,NA,unknown or Not Report,unknown or Not Report,Discovery
n009t3,18.43,Female,"$100,000 to $124,999",GED,33,NA,More Than One Race,unknown or Not Report,Discovery
n013t2,7.88,Male,NA,NA,26,18,White,Not Hispanic or Latino,Replication
n016t2,14.72,Male,NA,NA,30,25,White,Not Hispanic or Latino,Replication
n017t1,16.23,Male,NA,NA,25,NA,White,Not Hispanic or Latino,Discovery
n018t2,8.07,Male,NA,NA,23,13,White,Not Hispanic or Latino,Replication
n021t1,16.59,Female,"$75,000 to $99,999",Bachelor's degree,31,NA,White,Not Hispanic or Latino,Discovery
n022t2,9.68,Male,"$100,000 to $124,999",Master's degree,29,20,More Than One Race,unknown or Not Report,Replication
n028t3,15.96,Male,"Over $200,000",Master's degree,27,29,White,Not Hispanic or Latino,Replication
n029t2,15.76,Male,NA,NA,31,26,White,Hispanic or Latino,Replication
n030t2,8.56,Female,NA,NA,19,17,White,Not Hispanic or Latino,Replication
n032t2,8.97,Male,NA,NA,23,19,White,Not Hispanic or Latino,Replication
n033t1,9.78,Female,"Over $100,000",Master's degree,27,NA,White,Not Hispanic or Latino,Discovery
n034t1,17.81,Male,"$75,000 to $99,999",GED,28,NA,unknown or Not Report,Hispanic or Latino,Discovery
n035t2,10,Male,,Master's degree,27,28,More Than One Race,unknown or Not Report,Replication
n036t2,15.3,Female,"$50,000 to $74,999",Associate degree,26,NA,Black or African American,unknown or Not Report,Discovery
n039t2,15.39,Female,"$175,000 to $199,999",Doctorate,25,30,unknown or Not Report,unknown or Not Report,Replication
n041t2,14.61,Male,"$75,000 to $99,999",GED,35,30,White,Not Hispanic or Latino,Replication
n044t2,11.41,Female,"$100,000 to $124,999",Doctorate,29,23,White,Unknown,Replication
n049t1,13.63,Male,"$25,000 to $34,999",Associate degree,26,NA,White,Not Hispanic or Latino,Discovery
n050t2,11.51,Female,"$25,000 to $34,999",Associate degree,26,16,White,Not Hispanic or Latino,Replication
n062t1,7.69,Male,"Over $100,000",Master's degree,26,NA,White,Not Hispanic or Latino,Discovery
n070t1,7.28,Female,"Over $100,000",Bachelor's degree,21,NA,unknown,unknown,Discovery
n072t2,15.63,Male,"$50,000 to $74,999",Master's degree,27,NA,White,Not Hispanic or Latino,Discovery
n077t1,6.54,Female,"$75,000 to $99,999",Bachelor's degree,26,NA,More Than One Race,unknown,Discovery
n078t2,7.52,Male,"$25,000 to $34,999",GED,22,12,unknown,Hispanic or Latino,Replication
n078t2,7.52,Male,"$25,000 to $34,999",GED,22,12,unknown,Hispanic or Latino,Replication
n083t2,8.36,Female,"$75,000 to $99,999",Master's degree,26,27,More Than One Race,unknown,Replication
n086t2,12.2,Male,"$75,000 to $99,999",Associate degree,32,22,White,Unknown,Replication
n088t1,10.52,Male,"$16,000 to $24,999",Vocational,21,NA,unknown,Hispanic or Latino,Discovery
n097t1,11.25,Female,"Over $100,000",Master's degree,29,NA,Black or African American,unknown,Discovery
n098t2,8.15,Female,"Over $200,000",Master's degree,23,13,White,Not Hispanic or Latino,Replication
n100t2,16.91,Male,Don't know,Bachelor's degree,32,27,White,Not Hispanic or Latino,Replication
n101t1,11.14,Female,NA,Associate degree,19,NA,White,Not Hispanic or Latino,Discovery
n104t1,6.97,Female,"$50,000 to $74,999",Associate degree,15,NA,White,Not Hispanic or Latino,Discovery
n114t1,18.62,Male,"Over $100,000",Bachelor's degree,27,NA,Black or African American,unknown,Discovery
n115t1,10.95,Female,NA,NA,30,NA,More Than One Race,unknown,Discovery
n116t1,13.73,Female,"Over $100,000",Doctorate,28,NA,White,Not Hispanic or Latino,Discovery
n120t1,12.6,Male,"$100,000 to $124,999",Other,21,NA,unknown,unknown,Discovery
n123t2,11.88,Female,"$125,000 to $149,999",Bachelor's degree (and teaching credentials),31,32,White,Not Hispanic or Latino,Replication
n126t2,15.21,Male,"$175,000 to $199,999",Master's degree,29,28,White,Not Hispanic or Latino,Replication
n139t1,14.31,Male,"Over $100,000",GED,30,NA,More Than One Race,unknown,Discovery
n157t2,15.04,Male,"$75,000 to $99,999",Master's degree,28,29,More Than One Race,unknown,Replication
n160t2,17.8,Male,"$150,000 to $174,999",Bachelor's degree,34,23,White,unknown,Replication
n161t2,17.87,Male,"$125,000 to $149,999",Bachelor's degree,32,29,White,unknown,Replication
n164t2,13.34,Male,"$16,000 to $24,999",Master's degree,29,27,More Than One Race,Unknown,Replication
n175t1,8.42,Female,"$50,000 to $74,999",Bachelor's degree,12,NA,Asian,unknown,Discovery
n178t2,8.21,Male,"Over $200,000",Master's degree and Professional,16,11,White,unknown,Replication
n184t1,14.85,Female,NA,Professional,32,27,White,Not Hispanic or Latino,Replication
n185t1,11.54,Male,"$100,000 to $124,999",Master's degree,22,NA,White,Not Hispanic or Latino,Discovery
n190t2,16.74,Male,,,32,25,White,Unknown,Replication
n193t1,9.44,Male,"$100,000 to $124,999",GED,21,NA,More Than One Race,Unknown,Discovery
n196t1,6.44,Male,NA,None of the above (less than high school),21,NA,More Than One Race,Hispanic or Latino,Discovery
n198t1,10.31,Male,"$100,000 to $124,999",Bachelor's degree,25,NA,White,Not Hispanic or Latino,Discovery