sub,hemi,label,norm_mean_sulcal_depth,mean_cortical_thickness,type,group
n004t2,lh,central,0.240453184,2.046,Non-Tertiary,Discovery
n004t2,lh,ifs,0.228904352,2.275,Non-Tertiary,Discovery
n004t2,lh,imfs_h,0.223882526,2.549,Non-Tertiary,Discovery
n004t2,lh,imfs_v,0.114326067,2.26,Non-Tertiary,Discovery
n004t2,lh,iprs,0.305075794,2.653,Non-Tertiary,Discovery
n004t2,lh,pimfs,0.179202095,1.889,Tertiary,Discovery
n004t2,lh,pmfs_a,0.001715396,2.379,Tertiary,Discovery
n004t2,lh,pmfs_i,0.144052282,2.533,Tertiary,Discovery
n004t2,lh,pmfs_p,-0.121669784,2.705,Tertiary,Discovery
n004t2,lh,sfs_a,0.356043041,2.536,Non-Tertiary,Discovery
n004t2,lh,sfs_p,0.199339837,2.616,Non-Tertiary,Discovery
n004t2,lh,sprs,0.223199606,2.686,Non-Tertiary,Discovery
n004t2,rh,central,0.233273923,1.952,Non-Tertiary,Discovery
n004t2,rh,ifs,0.11129839,2.271,Non-Tertiary,Discovery
n004t2,rh,imfs_h,0.238285959,1.652,Non-Tertiary,Discovery
n004t2,rh,imfs_v,0.18164745,1.803,Non-Tertiary,Discovery
n004t2,rh,iprs,0.263747305,2.806,Non-Tertiary,Discovery
n004t2,rh,pimfs,0.037867,2.1,Tertiary,Discovery
n004t2,rh,pmfs_a,0.185809895,1.813,Tertiary,Discovery
n004t2,rh,pmfs_i,0.326217622,2.256,Tertiary,Discovery
n004t2,rh,pmfs_p,-0.025762085,2.845,Tertiary,Discovery
n004t2,rh,sfs_a,0.188824311,2.433,Non-Tertiary,Discovery
n004t2,rh,sfs_p,0.242705181,2.533,Non-Tertiary,Discovery
n004t2,rh,sprs,0.232026294,2.644,Non-Tertiary,Discovery
n005t1,lh,central,0.208515316,2.155,Non-Tertiary,Discovery
n005t1,lh,ifs,0.234973818,2.443,Non-Tertiary,Discovery
n005t1,lh,imfs_h,0.200754479,2.354,Non-Tertiary,Discovery
n005t1,lh,imfs_v,0.132217869,2.339,Non-Tertiary,Discovery
n005t1,lh,iprs,-0.037035573,2.834,Non-Tertiary,Discovery
n005t1,lh,pimfs,-0.145496473,2.866,Tertiary,Discovery
n005t1,lh,pmfs_a,-0.071648687,2.52,Tertiary,Discovery
n005t1,lh,pmfs_i,-0.023959145,2.618,Tertiary,Discovery
n005t1,lh,pmfs_p,-0.08806587,2.33,Tertiary,Discovery
n005t1,lh,sfs_a,0.162074596,2.592,Non-Tertiary,Discovery
n005t1,lh,sfs_p,0.280738026,2.629,Non-Tertiary,Discovery
n005t1,lh,sprs,0.133979023,2.535,Non-Tertiary,Discovery
n005t1,rh,central,0.241982132,2.105,Non-Tertiary,Discovery
n005t1,rh,ifs,0.243302613,2.274,Non-Tertiary,Discovery
n005t1,rh,imfs_h,0.0191104,2.114,Non-Tertiary,Discovery
n005t1,rh,imfs_v,0.296000928,1.903,Non-Tertiary,Discovery
n005t1,rh,iprs,0.223550439,2.581,Non-Tertiary,Discovery
n005t1,rh,pimfs,-0.02906728,2.034,Tertiary,Discovery
n005t1,rh,pmfs_a,-0.16742608,2.093,Tertiary,Discovery
n005t1,rh,pmfs_i,0.068144195,2.205,Tertiary,Discovery
n005t1,rh,pmfs_p,-0.18293269,2.274,Tertiary,Discovery
n005t1,rh,sfs_a,0.251666307,2.371,Non-Tertiary,Discovery
n005t1,rh,sfs_p,0.349947244,2.432,Non-Tertiary,Discovery
n005t1,rh,sprs,0.102832764,2.382,Non-Tertiary,Discovery
n009t3,lh,central,0.250987113,2.151,Non-Tertiary,Discovery
n009t3,lh,ifs,0.163866356,2.34,Non-Tertiary,Discovery
n009t3,lh,imfs_h,0.34020704,2.227,Non-Tertiary,Discovery
n009t3,lh,imfs_v,0.213796511,2.064,Non-Tertiary,Discovery
n009t3,lh,iprs,0.300192714,2.597,Non-Tertiary,Discovery
n009t3,lh,pimfs,0.032756414,2.092,Tertiary,Discovery
n009t3,lh,pmfs_a,-0.187770978,2.631,Tertiary,Discovery
n009t3,lh,pmfs_i,-0.042911198,2.045,Tertiary,Discovery
n009t3,lh,pmfs_p,-0.298066437,2.698,Tertiary,Discovery
n009t3,lh,sfs_a,0.323146045,2.557,Non-Tertiary,Discovery
n009t3,lh,sfs_p,0.27547428,2.624,Non-Tertiary,Discovery
n009t3,lh,sprs,0.250800461,2.617,Non-Tertiary,Discovery
n009t3,rh,central,0.256822288,2.012,Non-Tertiary,Discovery
n009t3,rh,ifs,0.147808686,2.275,Non-Tertiary,Discovery
n009t3,rh,imfs_h,0.1435868,1.896,Non-Tertiary,Discovery
n009t3,rh,imfs_v,0.155055255,1.951,Non-Tertiary,Discovery
n009t3,rh,iprs,0.239268139,2.582,Non-Tertiary,Discovery
n009t3,rh,pimfs,0.179513529,1.965,Tertiary,Discovery
n009t3,rh,pmfs_a,0.396280825,2.025,Tertiary,Discovery
n009t3,rh,pmfs_i,0.343249887,2.164,Tertiary,Discovery
n009t3,rh,pmfs_p,0.037677988,1.93,Tertiary,Discovery
n009t3,rh,sfs_a,0.186163366,1.958,Non-Tertiary,Discovery
n009t3,rh,sfs_p,0.243961617,2.296,Non-Tertiary,Discovery
n009t3,rh,sprs,0.259027839,2.529,Non-Tertiary,Discovery
n017t1,lh,central,0.195566505,2.303,Non-Tertiary,Discovery
n017t1,lh,ifs,0.157945141,2.198,Non-Tertiary,Discovery
n017t1,lh,imfs_h,0.2974177,2.15,Non-Tertiary,Discovery
n017t1,lh,imfs_v,0.185859874,2.436,Non-Tertiary,Discovery
n017t1,lh,iprs,0.375380605,2.835,Non-Tertiary,Discovery
n017t1,lh,pimfs,-0.192879155,3.469,Tertiary,Discovery
n017t1,lh,pmfs_a,-0.099373288,2.447,Tertiary,Discovery
n017t1,lh,pmfs_i,-0.052438218,2.515,Tertiary,Discovery
n017t1,lh,pmfs_p,0.173689082,2.588,Tertiary,Discovery
n017t1,lh,sfs_a,0.251754224,2.202,Non-Tertiary,Discovery
n017t1,lh,sfs_p,0.213390976,2.442,Non-Tertiary,Discovery
n017t1,lh,sprs,0.227053404,2.699,Non-Tertiary,Discovery
n017t1,rh,central,0.202112168,2.147,Non-Tertiary,Discovery
n017t1,rh,ifs,0.253829598,2.128,Non-Tertiary,Discovery
n017t1,rh,imfs_h,0.197413713,2,Non-Tertiary,Discovery
n017t1,rh,imfs_v,0.080179714,2.008,Non-Tertiary,Discovery
n017t1,rh,iprs,0.269195527,2.644,Non-Tertiary,Discovery
n017t1,rh,pimfs,-0.014818385,1.995,Tertiary,Discovery
n017t1,rh,pmfs_a,0.170172244,1.872,Tertiary,Discovery
n017t1,rh,pmfs_i,-0.058585301,2.066,Tertiary,Discovery
n017t1,rh,pmfs_p,0.163827062,2.185,Tertiary,Discovery
n017t1,rh,sfs_a,0.160604566,2.151,Non-Tertiary,Discovery
n017t1,rh,sfs_p,0.3020944,2.442,Non-Tertiary,Discovery
n017t1,rh,sprs,0.265130073,2.473,Non-Tertiary,Discovery
n021t1,lh,central,0.191403285,2.098,Non-Tertiary,Discovery
n021t1,lh,ifs,0.231704444,2.221,Non-Tertiary,Discovery
n021t1,lh,imfs_h,0.254597485,2.115,Non-Tertiary,Discovery
n021t1,lh,imfs_v,0.178591534,1.863,Non-Tertiary,Discovery
n021t1,lh,iprs,0.285213649,2.466,Non-Tertiary,Discovery
n021t1,lh,pimfs,0.050539281,1.945,Tertiary,Discovery
n021t1,lh,pmfs_a,-0.066677816,1.955,Tertiary,Discovery
n021t1,lh,pmfs_i,0.195787489,2.121,Tertiary,Discovery
n021t1,lh,pmfs_p,-0.114581682,2.213,Tertiary,Discovery
n021t1,lh,sfs_a,0.253944308,2.279,Non-Tertiary,Discovery
n021t1,lh,sfs_p,0.23961699,2.448,Non-Tertiary,Discovery
n021t1,lh,sprs,0.243234724,2.423,Non-Tertiary,Discovery
n021t1,rh,central,0.20257704,1.978,Non-Tertiary,Discovery
n021t1,rh,ifs,0.189551502,2.095,Non-Tertiary,Discovery
n021t1,rh,imfs_h,0.157549903,1.841,Non-Tertiary,Discovery
n021t1,rh,imfs_v,0.167629406,1.969,Non-Tertiary,Discovery
n021t1,rh,iprs,0.190102011,2.393,Non-Tertiary,Discovery
n021t1,rh,pimfs,0.110539138,1.871,Tertiary,Discovery
n021t1,rh,pmfs_a,0.11524266,1.991,Tertiary,Discovery
n021t1,rh,pmfs_i,0.242258593,2.09,Tertiary,Discovery
n021t1,rh,pmfs_p,0.213802069,2.235,Tertiary,Discovery
n021t1,rh,sfs_a,0.123805605,2.241,Non-Tertiary,Discovery
n021t1,rh,sfs_p,0.19692038,2.429,Non-Tertiary,Discovery
n021t1,rh,sprs,0.241223693,2.279,Non-Tertiary,Discovery
n033t1,lh,central,0.201834887,2.065,Non-Tertiary,Discovery
n033t1,lh,ifs,0.186456516,2.499,Non-Tertiary,Discovery
n033t1,lh,imfs_h,0.374888957,2.556,Non-Tertiary,Discovery
n033t1,lh,imfs_v,0.197868586,2.228,Non-Tertiary,Discovery
n033t1,lh,iprs,0.193500027,2.52,Non-Tertiary,Discovery
n033t1,lh,pimfs,-0.139618918,2.762,Tertiary,Discovery
n033t1,lh,pmfs_a,-0.129436165,2.545,Tertiary,Discovery
n033t1,lh,pmfs_i,0.298308343,2.62,Tertiary,Discovery
n033t1,lh,pmfs_p,-0.231645271,2.345,Tertiary,Discovery
n033t1,lh,sfs_a,0.142993182,2.57,Non-Tertiary,Discovery
n033t1,lh,sfs_p,0.290755421,2.681,Non-Tertiary,Discovery
n033t1,lh,sprs,0.247018918,2.576,Non-Tertiary,Discovery
n033t1,rh,central,0.208328143,2.073,Non-Tertiary,Discovery
n033t1,rh,ifs,0.282077968,2.394,Non-Tertiary,Discovery
n033t1,rh,imfs_h,0.125559285,2.395,Non-Tertiary,Discovery
n033t1,rh,imfs_v,0.210642904,2.352,Non-Tertiary,Discovery
n033t1,rh,iprs,0.186217159,2.598,Non-Tertiary,Discovery
n033t1,rh,pimfs,0.153507158,2.141,Tertiary,Discovery
n033t1,rh,pmfs_a,-0.148686752,2.551,Tertiary,Discovery
n033t1,rh,pmfs_i,0.118320949,2.282,Tertiary,Discovery
n033t1,rh,pmfs_p,-0.127858788,2.531,Tertiary,Discovery
n033t1,rh,sfs_a,0.244197667,2.475,Non-Tertiary,Discovery
n033t1,rh,sfs_p,0.312657714,2.591,Non-Tertiary,Discovery
n033t1,rh,sprs,0.249060884,2.546,Non-Tertiary,Discovery
n034t1,lh,central,0.23618947,2.011,Non-Tertiary,Discovery
n034t1,lh,ifs,0.226436019,2.126,Non-Tertiary,Discovery
n034t1,lh,imfs_h,0.248022273,2.282,Non-Tertiary,Discovery
n034t1,lh,imfs_v,0.189231753,2.314,Non-Tertiary,Discovery
n034t1,lh,iprs,0.204118833,2.395,Non-Tertiary,Discovery
n034t1,lh,pimfs,-0.076095752,2.187,Tertiary,Discovery
n034t1,lh,pmfs_a,0.329505891,2.387,Tertiary,Discovery
n034t1,lh,pmfs_i,0.07725694,2.474,Tertiary,Discovery
n034t1,lh,pmfs_p,-0.060858984,2.531,Tertiary,Discovery
n034t1,lh,sfs_a,0.174249783,2.413,Non-Tertiary,Discovery
n034t1,lh,sfs_p,0.34392789,2.444,Non-Tertiary,Discovery
n034t1,lh,sprs,0.335430562,2.434,Non-Tertiary,Discovery
n034t1,rh,central,0.213670373,1.901,Non-Tertiary,Discovery
n034t1,rh,ifs,0.26104784,2.253,Non-Tertiary,Discovery
n034t1,rh,imfs_h,0.158630997,2.028,Non-Tertiary,Discovery
n034t1,rh,imfs_v,-0.027292438,1.965,Non-Tertiary,Discovery
n034t1,rh,iprs,0.227228522,2.458,Non-Tertiary,Discovery
n034t1,rh,pimfs,0.175031766,1.945,Tertiary,Discovery
n034t1,rh,pmfs_a,-0.159090355,2.351,Tertiary,Discovery
n034t1,rh,pmfs_i,0.194407418,2.114,Tertiary,Discovery
n034t1,rh,pmfs_p,0.204382986,1.982,Tertiary,Discovery
n034t1,rh,sfs_a,0.238973632,2.285,Non-Tertiary,Discovery
n034t1,rh,sfs_p,0.161367789,2.399,Non-Tertiary,Discovery
n034t1,rh,sprs,0.338558763,2.572,Non-Tertiary,Discovery
n036t2,lh,central,0.219086558,2.024,Non-Tertiary,Discovery
n036t2,lh,ifs,0.209248722,2.367,Non-Tertiary,Discovery
n036t2,lh,imfs_h,0.220807433,2.424,Non-Tertiary,Discovery
n036t2,lh,imfs_v,0.216514498,2.263,Non-Tertiary,Discovery
n036t2,lh,iprs,0.174324602,2.582,Non-Tertiary,Discovery
n036t2,lh,pimfs,-0.067163832,2.019,Tertiary,Discovery
n036t2,lh,pmfs_a,-0.136060357,2.805,Tertiary,Discovery
n036t2,lh,pmfs_i,-0.265227199,2.966,Tertiary,Discovery
n036t2,lh,pmfs_p,-0.269172907,2.886,Tertiary,Discovery
n036t2,lh,sfs_a,0.214571774,2.593,Non-Tertiary,Discovery
n036t2,lh,sfs_p,0.365559995,2.67,Non-Tertiary,Discovery
n036t2,lh,sprs,0.241174549,2.587,Non-Tertiary,Discovery
n036t2,rh,central,0.21208024,1.944,Non-Tertiary,Discovery
n036t2,rh,ifs,0.252410442,2.423,Non-Tertiary,Discovery
n036t2,rh,imfs_h,0.215880319,2.407,Non-Tertiary,Discovery
n036t2,rh,imfs_v,0.22721231,1.982,Non-Tertiary,Discovery
n036t2,rh,iprs,0.247250378,2.416,Non-Tertiary,Discovery
n036t2,rh,pimfs,0.154142231,1.98,Tertiary,Discovery
n036t2,rh,pmfs_a,-0.319206208,2.884,Tertiary,Discovery
n036t2,rh,pmfs_i,-0.006971444,2.62,Tertiary,Discovery
n036t2,rh,pmfs_p,-0.114000954,2.648,Tertiary,Discovery
n036t2,rh,sfs_a,0.220594376,2.347,Non-Tertiary,Discovery
n036t2,rh,sfs_p,0.328163922,2.607,Non-Tertiary,Discovery
n036t2,rh,sprs,0.270760864,2.502,Non-Tertiary,Discovery
n049t1,lh,central,0.193898991,2.044,Non-Tertiary,Discovery
n049t1,lh,ifs,0.252641916,2.314,Non-Tertiary,Discovery
n049t1,lh,imfs_h,0.112696588,3.101,Non-Tertiary,Discovery
n049t1,lh,imfs_v,0.176045388,2.174,Non-Tertiary,Discovery
n049t1,lh,iprs,0.288396686,2.744,Non-Tertiary,Discovery
n049t1,lh,pimfs,0.218884245,2.161,Tertiary,Discovery
n049t1,lh,pmfs_a,-0.095977515,2.074,Tertiary,Discovery
n049t1,lh,pmfs_i,0.150644913,2.554,Tertiary,Discovery
n049t1,lh,pmfs_p,-0.364872247,3.468,Tertiary,Discovery
n049t1,lh,sfs_a,0.262334794,2.374,Non-Tertiary,Discovery
n049t1,lh,sfs_p,0.183057159,2.555,Non-Tertiary,Discovery
n049t1,lh,sprs,0.248576447,2.598,Non-Tertiary,Discovery
n049t1,rh,central,0.199739218,2.026,Non-Tertiary,Discovery
n049t1,rh,ifs,-0.067585729,1.74,Non-Tertiary,Discovery
n049t1,rh,imfs_h,0.340813518,1.822,Non-Tertiary,Discovery
n049t1,rh,imfs_v,0.078764394,2.092,Non-Tertiary,Discovery
n049t1,rh,iprs,0.261065453,2.561,Non-Tertiary,Discovery
n049t1,rh,pimfs,-0.128500879,1.729,Tertiary,Discovery
n049t1,rh,pmfs_a,-0.014623834,2.227,Tertiary,Discovery
n049t1,rh,pmfs_i,0.128879979,2.306,Tertiary,Discovery
n049t1,rh,pmfs_p,-0.167229429,2.356,Tertiary,Discovery
n049t1,rh,sfs_a,0.22897923,2.232,Non-Tertiary,Discovery
n049t1,rh,sfs_p,0.240533561,2.239,Non-Tertiary,Discovery
n049t1,rh,sprs,0.241245389,2.51,Non-Tertiary,Discovery
n055t1,lh,central,0.227086902,2.247,Non-Tertiary,Discovery
n055t1,lh,ifs,0.21656777,2.484,Non-Tertiary,Discovery
n055t1,lh,imfs_h,0.246723562,2.538,Non-Tertiary,Discovery
n055t1,lh,imfs_v,0.13095139,2.416,Non-Tertiary,Discovery
n055t1,lh,iprs,0.252753884,2.58,Non-Tertiary,Discovery
n055t1,lh,pimfs,0.063238248,2.62,Tertiary,Discovery
n055t1,lh,pmfs_a,0.227986157,2.352,Tertiary,Discovery
n055t1,lh,pmfs_i,0.315788895,2.7,Tertiary,Discovery
n055t1,lh,pmfs_p,0.165826708,2.579,Tertiary,Discovery
n055t1,lh,sfs_a,0.063238248,2.62,Non-Tertiary,Discovery
n055t1,lh,sfs_p,0.257067293,2.607,Non-Tertiary,Discovery
n055t1,lh,sprs,0.245587379,2.488,Non-Tertiary,Discovery
n055t1,rh,central,0.226687431,2.125,Non-Tertiary,Discovery
n055t1,rh,ifs,0.189659238,2.209,Non-Tertiary,Discovery
n055t1,rh,imfs_h,-0.064286403,2.546,Non-Tertiary,Discovery
n055t1,rh,imfs_v,0.160797641,2.087,Non-Tertiary,Discovery
n055t1,rh,iprs,0.232876465,2.555,Non-Tertiary,Discovery
n055t1,rh,pimfs,-0.033807907,2.124,Tertiary,Discovery
n055t1,rh,pmfs_a,0.227570429,2.108,Tertiary,Discovery
n055t1,rh,pmfs_i,0.351904184,2.564,Tertiary,Discovery
n055t1,rh,pmfs_p,0.106842481,2.448,Tertiary,Discovery
n055t1,rh,sfs_a,-0.068412371,2.709,Non-Tertiary,Discovery
n055t1,rh,sfs_p,0.293738633,2.551,Non-Tertiary,Discovery
n055t1,rh,sprs,0.147785187,2.578,Non-Tertiary,Discovery
n062t1,lh,central,0.23988454,2.222,Non-Tertiary,Discovery
n062t1,lh,ifs,0.231059611,2.431,Non-Tertiary,Discovery
n062t1,lh,imfs_h,0.200515047,2.512,Non-Tertiary,Discovery
n062t1,lh,imfs_v,0.349490106,2.33,Non-Tertiary,Discovery
n062t1,lh,iprs,0.179071188,2.526,Non-Tertiary,Discovery
n062t1,lh,pimfs,-0.082910754,2.278,Tertiary,Discovery
n062t1,lh,pmfs_a,-0.21909906,2.116,Tertiary,Discovery
n062t1,lh,pmfs_i,-0.04612866,2.342,Tertiary,Discovery
n062t1,lh,pmfs_p,-0.142155796,3.039,Tertiary,Discovery
n062t1,lh,sfs_a,0.307073981,2.676,Non-Tertiary,Discovery
n062t1,lh,sfs_p,0.251318246,2.593,Non-Tertiary,Discovery
n062t1,lh,sprs,0.217628583,2.5,Non-Tertiary,Discovery
n062t1,rh,central,0.148523167,2.095,Non-Tertiary,Discovery
n062t1,rh,ifs,0.156428441,2.171,Non-Tertiary,Discovery
n062t1,rh,imfs_h,0.26410678,2.515,Non-Tertiary,Discovery
n062t1,rh,imfs_v,0.291843086,2.356,Non-Tertiary,Discovery
n062t1,rh,iprs,0.262183845,2.45,Non-Tertiary,Discovery
n062t1,rh,pimfs,0.036692116,1.88,Tertiary,Discovery
n062t1,rh,pmfs_a,0.251789004,1.94,Tertiary,Discovery
n062t1,rh,pmfs_i,0.12225914,2.223,Tertiary,Discovery
n062t1,rh,pmfs_p,-0.227847651,2.969,Tertiary,Discovery
n062t1,rh,sfs_a,0.309953183,2.457,Non-Tertiary,Discovery
n062t1,rh,sfs_p,0.245201096,2.525,Non-Tertiary,Discovery
n062t1,rh,sprs,0.212709934,2.386,Non-Tertiary,Discovery
n070t1,lh,central,0.219649509,2.275,Non-Tertiary,Discovery
n070t1,lh,ifs,0.274371654,2.565,Non-Tertiary,Discovery
n070t1,lh,imfs_h,0.285084307,2.379,Non-Tertiary,Discovery
n070t1,lh,imfs_v,0.331951678,2.379,Non-Tertiary,Discovery
n070t1,lh,iprs,0.279064447,2.681,Non-Tertiary,Discovery
n070t1,lh,pimfs,-0.133007675,3.111,Tertiary,Discovery
n070t1,lh,pmfs_a,-0.100582317,2.63,Tertiary,Discovery
n070t1,lh,pmfs_i,0.008496341,2.39,Tertiary,Discovery
n070t1,lh,pmfs_p,-0.249037936,3.449,Tertiary,Discovery
n070t1,lh,sfs_a,0.163990945,2.398,Non-Tertiary,Discovery
n070t1,lh,sfs_p,0.333414942,2.604,Non-Tertiary,Discovery
n070t1,lh,sprs,0.18427068,2.304,Non-Tertiary,Discovery
n070t1,rh,central,0.207032025,2.223,Non-Tertiary,Discovery
n070t1,rh,ifs,0.218321204,2.25,Non-Tertiary,Discovery
n070t1,rh,imfs_h,0.173931673,2.261,Non-Tertiary,Discovery
n070t1,rh,imfs_v,0.285308391,2.085,Non-Tertiary,Discovery
n070t1,rh,iprs,0.280822456,2.631,Non-Tertiary,Discovery
n070t1,rh,pimfs,0.0218779,2.216,Tertiary,Discovery
n070t1,rh,pmfs_a,0.083494537,1.927,Tertiary,Discovery
n070t1,rh,pmfs_i,-0.098257303,2.024,Tertiary,Discovery
n070t1,rh,pmfs_p,-0.156329647,2.23,Tertiary,Discovery
n070t1,rh,sfs_a,0.186036944,2.349,Non-Tertiary,Discovery
n070t1,rh,sfs_p,0.299076021,2.599,Non-Tertiary,Discovery
n070t1,rh,sprs,-0.004227167,2.465,Non-Tertiary,Discovery
n072t2,lh,central,0.235517219,1.978,Non-Tertiary,Discovery
n072t2,lh,ifs,0.23161824,2.287,Non-Tertiary,Discovery
n072t2,lh,imfs_h,0.253668219,2.29,Non-Tertiary,Discovery
n072t2,lh,imfs_v,0.367420822,2.148,Non-Tertiary,Discovery
n072t2,lh,iprs,0.283539772,2.5,Non-Tertiary,Discovery
n072t2,lh,pimfs,-0.011084797,2.605,Tertiary,Discovery
n072t2,lh,pmfs_a,-0.029812686,2.316,Tertiary,Discovery
n072t2,lh,pmfs_i,-0.075475842,2.316,Tertiary,Discovery
n072t2,lh,pmfs_p,0.02657342,2.419,Tertiary,Discovery
n072t2,lh,sfs_a,0.304348439,2.632,Non-Tertiary,Discovery
n072t2,lh,sfs_p,0.220017835,2.473,Non-Tertiary,Discovery
n072t2,lh,sprs,0.21405758,2.398,Non-Tertiary,Discovery
n072t2,rh,central,0.224126399,1.93,Non-Tertiary,Discovery
n072t2,rh,ifs,0.270217925,2.405,Non-Tertiary,Discovery
n072t2,rh,imfs_h,0.262656927,2.028,Non-Tertiary,Discovery
n072t2,rh,imfs_v,0.199688464,2.018,Non-Tertiary,Discovery
n072t2,rh,iprs,0.183602601,2.633,Non-Tertiary,Discovery
n072t2,rh,pimfs,0.063101314,2.083,Tertiary,Discovery
n072t2,rh,pmfs_a,0.06454999,2.171,Tertiary,Discovery
n072t2,rh,pmfs_i,0.06454999,2.171,Tertiary,Discovery
n072t2,rh,pmfs_p,0.112403259,2.275,Tertiary,Discovery
n072t2,rh,sfs_a,0.179244161,2.249,Non-Tertiary,Discovery
n072t2,rh,sfs_p,0.179173902,2.373,Non-Tertiary,Discovery
n072t2,rh,sprs,0.277899921,2.437,Non-Tertiary,Discovery
n077t1,lh,central,0.206962541,2.087,Non-Tertiary,Discovery
n077t1,lh,ifs,0.193458766,2.512,Non-Tertiary,Discovery
n077t1,lh,imfs_h,0.336403161,2.531,Non-Tertiary,Discovery
n077t1,lh,imfs_v,0.261356115,2.435,Non-Tertiary,Discovery
n077t1,lh,iprs,0.207854569,2.712,Non-Tertiary,Discovery
n077t1,lh,pimfs,0.167163461,2.692,Tertiary,Discovery
n077t1,lh,pmfs_a,0.115852468,2.29,Tertiary,Discovery
n077t1,lh,pmfs_i,-0.164875537,2.726,Tertiary,Discovery
n077t1,lh,pmfs_p,0.055911671,2.351,Tertiary,Discovery
n077t1,lh,sfs_a,0.223220527,2.643,Non-Tertiary,Discovery
n077t1,lh,sfs_p,0.27924034,2.502,Non-Tertiary,Discovery
n077t1,lh,sprs,0.263140053,2.533,Non-Tertiary,Discovery
n077t1,rh,central,0.174441755,2.082,Non-Tertiary,Discovery
n077t1,rh,ifs,0.207379043,2.257,Non-Tertiary,Discovery
n077t1,rh,imfs_h,0.229701817,2.299,Non-Tertiary,Discovery
n077t1,rh,imfs_v,0.158559382,2.303,Non-Tertiary,Discovery
n077t1,rh,iprs,0.173577607,2.26,Non-Tertiary,Discovery
n077t1,rh,pimfs,0.056210753,2.462,Tertiary,Discovery
n077t1,rh,pmfs_a,0.064887255,2.055,Tertiary,Discovery
n077t1,rh,pmfs_i,0.082619704,2.222,Tertiary,Discovery
n077t1,rh,pmfs_p,-0.226742327,2.389,Tertiary,Discovery
n077t1,rh,sfs_a,0.271012187,2.422,Non-Tertiary,Discovery
n077t1,rh,sfs_p,0.195106342,2.302,Non-Tertiary,Discovery
n077t1,rh,sprs,0.257925302,2.281,Non-Tertiary,Discovery
n088t1,lh,central,0.235618472,2.001,Non-Tertiary,Discovery
n088t1,lh,ifs,0.16722621,2.426,Non-Tertiary,Discovery
n088t1,lh,imfs_h,0.210684493,2.791,Non-Tertiary,Discovery
n088t1,lh,imfs_v,0.210758448,2.513,Non-Tertiary,Discovery
n088t1,lh,iprs,0.17798461,2.637,Non-Tertiary,Discovery
n088t1,lh,pimfs,0.289964497,2.283,Tertiary,Discovery
n088t1,lh,pmfs_a,0.267062426,2.382,Tertiary,Discovery
n088t1,lh,pmfs_i,0.266219229,2.456,Tertiary,Discovery
n088t1,lh,pmfs_p,0.345198333,2.494,Tertiary,Discovery
n088t1,lh,sfs_a,0.11960382,2.666,Non-Tertiary,Discovery
n088t1,lh,sfs_p,0.19812946,2.631,Non-Tertiary,Discovery
n088t1,lh,sprs,0.315860152,2.718,Non-Tertiary,Discovery
n088t1,rh,central,0.106143117,2.287,Non-Tertiary,Discovery
n088t1,rh,ifs,0.26428014,2.428,Non-Tertiary,Discovery
n088t1,rh,imfs_h,0.203504056,2.312,Non-Tertiary,Discovery
n088t1,rh,imfs_v,0.193800211,2.179,Non-Tertiary,Discovery
n088t1,rh,iprs,0.242418453,2.108,Non-Tertiary,Discovery
n088t1,rh,pimfs,0.070007034,3.005,Tertiary,Discovery
n088t1,rh,pmfs_a,0.27340588,2.292,Tertiary,Discovery
n088t1,rh,pmfs_i,0.251663834,2.569,Tertiary,Discovery
n088t1,rh,pmfs_p,0.244497821,2.483,Tertiary,Discovery
n088t1,rh,sfs_a,0.106370024,2.466,Non-Tertiary,Discovery
n088t1,rh,sfs_p,0.323436677,2.419,Non-Tertiary,Discovery
n088t1,rh,sprs,0.216683045,1.875,Non-Tertiary,Discovery
n097t1,lh,central,0.221353576,2.121,Non-Tertiary,Discovery
n097t1,lh,ifs,0.14960666,2.476,Non-Tertiary,Discovery
n097t1,lh,imfs_h,0.162719578,2.218,Non-Tertiary,Discovery
n097t1,lh,imfs_v,0.256680012,2.319,Non-Tertiary,Discovery
n097t1,lh,iprs,0.277655154,2.776,Non-Tertiary,Discovery
n097t1,lh,pimfs,-0.016962407,2.395,Tertiary,Discovery
n097t1,lh,pmfs_a,-0.063898668,2.317,Tertiary,Discovery
n097t1,lh,pmfs_i,0.224458784,2.459,Tertiary,Discovery
n097t1,lh,pmfs_p,0.093966924,2.657,Tertiary,Discovery
n097t1,lh,sfs_a,0.245267347,2.45,Non-Tertiary,Discovery
n097t1,lh,sfs_p,0.230010077,2.67,Non-Tertiary,Discovery
n097t1,lh,sprs,0.140351757,2.685,Non-Tertiary,Discovery
n097t1,rh,central,0.222775877,1.973,Non-Tertiary,Discovery
n097t1,rh,ifs,0.199596956,2.164,Non-Tertiary,Discovery
n097t1,rh,imfs_h,0.141608283,2.153,Non-Tertiary,Discovery
n097t1,rh,imfs_v,0.167194128,1.982,Non-Tertiary,Discovery
n097t1,rh,iprs,0.189323053,2.542,Non-Tertiary,Discovery
n097t1,rh,pimfs,0.341498792,2.132,Tertiary,Discovery
n097t1,rh,pmfs_a,0.137031272,2.383,Tertiary,Discovery
n097t1,rh,pmfs_i,0.123443604,2.488,Tertiary,Discovery
n097t1,rh,pmfs_p,0.025300791,2.45,Tertiary,Discovery
n097t1,rh,sfs_a,0.142265171,2.403,Non-Tertiary,Discovery
n097t1,rh,sfs_p,0.244716078,2.283,Non-Tertiary,Discovery
n097t1,rh,sprs,0.166406289,2.363,Non-Tertiary,Discovery
n101t1,lh,central,0.22779049,2.12,Non-Tertiary,Discovery
n101t1,lh,ifs,0.250764102,2.483,Non-Tertiary,Discovery
n101t1,lh,imfs_h,0.306592584,2.463,Non-Tertiary,Discovery
n101t1,lh,imfs_v,0.22085458,2.423,Non-Tertiary,Discovery
n101t1,lh,iprs,0.257595986,2.862,Non-Tertiary,Discovery
n101t1,lh,pimfs,-0.017851861,2.454,Tertiary,Discovery
n101t1,lh,pmfs_a,0.22134909,2.47,Tertiary,Discovery
n101t1,lh,pmfs_i,0.138564691,2.58,Tertiary,Discovery
n101t1,lh,pmfs_p,0.102147222,2.406,Tertiary,Discovery
n101t1,lh,sfs_a,0.219629705,2.813,Non-Tertiary,Discovery
n101t1,lh,sfs_p,0.360569507,2.808,Non-Tertiary,Discovery
n101t1,lh,sprs,0.259127438,2.603,Non-Tertiary,Discovery
n101t1,rh,central,0.222799525,2.106,Non-Tertiary,Discovery
n101t1,rh,ifs,0.115481965,2.585,Non-Tertiary,Discovery
n101t1,rh,imfs_h,0.102544211,1.951,Non-Tertiary,Discovery
n101t1,rh,imfs_v,0.285051554,1.637,Non-Tertiary,Discovery
n101t1,rh,iprs,0.223236665,2.691,Non-Tertiary,Discovery
n101t1,rh,pimfs,-0.049184378,2.214,Tertiary,Discovery
n101t1,rh,pmfs_a,0.124981463,2.27,Tertiary,Discovery
n101t1,rh,pmfs_i,0.421858549,2.441,Tertiary,Discovery
n101t1,rh,pmfs_p,0.275157601,2.539,Tertiary,Discovery
n101t1,rh,sfs_a,0.157968208,2.733,Non-Tertiary,Discovery
n101t1,rh,sfs_p,0.283093721,2.593,Non-Tertiary,Discovery
n101t1,rh,sprs,0.281045973,2.666,Non-Tertiary,Discovery
n104t1,lh,central,0.221821845,2.19,Non-Tertiary,Discovery
n104t1,lh,ifs,0.185771644,2.688,Non-Tertiary,Discovery
n104t1,lh,imfs_h,0.196085021,2.563,Non-Tertiary,Discovery
n104t1,lh,imfs_v,0.162405163,2.408,Non-Tertiary,Discovery
n104t1,lh,iprs,0.355259359,2.973,Non-Tertiary,Discovery
n104t1,lh,pimfs,-0.130251616,3.1,Tertiary,Discovery
n104t1,lh,pmfs_a,0.114889637,2.776,Tertiary,Discovery
n104t1,lh,pmfs_i,0.002359343,2.266,Tertiary,Discovery
n104t1,lh,pmfs_p,0.031907976,2.531,Tertiary,Discovery
n104t1,lh,sfs_a,0.105516426,2.87,Non-Tertiary,Discovery
n104t1,lh,sfs_p,0.307603538,2.598,Non-Tertiary,Discovery
n104t1,lh,sprs,0.253994972,2.665,Non-Tertiary,Discovery
n104t1,rh,central,0.197324738,2.226,Non-Tertiary,Discovery
n104t1,rh,ifs,0.205008924,2.479,Non-Tertiary,Discovery
n104t1,rh,imfs_h,0.111928977,2.776,Non-Tertiary,Discovery
n104t1,rh,imfs_v,0.219895095,1.906,Non-Tertiary,Discovery
n104t1,rh,iprs,0.256697536,2.824,Non-Tertiary,Discovery
n104t1,rh,pimfs,-0.258096576,3.294,Tertiary,Discovery
n104t1,rh,pmfs_a,0.208319291,2.259,Tertiary,Discovery
n104t1,rh,pmfs_i,-0.016039666,2.369,Tertiary,Discovery
n104t1,rh,pmfs_p,-0.377914816,3.827,Tertiary,Discovery
n104t1,rh,sfs_a,0.280019194,2.269,Non-Tertiary,Discovery
n104t1,rh,sfs_p,0.262874633,2.513,Non-Tertiary,Discovery
n104t1,rh,sprs,0.255345523,2.659,Non-Tertiary,Discovery
n114t1,lh,central,0.242448032,2.133,Non-Tertiary,Discovery
n114t1,lh,ifs,0.169672117,2.166,Non-Tertiary,Discovery
n114t1,lh,imfs_h,0.360620886,2.155,Non-Tertiary,Discovery
n114t1,lh,imfs_v,0.196674779,2.154,Non-Tertiary,Discovery
n114t1,lh,iprs,0.282836914,2.535,Non-Tertiary,Discovery
n114t1,lh,pimfs,-0.062017001,1.927,Tertiary,Discovery
n114t1,lh,pmfs_a,-0.019959996,2.291,Tertiary,Discovery
n114t1,lh,pmfs_i,0.127090886,2.394,Tertiary,Discovery
n114t1,lh,pmfs_p,0.186614275,2.3,Tertiary,Discovery
n114t1,lh,sfs_a,0.076069459,2.342,Non-Tertiary,Discovery
n114t1,lh,sfs_p,0.270037889,2.576,Non-Tertiary,Discovery
n114t1,lh,sprs,0.172576666,2.342,Non-Tertiary,Discovery
n114t1,rh,central,0.245429009,2.024,Non-Tertiary,Discovery
n114t1,rh,ifs,0.201953158,2.067,Non-Tertiary,Discovery
n114t1,rh,imfs_h,0.136848137,1.864,Non-Tertiary,Discovery
n114t1,rh,imfs_v,0.203944519,1.72,Non-Tertiary,Discovery
n114t1,rh,iprs,0.266061693,2.45,Non-Tertiary,Discovery
n114t1,rh,pimfs,-0.233593464,2.543,Tertiary,Discovery
n114t1,rh,pmfs_a,0.063073747,1.908,Tertiary,Discovery
n114t1,rh,pmfs_i,0.294932753,1.94,Tertiary,Discovery
n114t1,rh,pmfs_p,0.09510731,1.914,Tertiary,Discovery
n114t1,rh,sfs_a,0.228963092,2.255,Non-Tertiary,Discovery
n114t1,rh,sfs_p,0.156077698,2.264,Non-Tertiary,Discovery
n114t1,rh,sprs,0.199889719,2.409,Non-Tertiary,Discovery
n115t1,lh,central,0.247797981,2.269,Non-Tertiary,Discovery
n115t1,lh,ifs,0.228144974,2.592,Non-Tertiary,Discovery
n115t1,lh,imfs_h,0.276032597,2.416,Non-Tertiary,Discovery
n115t1,lh,imfs_v,0.265910059,2.199,Non-Tertiary,Discovery
n115t1,lh,iprs,0.320969313,2.773,Non-Tertiary,Discovery
n115t1,lh,pimfs,0.370244801,2.37,Tertiary,Discovery
n115t1,lh,pmfs_a,-0.183713034,2.421,Tertiary,Discovery
n115t1,lh,pmfs_i,-0.082480066,2.242,Tertiary,Discovery
n115t1,lh,pmfs_p,-0.131856263,2.471,Tertiary,Discovery
n115t1,lh,sfs_a,0.306560099,2.395,Non-Tertiary,Discovery
n115t1,lh,sfs_p,0.315063417,2.663,Non-Tertiary,Discovery
n115t1,lh,sprs,0.224629626,2.626,Non-Tertiary,Discovery
n115t1,rh,central,0.190242529,2.085,Non-Tertiary,Discovery
n115t1,rh,ifs,0.216738984,2.467,Non-Tertiary,Discovery
n115t1,rh,imfs_h,0.152246654,2.039,Non-Tertiary,Discovery
n115t1,rh,imfs_v,0.001594703,2.13,Non-Tertiary,Discovery
n115t1,rh,iprs,0.256685317,2.729,Non-Tertiary,Discovery
n115t1,rh,pimfs,0.226280585,2.037,Tertiary,Discovery
n115t1,rh,pmfs_a,-0.198417574,2.031,Tertiary,Discovery
n115t1,rh,pmfs_i,0.140962645,2.376,Tertiary,Discovery
n115t1,rh,pmfs_p,-0.171382487,2.648,Tertiary,Discovery
n115t1,rh,sfs_a,0.347621739,2.331,Non-Tertiary,Discovery
n115t1,rh,sfs_p,0.302624047,2.509,Non-Tertiary,Discovery
n115t1,rh,sprs,0.248280987,2.647,Non-Tertiary,Discovery
n116t1,lh,central,0.21896407,2.042,Non-Tertiary,Discovery
n116t1,lh,ifs,0.165104374,2.304,Non-Tertiary,Discovery
n116t1,lh,imfs_h,0.196386531,2.436,Non-Tertiary,Discovery
n116t1,lh,imfs_v,0.041117858,1.995,Non-Tertiary,Discovery
n116t1,lh,iprs,0.28625074,2.598,Non-Tertiary,Discovery
n116t1,lh,pimfs,-0.013866991,2.275,Tertiary,Discovery
n116t1,lh,pmfs_a,0.400871813,2.43,Tertiary,Discovery
n116t1,lh,pmfs_i,-0.043837193,2.454,Tertiary,Discovery
n116t1,lh,pmfs_p,-0.063804135,2.598,Tertiary,Discovery
n116t1,lh,sfs_a,0.013036843,2.619,Non-Tertiary,Discovery
n116t1,lh,sfs_p,0.232139185,2.496,Non-Tertiary,Discovery
n116t1,lh,sprs,0.228811726,2.489,Non-Tertiary,Discovery
n116t1,rh,central,0.228524417,1.937,Non-Tertiary,Discovery
n116t1,rh,ifs,0.158362955,2.372,Non-Tertiary,Discovery
n116t1,rh,imfs_h,0.152287394,1.876,Non-Tertiary,Discovery
n116t1,rh,imfs_v,0.155207276,1.933,Non-Tertiary,Discovery
n116t1,rh,iprs,0.278702289,2.49,Non-Tertiary,Discovery
n116t1,rh,pimfs,0.135198027,2.147,Tertiary,Discovery
n116t1,rh,pmfs_a,0.349734396,2.015,Tertiary,Discovery
n116t1,rh,pmfs_i,0.132691503,2.343,Tertiary,Discovery
n116t1,rh,pmfs_p,-0.017291965,2.376,Tertiary,Discovery
n116t1,rh,sfs_a,0.125120804,2.386,Non-Tertiary,Discovery
n116t1,rh,sfs_p,0.236458898,2.51,Non-Tertiary,Discovery
n116t1,rh,sprs,0.162873089,2.56,Non-Tertiary,Discovery
n120t1,lh,central,0.185247883,2.129,Non-Tertiary,Discovery
n120t1,lh,ifs,0.137512654,2.454,Non-Tertiary,Discovery
n120t1,lh,imfs_h,0.216012746,2.725,Non-Tertiary,Discovery
n120t1,lh,imfs_v,0.064885952,2.192,Non-Tertiary,Discovery
n120t1,lh,iprs,0.309710473,2.535,Non-Tertiary,Discovery
n120t1,lh,pimfs,0.062667638,2.182,Tertiary,Discovery
n120t1,lh,pmfs_a,0.309118927,2.538,Tertiary,Discovery
n120t1,lh,pmfs_i,0.301476628,2.601,Tertiary,Discovery
n120t1,lh,pmfs_p,-0.032718088,2.41,Tertiary,Discovery
n120t1,lh,sfs_a,0.204194367,2.634,Non-Tertiary,Discovery
n120t1,lh,sfs_p,0.307040721,2.472,Non-Tertiary,Discovery
n120t1,lh,sprs,0.289639771,2.456,Non-Tertiary,Discovery
n120t1,rh,central,0.171641827,2.164,Non-Tertiary,Discovery
n120t1,rh,ifs,0.185390085,2.178,Non-Tertiary,Discovery
n120t1,rh,imfs_h,0.111794315,2.14,Non-Tertiary,Discovery
n120t1,rh,imfs_v,0.249723226,1.778,Non-Tertiary,Discovery
n120t1,rh,iprs,0.160217226,2.552,Non-Tertiary,Discovery
n120t1,rh,pimfs,0.000408054,2.204,Tertiary,Discovery
n120t1,rh,pmfs_a,0.053822774,1.964,Tertiary,Discovery
n120t1,rh,pmfs_i,-0.113270335,2.35,Tertiary,Discovery
n120t1,rh,pmfs_p,0.073463537,2.642,Tertiary,Discovery
n120t1,rh,sfs_a,0.18313323,2.308,Non-Tertiary,Discovery
n120t1,rh,sfs_p,0.270008802,2.386,Non-Tertiary,Discovery
n120t1,rh,sprs,0.266109318,2.428,Non-Tertiary,Discovery
n139t1,lh,central,0.160368681,2.33,Non-Tertiary,Discovery
n139t1,lh,ifs,0.048803356,2.363,Non-Tertiary,Discovery
n139t1,lh,imfs_h,0.209425211,2.4,Non-Tertiary,Discovery
n139t1,lh,imfs_v,0.224334672,2.209,Non-Tertiary,Discovery
n139t1,lh,iprs,0.305224895,2.727,Non-Tertiary,Discovery
n139t1,lh,pimfs,0.072545819,2.605,Tertiary,Discovery
n139t1,lh,pmfs_a,0.312167048,2.334,Tertiary,Discovery
n139t1,lh,pmfs_i,0.161329567,2.396,Tertiary,Discovery
n139t1,lh,pmfs_p,0.148006335,2.494,Tertiary,Discovery
n139t1,lh,sfs_a,0.204402924,2.357,Non-Tertiary,Discovery
n139t1,lh,sfs_p,0.222651213,2.523,Non-Tertiary,Discovery
n139t1,lh,sprs,0.276416719,2.72,Non-Tertiary,Discovery
n139t1,rh,central,0.213432699,2.091,Non-Tertiary,Discovery
n139t1,rh,ifs,0.139778271,2.391,Non-Tertiary,Discovery
n139t1,rh,imfs_h,0.258063883,2.04,Non-Tertiary,Discovery
n139t1,rh,imfs_v,0.20860365,2.05,Non-Tertiary,Discovery
n139t1,rh,iprs,0.366915613,2.596,Non-Tertiary,Discovery
n139t1,rh,pimfs,-0.06008786,1.939,Tertiary,Discovery
n139t1,rh,pmfs_a,-0.07149215,2.647,Tertiary,Discovery
n139t1,rh,pmfs_i,0.122289613,2.357,Tertiary,Discovery
n139t1,rh,pmfs_p,-0.061614726,2.494,Tertiary,Discovery
n139t1,rh,sfs_a,0.244875029,2.384,Non-Tertiary,Discovery
n139t1,rh,sfs_p,0.191891968,2.396,Non-Tertiary,Discovery
n139t1,rh,sprs,0.263326764,2.651,Non-Tertiary,Discovery
n175t1,lh,central,0.195730552,1.999,Non-Tertiary,Discovery
n175t1,lh,ifs,0.208809003,2.598,Non-Tertiary,Discovery
n175t1,lh,imfs_h,0.310160905,2.763,Non-Tertiary,Discovery
n175t1,lh,imfs_v,0.159030512,2.677,Non-Tertiary,Discovery
n175t1,lh,iprs,0.259042084,2.663,Non-Tertiary,Discovery
n175t1,lh,pimfs,-0.089945614,3.198,Tertiary,Discovery
n175t1,lh,pmfs_a,0.071223147,3.108,Tertiary,Discovery
n175t1,lh,pmfs_i,-0.072030686,3.139,Tertiary,Discovery
n175t1,lh,pmfs_p,0.058946576,2.53,Tertiary,Discovery
n175t1,lh,sfs_a,0.240880847,2.6,Non-Tertiary,Discovery
n175t1,lh,sfs_p,0.22625798,2.88,Non-Tertiary,Discovery
n175t1,lh,sprs,0.256771922,2.896,Non-Tertiary,Discovery
n175t1,rh,central,0.152197063,1.977,Non-Tertiary,Discovery
n175t1,rh,ifs,0.17618686,2.579,Non-Tertiary,Discovery
n175t1,rh,imfs_h,-0.019444115,2.143,Non-Tertiary,Discovery
n175t1,rh,imfs_v,0.096183643,2.297,Non-Tertiary,Discovery
n175t1,rh,iprs,0.162821993,2.69,Non-Tertiary,Discovery
n175t1,rh,pimfs,-0.007675975,2.911,Tertiary,Discovery
n175t1,rh,pmfs_a,0.276057929,2.535,Tertiary,Discovery
n175t1,rh,pmfs_i,0.117291808,2.796,Tertiary,Discovery
n175t1,rh,pmfs_p,-0.184129611,3.454,Tertiary,Discovery
n175t1,rh,sfs_a,0.246486306,2.59,Non-Tertiary,Discovery
n175t1,rh,sfs_p,0.243315786,2.825,Non-Tertiary,Discovery
n175t1,rh,sprs,0.288057894,2.804,Non-Tertiary,Discovery
n185t1,lh,central,0.244997472,1.92,Non-Tertiary,Discovery
n185t1,lh,ifs,0.152089998,2.466,Non-Tertiary,Discovery
n185t1,lh,imfs_h,0.209758833,2.236,Non-Tertiary,Discovery
n185t1,lh,imfs_v,0.204410344,2.607,Non-Tertiary,Discovery
n185t1,lh,iprs,0.195254028,2.603,Non-Tertiary,Discovery
n185t1,lh,pimfs,0.091810264,2.148,Tertiary,Discovery
n185t1,lh,pmfs_a,0.328641206,2.049,Tertiary,Discovery
n185t1,lh,pmfs_i,0.186395764,2.294,Tertiary,Discovery
n185t1,lh,pmfs_p,-0.066641405,2.861,Tertiary,Discovery
n185t1,lh,sfs_a,0.091508009,2.37,Non-Tertiary,Discovery
n185t1,lh,sfs_p,0.219537854,2.361,Non-Tertiary,Discovery
n185t1,lh,sprs,0.285998076,2.236,Non-Tertiary,Discovery
n185t1,rh,central,0.219983041,1.835,Non-Tertiary,Discovery
n185t1,rh,ifs,0.184320599,1.897,Non-Tertiary,Discovery
n185t1,rh,imfs_h,0.206123963,2.252,Non-Tertiary,Discovery
n185t1,rh,imfs_v,0.238951549,2.122,Non-Tertiary,Discovery
n185t1,rh,iprs,0.322077096,2.258,Non-Tertiary,Discovery
n185t1,rh,pimfs,-0.051641107,2.097,Tertiary,Discovery
n185t1,rh,pmfs_a,0.292143106,2.068,Tertiary,Discovery
n185t1,rh,pmfs_i,0.348779708,2.199,Tertiary,Discovery
n185t1,rh,pmfs_p,0.150679305,2.114,Tertiary,Discovery
n185t1,rh,sfs_a,0.135437936,2.158,Non-Tertiary,Discovery
n185t1,rh,sfs_p,0.26905936,2.171,Non-Tertiary,Discovery
n185t1,rh,sprs,0.243379399,2.148,Non-Tertiary,Discovery
n193t1,lh,central,0.199195638,2.284,Non-Tertiary,Discovery
n193t1,lh,ifs,0.209601194,2.401,Non-Tertiary,Discovery
n193t1,lh,imfs_h,0.213469043,2.315,Non-Tertiary,Discovery
n193t1,lh,imfs_v,0.253228247,2.287,Non-Tertiary,Discovery
n193t1,lh,iprs,0.285165042,2.832,Non-Tertiary,Discovery
n193t1,lh,pimfs,-0.049923502,2.726,Tertiary,Discovery
n193t1,lh,pmfs_a,0.092158049,2.23,Tertiary,Discovery
n193t1,lh,pmfs_i,-0.155729786,2.563,Tertiary,Discovery
n193t1,lh,pmfs_p,-0.112332284,2.73,Tertiary,Discovery
n193t1,lh,sfs_a,0.303627193,2.489,Non-Tertiary,Discovery
n193t1,lh,sfs_p,0.061084174,2.624,Non-Tertiary,Discovery
n193t1,lh,sprs,0.286395848,2.741,Non-Tertiary,Discovery
n193t1,rh,central,0.237022638,2.26,Non-Tertiary,Discovery
n193t1,rh,ifs,0.222456366,2.326,Non-Tertiary,Discovery
n193t1,rh,imfs_h,0.258938819,1.966,Non-Tertiary,Discovery
n193t1,rh,imfs_v,0.097783424,2.229,Non-Tertiary,Discovery
n193t1,rh,iprs,0.219950184,2.147,Non-Tertiary,Discovery
n193t1,rh,pimfs,-0.067218937,2.503,Tertiary,Discovery
n193t1,rh,pmfs_a,0.18308413,2.449,Tertiary,Discovery
n193t1,rh,pmfs_i,-0.129553407,2.316,Tertiary,Discovery
n193t1,rh,pmfs_p,0.204224363,2.4,Tertiary,Discovery
n193t1,rh,sfs_a,0.146355331,2.516,Non-Tertiary,Discovery
n193t1,rh,sfs_p,0.294927031,2.622,Non-Tertiary,Discovery
n193t1,rh,sprs,0.240849793,1.978,Non-Tertiary,Discovery
n196t1,lh,central,0.205645233,2.144,Non-Tertiary,Discovery
n196t1,lh,ifs,0.267446041,2.733,Non-Tertiary,Discovery
n196t1,lh,imfs_h,0.25713712,2.511,Non-Tertiary,Discovery
n196t1,lh,imfs_v,0.264937609,2.668,Non-Tertiary,Discovery
n196t1,lh,iprs,0.305680305,2.698,Non-Tertiary,Discovery
n196t1,lh,pimfs,0.006191514,2.471,Tertiary,Discovery
n196t1,lh,pmfs_a,-0.134569362,3.115,Tertiary,Discovery
n196t1,lh,pmfs_i,0.001459862,2.637,Tertiary,Discovery
n196t1,lh,pmfs_p,0.05089562,2.805,Tertiary,Discovery
n196t1,lh,sfs_a,0.226418778,2.822,Non-Tertiary,Discovery
n196t1,lh,sfs_p,0.297247261,2.799,Non-Tertiary,Discovery
n196t1,lh,sprs,0.275547832,2.661,Non-Tertiary,Discovery
n196t1,rh,central,0.175034449,2.036,Non-Tertiary,Discovery
n196t1,rh,ifs,0.204189003,2.582,Non-Tertiary,Discovery
n196t1,rh,imfs_h,0.297903657,2.313,Non-Tertiary,Discovery
n196t1,rh,imfs_v,0.266595811,2.23,Non-Tertiary,Discovery
n196t1,rh,iprs,0.244062468,2.619,Non-Tertiary,Discovery
n196t1,rh,pimfs,-0.03253511,2.073,Tertiary,Discovery
n196t1,rh,pmfs_a,0.014365605,2.338,Tertiary,Discovery
n196t1,rh,pmfs_i,0.248267069,2.495,Tertiary,Discovery
n196t1,rh,pmfs_p,0.042774223,2.401,Tertiary,Discovery
n196t1,rh,sfs_a,0.247509629,2.637,Non-Tertiary,Discovery
n196t1,rh,sfs_p,0.290607601,2.547,Non-Tertiary,Discovery
n196t1,rh,sprs,0.256411523,2.672,Non-Tertiary,Discovery
n198t1,lh,central,0.20932281,1.957,Non-Tertiary,Discovery
n198t1,lh,ifs,0.209175169,2.408,Non-Tertiary,Discovery
n198t1,lh,imfs_h,0.067381509,2.343,Non-Tertiary,Discovery
n198t1,lh,imfs_v,-0.028938549,2.359,Non-Tertiary,Discovery
n198t1,lh,iprs,0.18750973,2.322,Non-Tertiary,Discovery
n198t1,lh,pimfs,0.332258552,2.726,Tertiary,Discovery
n198t1,lh,pmfs_a,0.021286314,1.977,Tertiary,Discovery
n198t1,lh,pmfs_i,0.203433648,2.568,Tertiary,Discovery
n198t1,lh,pmfs_p,-0.281984627,4.014,Tertiary,Discovery
n198t1,lh,sfs_a,0.253033519,2.898,Non-Tertiary,Discovery
n198t1,lh,sfs_p,0.220339507,2.553,Non-Tertiary,Discovery
n198t1,lh,sprs,0.311486602,2.519,Non-Tertiary,Discovery
n198t1,rh,central,0.200756088,1.964,Non-Tertiary,Discovery
n198t1,rh,ifs,0.145313993,2.504,Non-Tertiary,Discovery
n198t1,rh,imfs_h,0.291711479,2.339,Non-Tertiary,Discovery
n198t1,rh,imfs_v,0.234992594,2.144,Non-Tertiary,Discovery
n198t1,rh,iprs,0.270596683,2.435,Non-Tertiary,Discovery
n198t1,rh,pimfs,0.074038625,1.817,Tertiary,Discovery
n198t1,rh,pmfs_a,0.202187106,2.23,Tertiary,Discovery
n198t1,rh,pmfs_i,-0.080854267,2.83,Tertiary,Discovery
n198t1,rh,pmfs_p,-0.226445988,2.875,Tertiary,Discovery
n198t1,rh,sfs_a,0.267392039,2.697,Non-Tertiary,Discovery
n198t1,rh,sfs_p,0.234551609,2.568,Non-Tertiary,Discovery
n198t1,rh,sprs,0.201472923,2.518,Non-Tertiary,Discovery
n013t2,rh,central,0.201656565,1.865,Non-Tertiary,Replication
n013t2,lh,central,0.190555081,2.144,Non-Tertiary,Replication
n013t2,rh,ifs,0.180208027,2.132,Non-Tertiary,Replication
n013t2,lh,ifs,0.192010358,2.311,Non-Tertiary,Replication
n013t2,rh,imfs_h,0.282158226,2.456,Non-Tertiary,Replication
n013t2,lh,imfs_h,0.142184004,2.302,Non-Tertiary,Replication
n013t2,rh,imfs_v,0.226562187,1.842,Non-Tertiary,Replication
n013t2,lh,imfs_v,0.13211897,2.589,Non-Tertiary,Replication
n013t2,rh,iprs,0.303428859,2.399,Non-Tertiary,Replication
n013t2,lh,iprs,0.242968291,2.593,Non-Tertiary,Replication
n013t2,rh,pimfs,-0.344510525,4.121,Tertiary,Replication
n013t2,lh,pimfs,0.154703647,2.185,Tertiary,Replication
n013t2,rh,pmfs_a,0.032824434,2.12,Tertiary,Replication
n013t2,lh,pmfs_a,0.101919375,2.01,Tertiary,Replication
n013t2,rh,pmfs_i,-0.140079945,2.092,Tertiary,Replication
n013t2,lh,pmfs_i,-0.359020799,3.314,Tertiary,Replication
n013t2,rh,pmfs_p,0.201260939,2.395,Tertiary,Replication
n013t2,lh,pmfs_p,0.1122756,2.601,Tertiary,Replication
n013t2,rh,sfs_a,0.166076511,2.336,Non-Tertiary,Replication
n013t2,lh,sfs_a,0.256686449,2.492,Non-Tertiary,Replication
n013t2,rh,sfs_p,0.224349603,2.479,Non-Tertiary,Replication
n013t2,lh,sfs_p,0.251512617,2.673,Non-Tertiary,Replication
n013t2,rh,sprs,0.288127035,2.279,Non-Tertiary,Replication
n013t2,lh,sprs,0.283796906,2.624,Non-Tertiary,Replication
n016t2,rh,central,0.280105263,1.865,Non-Tertiary,Replication
n016t2,lh,central,0.218848586,1.931,Non-Tertiary,Replication
n016t2,rh,ifs,0.258517265,2.038,Non-Tertiary,Replication
n016t2,lh,ifs,0.27524069,2.397,Non-Tertiary,Replication
n016t2,rh,imfs_h,0.101513192,1.842,Non-Tertiary,Replication
n016t2,lh,imfs_h,0.236057788,2.014,Non-Tertiary,Replication
n016t2,rh,imfs_v,0.235114217,1.758,Non-Tertiary,Replication
n016t2,lh,imfs_v,0.300518006,2.174,Non-Tertiary,Replication
n016t2,rh,iprs,0.231328964,2.459,Non-Tertiary,Replication
n016t2,lh,iprs,0.272227198,2.665,Non-Tertiary,Replication
n016t2,rh,pimfs,0.061611012,1.667,Tertiary,Replication
n016t2,lh,pimfs,-0.011874542,2.238,Tertiary,Replication
n016t2,rh,pmfs_a,-0.016577631,1.732,Tertiary,Replication
n016t2,lh,pmfs_a,0.041212291,1.937,Tertiary,Replication
n016t2,rh,pmfs_i,0.14934364,2.115,Tertiary,Replication
n016t2,lh,pmfs_i,-0.048149489,2.133,Tertiary,Replication
n016t2,rh,pmfs_p,0.048561767,2.323,Tertiary,Replication
n016t2,lh,pmfs_p,0.140014768,2.132,Tertiary,Replication
n016t2,rh,sfs_a,0.245349899,1.888,Non-Tertiary,Replication
n016t2,lh,sfs_a,0.330006063,2.543,Non-Tertiary,Replication
n016t2,rh,sfs_p,0.217877746,2.364,Non-Tertiary,Replication
n016t2,lh,sfs_p,0.220048591,2.505,Non-Tertiary,Replication
n016t2,rh,sprs,0.327894419,2.376,Non-Tertiary,Replication
n016t2,lh,sprs,0.236945644,2.386,Non-Tertiary,Replication
n018t2,rh,central,0.186016396,1.899,Non-Tertiary,Replication
n018t2,lh,central,0.194160715,2.019,Non-Tertiary,Replication
n018t2,rh,ifs,0.167346373,2.217,Non-Tertiary,Replication
n018t2,lh,ifs,0.084038295,2.6,Non-Tertiary,Replication
n018t2,rh,imfs_h,0.041091044,1.675,Non-Tertiary,Replication
n018t2,lh,imfs_h,0.261857152,2.419,Non-Tertiary,Replication
n018t2,rh,imfs_v,0.087869622,1.731,Non-Tertiary,Replication
n018t2,lh,imfs_v,0.172189623,2.083,Non-Tertiary,Replication
n018t2,rh,iprs,0.230057359,2.385,Non-Tertiary,Replication
n018t2,lh,iprs,0.324378908,2.745,Non-Tertiary,Replication
n018t2,rh,pimfs,0.240788266,1.895,Tertiary,Replication
n018t2,lh,pimfs,0.054899044,2.576,Tertiary,Replication
n018t2,rh,pmfs_a,0.196293682,2.136,Tertiary,Replication
n018t2,lh,pmfs_a,0.117110603,2.209,Tertiary,Replication
n018t2,rh,pmfs_i,0.172425792,2.138,Tertiary,Replication
n018t2,lh,pmfs_i,0.16717051,2.466,Tertiary,Replication
n018t2,rh,pmfs_p,-0.333593696,3.13,Tertiary,Replication
n018t2,lh,pmfs_p,0.152202457,2.893,Tertiary,Replication
n018t2,rh,sfs_a,0.131772697,2.388,Non-Tertiary,Replication
n018t2,lh,sfs_a,0.062394407,2.817,Non-Tertiary,Replication
n018t2,rh,sfs_p,0.2138751,2.395,Non-Tertiary,Replication
n018t2,lh,sfs_p,0.25266102,2.73,Non-Tertiary,Replication
n018t2,rh,sprs,0.333664626,2.375,Non-Tertiary,Replication
n018t2,lh,sprs,0.162059188,2.387,Non-Tertiary,Replication
n022t2,rh,central,0.240875974,1.993,Non-Tertiary,Replication
n022t2,lh,central,0.218311667,1.969,Non-Tertiary,Replication
n022t2,rh,ifs,0.247816458,2.566,Non-Tertiary,Replication
n022t2,lh,ifs,0.193940088,2.442,Non-Tertiary,Replication
n022t2,rh,imfs_h,0.121610932,2.504,Non-Tertiary,Replication
n022t2,lh,imfs_h,0.162724048,2.469,Non-Tertiary,Replication
n022t2,rh,imfs_v,-0.062458772,2.062,Non-Tertiary,Replication
n022t2,lh,imfs_v,0.078523077,2.221,Non-Tertiary,Replication
n022t2,rh,iprs,0.237046242,2.636,Non-Tertiary,Replication
n022t2,lh,iprs,0.237381518,2.772,Non-Tertiary,Replication
n022t2,rh,pimfs,-0.035404176,2.364,Tertiary,Replication
n022t2,lh,pimfs,0.194039464,2.413,Tertiary,Replication
n022t2,rh,pmfs_a,0.096013218,2.223,Tertiary,Replication
n022t2,lh,pmfs_a,0.244942039,2.431,Tertiary,Replication
n022t2,rh,pmfs_i,0.165722564,2.685,Tertiary,Replication
n022t2,lh,pmfs_i,0.1849747,2.535,Tertiary,Replication
n022t2,rh,pmfs_p,-0.08175306,2.602,Tertiary,Replication
n022t2,lh,pmfs_p,0.169119865,2.586,Tertiary,Replication
n022t2,rh,sfs_a,0.191981122,2.587,Non-Tertiary,Replication
n022t2,lh,sfs_a,0.22847566,2.664,Non-Tertiary,Replication
n022t2,rh,sfs_p,0.231678352,2.676,Non-Tertiary,Replication
n022t2,lh,sfs_p,0.151990309,3.017,Non-Tertiary,Replication
n022t2,rh,sprs,0.240209639,2.546,Non-Tertiary,Replication
n022t2,lh,sprs,0.294786692,2.401,Non-Tertiary,Replication
n028t3,rh,central,0.201385781,1.919,Non-Tertiary,Replication
n028t3,lh,central,0.250029087,1.874,Non-Tertiary,Replication
n028t3,rh,ifs,0.175033554,1.855,Non-Tertiary,Replication
n028t3,lh,ifs,0.212219283,2.248,Non-Tertiary,Replication
n028t3,rh,imfs_h,0.232558206,1.422,Non-Tertiary,Replication
n028t3,lh,imfs_h,0.191028222,2.146,Non-Tertiary,Replication
n028t3,rh,imfs_v,0.163313389,1.586,Non-Tertiary,Replication
n028t3,lh,imfs_v,0.165096879,1.827,Non-Tertiary,Replication
n028t3,rh,iprs,0.274967402,2.399,Non-Tertiary,Replication
n028t3,lh,iprs,0.288916558,2.566,Non-Tertiary,Replication
n028t3,rh,pimfs,0.133909941,1.728,Tertiary,Replication
n028t3,lh,pimfs,0.216657639,2.092,Tertiary,Replication
n028t3,rh,pmfs_a,0.275800943,1.761,Tertiary,Replication
n028t3,lh,pmfs_a,-0.060829259,1.907,Tertiary,Replication
n028t3,rh,pmfs_i,0.238742426,2.3,Tertiary,Replication
n028t3,lh,pmfs_i,0.14450638,2.397,Tertiary,Replication
n028t3,rh,pmfs_p,-0.251641423,1.934,Tertiary,Replication
n028t3,lh,pmfs_p,-0.071369357,2.67,Tertiary,Replication
n028t3,rh,sfs_a,0.081663035,1.716,Non-Tertiary,Replication
n028t3,lh,sfs_a,0.223982319,2.298,Non-Tertiary,Replication
n028t3,rh,sfs_p,0.207119986,2.278,Non-Tertiary,Replication
n028t3,lh,sfs_p,0.226557747,2.068,Non-Tertiary,Replication
n028t3,rh,sprs,0.269974381,2.376,Non-Tertiary,Replication
n028t3,lh,sprs,0.229153663,2.293,Non-Tertiary,Replication
n029t2,rh,central,0.193930626,1.98,Non-Tertiary,Replication
n029t2,lh,central,0.225383803,2.069,Non-Tertiary,Replication
n029t2,rh,ifs,0.201714113,2.096,Non-Tertiary,Replication
n029t2,lh,ifs,0.180567533,2.359,Non-Tertiary,Replication
n029t2,rh,imfs_h,0.27117312,2.11,Non-Tertiary,Replication
n029t2,lh,imfs_h,0.311693221,2.601,Non-Tertiary,Replication
n029t2,rh,imfs_v,0.104940236,2.099,Non-Tertiary,Replication
n029t2,lh,imfs_v,0.30196926,3.04,Non-Tertiary,Replication
n029t2,rh,iprs,0.272498071,2.425,Non-Tertiary,Replication
n029t2,lh,iprs,0.26963976,2.654,Non-Tertiary,Replication
n029t2,rh,pimfs,-0.003576071,2.168,Tertiary,Replication
n029t2,lh,pimfs,0.019320492,2.522,Tertiary,Replication
n029t2,rh,pmfs_a,0.322485149,2.065,Tertiary,Replication
n029t2,lh,pmfs_a,0.175291643,2.464,Tertiary,Replication
n029t2,rh,pmfs_i,0.110606126,2.2,Tertiary,Replication
n029t2,lh,pmfs_i,0.250697613,2.68,Tertiary,Replication
n029t2,rh,pmfs_p,0.029994925,2.101,Tertiary,Replication
n029t2,lh,pmfs_p,0.009478675,2.706,Tertiary,Replication
n029t2,rh,sfs_a,0.143172741,2.113,Non-Tertiary,Replication
n029t2,lh,sfs_a,0.253366858,2.666,Non-Tertiary,Replication
n029t2,rh,sfs_p,0.326268226,2.486,Non-Tertiary,Replication
n029t2,lh,sfs_p,0.103930242,2.57,Non-Tertiary,Replication
n029t2,rh,sprs,0.27004692,2.488,Non-Tertiary,Replication
n029t2,lh,sprs,0.267321944,2.45,Non-Tertiary,Replication
n030t2,rh,central,0.21488145,1.951,Non-Tertiary,Replication
n030t2,lh,central,0.229346976,2.064,Non-Tertiary,Replication
n030t2,rh,ifs,0.261015594,2.055,Non-Tertiary,Replication
n030t2,lh,ifs,0.267645419,2.317,Non-Tertiary,Replication
n030t2,rh,imfs_h,0.199411541,1.934,Non-Tertiary,Replication
n030t2,lh,imfs_h,0.208890915,2.214,Non-Tertiary,Replication
n030t2,rh,imfs_v,0.255210847,2.099,Non-Tertiary,Replication
n030t2,lh,imfs_v,0.087918401,2.266,Non-Tertiary,Replication
n030t2,rh,iprs,0.24619022,2.72,Non-Tertiary,Replication
n030t2,lh,iprs,0.265152693,2.637,Non-Tertiary,Replication
n030t2,rh,pimfs,0.208877727,1.881,Tertiary,Replication
n030t2,lh,pimfs,0.042708457,2.192,Tertiary,Replication
n030t2,rh,pmfs_a,-0.224787042,2.542,Tertiary,Replication
n030t2,lh,pmfs_a,-0.08458782,2.943,Tertiary,Replication
n030t2,rh,pmfs_i,0.044811435,1.818,Tertiary,Replication
n030t2,lh,pmfs_i,-0.005662895,2.145,Tertiary,Replication
n030t2,rh,pmfs_p,-0.25872606,2.65,Tertiary,Replication
n030t2,lh,pmfs_p,0.198082134,2.211,Tertiary,Replication
n030t2,rh,sfs_a,0.27795431,2.495,Non-Tertiary,Replication
n030t2,lh,sfs_a,0.148630321,2.369,Non-Tertiary,Replication
n030t2,rh,sfs_p,0.20734483,2.54,Non-Tertiary,Replication
n030t2,lh,sfs_p,0.117789574,2.562,Non-Tertiary,Replication
n030t2,rh,sprs,0.242761761,2.433,Non-Tertiary,Replication
n030t2,lh,sprs,0.315389782,2.44,Non-Tertiary,Replication
n032t2,rh,central,0.197912678,1.93,Non-Tertiary,Replication
n032t2,lh,central,0.199277416,2.073,Non-Tertiary,Replication
n032t2,rh,ifs,0.39943397,2.356,Non-Tertiary,Replication
n032t2,lh,ifs,0.240631446,2.595,Non-Tertiary,Replication
n032t2,rh,imfs_h,0.326246798,2.458,Non-Tertiary,Replication
n032t2,lh,imfs_h,0.282648444,2.648,Non-Tertiary,Replication
n032t2,rh,imfs_v,0.121670298,2.095,Non-Tertiary,Replication
n032t2,lh,imfs_v,0.145276964,2.458,Non-Tertiary,Replication
n032t2,rh,iprs,0.18835412,2.64,Non-Tertiary,Replication
n032t2,lh,iprs,0.199970931,2.744,Non-Tertiary,Replication
n032t2,rh,pimfs,0.071118735,2.407,Tertiary,Replication
n032t2,lh,pimfs,0.059335463,2.435,Tertiary,Replication
n032t2,rh,pmfs_a,-0.039665941,2.731,Tertiary,Replication
n032t2,lh,pmfs_a,0.151615858,2.639,Tertiary,Replication
n032t2,rh,pmfs_i,-0.224909022,2.926,Tertiary,Replication
n032t2,lh,pmfs_i,0.265957773,2.79,Tertiary,Replication
n032t2,rh,pmfs_p,0.239547238,2.525,Tertiary,Replication
n032t2,lh,pmfs_p,0.177578717,2.524,Tertiary,Replication
n032t2,rh,sfs_a,0.244549751,2.343,Non-Tertiary,Replication
n032t2,lh,sfs_a,0.215406299,2.674,Non-Tertiary,Replication
n032t2,rh,sfs_p,0.269963026,2.483,Non-Tertiary,Replication
n032t2,lh,sfs_p,0.259099573,2.648,Non-Tertiary,Replication
n032t2,rh,sprs,0.199831203,2.272,Non-Tertiary,Replication
n032t2,lh,sprs,0.179798648,2.518,Non-Tertiary,Replication
n035t2,rh,central,0.220482916,1.836,Non-Tertiary,Replication
n035t2,lh,central,0.219499022,1.928,Non-Tertiary,Replication
n035t2,rh,ifs,0.132020697,2.042,Non-Tertiary,Replication
n035t2,lh,ifs,0.26080972,2.185,Non-Tertiary,Replication
n035t2,rh,imfs_h,0.163340479,1.857,Non-Tertiary,Replication
n035t2,lh,imfs_h,0.185599014,2.2,Non-Tertiary,Replication
n035t2,rh,imfs_v,0.16385375,1.735,Non-Tertiary,Replication
n035t2,lh,imfs_v,0.097594485,2.133,Non-Tertiary,Replication
n035t2,rh,iprs,0.303663731,2.536,Non-Tertiary,Replication
n035t2,lh,iprs,0.189830601,2.376,Non-Tertiary,Replication
n035t2,rh,pimfs,-0.105019256,2.4,Tertiary,Replication
n035t2,lh,pimfs,0.163888603,2.184,Tertiary,Replication
n035t2,rh,pmfs_a,0.172631964,1.854,Tertiary,Replication
n035t2,lh,pmfs_a,-0.093795381,1.973,Tertiary,Replication
n035t2,rh,pmfs_i,-0.269080639,2.583,Tertiary,Replication
n035t2,lh,pmfs_i,0.128865272,2.703,Tertiary,Replication
n035t2,rh,pmfs_p,0.020847844,2.266,Tertiary,Replication
n035t2,lh,pmfs_p,0.036045853,2.433,Tertiary,Replication
n035t2,rh,sfs_a,0.28032127,2.062,Non-Tertiary,Replication
n035t2,lh,sfs_a,0.319014937,2.477,Non-Tertiary,Replication
n035t2,rh,sfs_p,0.274107099,2.358,Non-Tertiary,Replication
n035t2,lh,sfs_p,0.214167908,2.375,Non-Tertiary,Replication
n035t2,rh,sprs,0.263860255,2.208,Non-Tertiary,Replication
n035t2,lh,sprs,0.27783975,2.301,Non-Tertiary,Replication
n039t2,rh,central,0.216423362,1.996,Non-Tertiary,Replication
n039t2,lh,central,0.238187015,1.96,Non-Tertiary,Replication
n039t2,rh,ifs,0.17056258,2.123,Non-Tertiary,Replication
n039t2,lh,ifs,0.151317701,2.322,Non-Tertiary,Replication
n039t2,rh,imfs_h,0.215239853,1.798,Non-Tertiary,Replication
n039t2,lh,imfs_h,0.300694287,2.322,Non-Tertiary,Replication
n039t2,rh,imfs_v,0.088257603,1.612,Non-Tertiary,Replication
n039t2,lh,imfs_v,0.123684324,2.393,Non-Tertiary,Replication
n039t2,rh,iprs,0.271894425,2.469,Non-Tertiary,Replication
n039t2,lh,iprs,0.305738986,2.567,Non-Tertiary,Replication
n039t2,rh,pimfs,0.00400889,2.091,Tertiary,Replication
n039t2,lh,pimfs,-0.030431533,2.659,Tertiary,Replication
n039t2,rh,pmfs_a,0.13315694,1.926,Tertiary,Replication
n039t2,lh,pmfs_a,0.12745975,2.425,Tertiary,Replication
n039t2,rh,pmfs_i,-0.178639874,2.814,Tertiary,Replication
n039t2,lh,pmfs_i,0.001985439,2.274,Tertiary,Replication
n039t2,rh,pmfs_p,-0.06668485,2.366,Tertiary,Replication
n039t2,lh,pmfs_p,-0.363736033,3.131,Tertiary,Replication
n039t2,rh,sfs_a,0.274389356,2.172,Non-Tertiary,Replication
n039t2,lh,sfs_a,0.222214818,2.3,Non-Tertiary,Replication
n039t2,rh,sfs_p,0.266635925,2.384,Non-Tertiary,Replication
n039t2,lh,sfs_p,0.29451409,2.453,Non-Tertiary,Replication
n039t2,rh,sprs,0.267089128,2.515,Non-Tertiary,Replication
n039t2,lh,sprs,0.248353511,2.603,Non-Tertiary,Replication
n041t2,rh,central,0.20660302,2.09,Non-Tertiary,Replication
n041t2,lh,central,0.209362328,2.153,Non-Tertiary,Replication
n041t2,rh,ifs,0.203052253,2.109,Non-Tertiary,Replication
n041t2,lh,ifs,0.298941672,2.514,Non-Tertiary,Replication
n041t2,rh,imfs_h,0.175656557,1.848,Non-Tertiary,Replication
n041t2,lh,imfs_h,0.227972478,2.118,Non-Tertiary,Replication
n041t2,rh,imfs_v,0.251846612,1.864,Non-Tertiary,Replication
n041t2,lh,imfs_v,0.238328025,2.265,Non-Tertiary,Replication
n041t2,rh,iprs,0.280625314,2.639,Non-Tertiary,Replication
n041t2,lh,iprs,0.288697332,2.585,Non-Tertiary,Replication
n041t2,rh,pimfs,-0.173394069,1.719,Tertiary,Replication
n041t2,lh,pimfs,0.076900676,2.11,Tertiary,Replication
n041t2,rh,pmfs_a,-0.148119658,2.313,Tertiary,Replication
n041t2,lh,pmfs_a,-0.015909657,1.939,Tertiary,Replication
n041t2,rh,pmfs_i,-0.143053025,2.315,Tertiary,Replication
n041t2,lh,pmfs_i,0.038021673,2.317,Tertiary,Replication
n041t2,rh,pmfs_p,-0.386446983,3.655,Tertiary,Replication
n041t2,lh,pmfs_p,-0.334641069,3.49,Tertiary,Replication
n041t2,rh,sfs_a,0.267934412,2.199,Non-Tertiary,Replication
n041t2,lh,sfs_a,0.162928015,2.632,Non-Tertiary,Replication
n041t2,rh,sfs_p,0.276000887,2.429,Non-Tertiary,Replication
n041t2,lh,sfs_p,0.201901183,2.535,Non-Tertiary,Replication
n041t2,rh,sprs,0.19426775,2.581,Non-Tertiary,Replication
n041t2,lh,sprs,0.288642049,2.683,Non-Tertiary,Replication
n044t2,rh,central,0.215665445,2.043,Non-Tertiary,Replication
n044t2,lh,central,0.217119798,2.222,Non-Tertiary,Replication
n044t2,rh,ifs,0.239630267,2.291,Non-Tertiary,Replication
n044t2,lh,ifs,0.177999541,2.227,Non-Tertiary,Replication
n044t2,rh,imfs_h,0.22400865,1.932,Non-Tertiary,Replication
n044t2,lh,imfs_h,0.261969507,2.46,Non-Tertiary,Replication
n044t2,rh,imfs_v,0.013198737,1.884,Non-Tertiary,Replication
n044t2,lh,imfs_v,0.145993263,2.428,Non-Tertiary,Replication
n044t2,rh,iprs,0.26137045,2.902,Non-Tertiary,Replication
n044t2,lh,iprs,0.294013441,2.702,Non-Tertiary,Replication
n044t2,rh,pimfs,0.065716788,2.548,Tertiary,Replication
n044t2,lh,pimfs,0.025458071,2.054,Tertiary,Replication
n044t2,rh,pmfs_a,0.005625986,2.109,Tertiary,Replication
n044t2,lh,pmfs_a,-0.034058914,2.471,Tertiary,Replication
n044t2,rh,pmfs_i,0.073482938,2.439,Tertiary,Replication
n044t2,lh,pmfs_i,-0.366157502,3.144,Tertiary,Replication
n044t2,rh,pmfs_p,0.006105805,2.846,Tertiary,Replication
n044t2,lh,pmfs_p,-0.26362744,3.258,Tertiary,Replication
n044t2,rh,sfs_a,0.24728936,2.312,Non-Tertiary,Replication
n044t2,lh,sfs_a,0.28917399,2.568,Non-Tertiary,Replication
n044t2,rh,sfs_p,0.358009219,2.544,Non-Tertiary,Replication
n044t2,lh,sfs_p,0.225384459,2.657,Non-Tertiary,Replication
n044t2,rh,sprs,0.252160579,2.593,Non-Tertiary,Replication
n044t2,lh,sprs,0.140097812,2.551,Non-Tertiary,Replication
n050t2,rh,central,0.222716331,2.009,Non-Tertiary,Replication
n050t2,lh,central,0.238908112,2.117,Non-Tertiary,Replication
n050t2,rh,ifs,0.221911356,2.38,Non-Tertiary,Replication
n050t2,lh,ifs,0.280475885,2.59,Non-Tertiary,Replication
n050t2,rh,imfs_h,0.197961524,1.915,Non-Tertiary,Replication
n050t2,lh,imfs_h,0.246091276,2.413,Non-Tertiary,Replication
n050t2,rh,imfs_v,0.312954515,2.121,Non-Tertiary,Replication
n050t2,lh,imfs_v,0.162677407,1.938,Non-Tertiary,Replication
n050t2,rh,iprs,0.261021495,2.721,Non-Tertiary,Replication
n050t2,lh,iprs,0.211360678,2.621,Non-Tertiary,Replication
n050t2,rh,pimfs,-0.000669171,1.92,Tertiary,Replication
n050t2,lh,pimfs,0.036634073,2.074,Tertiary,Replication
n050t2,rh,pmfs_a,-0.179386348,1.928,Tertiary,Replication
n050t2,lh,pmfs_a,-0.251792789,2.56,Tertiary,Replication
n050t2,rh,pmfs_i,-0.145859033,2.62,Tertiary,Replication
n050t2,lh,pmfs_i,-0.102664925,2.314,Tertiary,Replication
n050t2,rh,pmfs_p,-0.304177493,3.147,Tertiary,Replication
n050t2,lh,pmfs_p,-0.230078369,2.309,Tertiary,Replication
n050t2,rh,sfs_a,0.287555873,2.387,Non-Tertiary,Replication
n050t2,lh,sfs_a,0.32355231,2.505,Non-Tertiary,Replication
n050t2,rh,sfs_p,0.20098184,2.715,Non-Tertiary,Replication
n050t2,lh,sfs_p,0.20639132,2.589,Non-Tertiary,Replication
n050t2,rh,sprs,0.28499347,2.74,Non-Tertiary,Replication
n050t2,lh,sprs,0.250312239,2.616,Non-Tertiary,Replication
n078t2,rh,central,0.190553412,1.829,Non-Tertiary,Replication
n078t2,lh,central,0.207658425,1.86,Non-Tertiary,Replication
n078t2,rh,ifs,0.362939477,2.296,Non-Tertiary,Replication
n078t2,lh,ifs,0.271136343,2.604,Non-Tertiary,Replication
n078t2,rh,imfs_h,0.165245041,2.264,Non-Tertiary,Replication
n078t2,lh,imfs_h,0.331651032,1.835,Non-Tertiary,Replication
n078t2,rh,imfs_v,0.186545104,2.077,Non-Tertiary,Replication
n078t2,lh,imfs_v,0.20459111,2.636,Non-Tertiary,Replication
n078t2,rh,iprs,0.242416188,2.307,Non-Tertiary,Replication
n078t2,lh,iprs,0.314790696,2.582,Non-Tertiary,Replication
n078t2,rh,pimfs,0.135429427,2.048,Tertiary,Replication
n078t2,lh,pimfs,0.145318344,2.087,Tertiary,Replication
n078t2,rh,pmfs_a,0.167179301,2.086,Tertiary,Replication
n078t2,lh,pmfs_a,0.113225579,2.263,Tertiary,Replication
n078t2,rh,pmfs_i,-0.328328222,3.329,Tertiary,Replication
n078t2,lh,pmfs_i,0.157031178,2.13,Tertiary,Replication
n078t2,rh,pmfs_p,-0.132090449,1.821,Tertiary,Replication
n078t2,lh,pmfs_p,-0.048647851,2.343,Tertiary,Replication
n078t2,rh,sfs_a,0.204320148,2.372,Non-Tertiary,Replication
n078t2,lh,sfs_a,0.192090005,2.168,Non-Tertiary,Replication
n078t2,rh,sfs_p,0.251149297,2.524,Non-Tertiary,Replication
n078t2,lh,sfs_p,0.260564625,2.52,Non-Tertiary,Replication
n078t2,rh,sprs,0.288205266,2.663,Non-Tertiary,Replication
n078t2,lh,sprs,0.212143719,2.516,Non-Tertiary,Replication
n083t2,rh,central,0.220563382,2.11,Non-Tertiary,Replication
n083t2,lh,central,0.242872044,2.09,Non-Tertiary,Replication
n083t2,rh,ifs,0.192034647,2.021,Non-Tertiary,Replication
n083t2,lh,ifs,0.207526788,2.188,Non-Tertiary,Replication
n083t2,rh,imfs_h,0.167532817,1.861,Non-Tertiary,Replication
n083t2,lh,imfs_h,0.224370643,1.996,Non-Tertiary,Replication
n083t2,rh,imfs_v,0.258229166,1.585,Non-Tertiary,Replication
n083t2,lh,imfs_v,0.173222661,1.89,Non-Tertiary,Replication
n083t2,rh,iprs,0.219757557,2.537,Non-Tertiary,Replication
n083t2,lh,iprs,0.268093467,2.653,Non-Tertiary,Replication
n083t2,rh,pimfs,-0.048782643,1.863,Tertiary,Replication
n083t2,lh,pimfs,-0.071789697,2.144,Tertiary,Replication
n083t2,rh,pmfs_a,0.38828814,2.095,Tertiary,Replication
n083t2,lh,pmfs_a,0.13642168,2.178,Tertiary,Replication
n083t2,rh,pmfs_i,0.002448127,2.174,Tertiary,Replication
n083t2,lh,pmfs_i,0.13755013,1.916,Tertiary,Replication
n083t2,rh,pmfs_p,0.198748156,2.706,Tertiary,Replication
n083t2,lh,pmfs_p,0.095665842,2.03,Tertiary,Replication
n083t2,rh,sfs_a,0.105639838,2.089,Non-Tertiary,Replication
n083t2,lh,sfs_a,0.341562659,2.281,Non-Tertiary,Replication
n083t2,rh,sfs_p,0.285540372,2.265,Non-Tertiary,Replication
n083t2,lh,sfs_p,0.192948535,2.337,Non-Tertiary,Replication
n083t2,rh,sprs,0.18022126,2.61,Non-Tertiary,Replication
n083t2,lh,sprs,0.278057277,2.641,Non-Tertiary,Replication
n086t2,rh,central,0.222398743,1.843,Non-Tertiary,Replication
n086t2,lh,central,0.180970833,1.876,Non-Tertiary,Replication
n086t2,rh,ifs,0.19469066,2.096,Non-Tertiary,Replication
n086t2,lh,ifs,0.236040056,2.022,Non-Tertiary,Replication
n086t2,rh,imfs_h,0.225415066,1.905,Non-Tertiary,Replication
n086t2,lh,imfs_h,0.30263859,2.401,Non-Tertiary,Replication
n086t2,rh,imfs_v,0.147766769,1.901,Non-Tertiary,Replication
n086t2,lh,imfs_v,0.133829236,1.765,Non-Tertiary,Replication
n086t2,rh,iprs,0.348854274,2.439,Non-Tertiary,Replication
n086t2,lh,iprs,0.269207418,2.443,Non-Tertiary,Replication
n086t2,rh,pimfs,0.041841283,1.886,Tertiary,Replication
n086t2,lh,pimfs,0.009871206,2.23,Tertiary,Replication
n086t2,rh,pmfs_a,0.114783607,2.061,Tertiary,Replication
n086t2,lh,pmfs_a,0.023147283,2.007,Tertiary,Replication
n086t2,rh,pmfs_i,-0.050425749,2.049,Tertiary,Replication
n086t2,lh,pmfs_i,0.178754494,1.947,Tertiary,Replication
n086t2,rh,pmfs_p,0.12655133,2.365,Tertiary,Replication
n086t2,lh,pmfs_p,0.054749463,2.41,Tertiary,Replication
n086t2,rh,sfs_a,0.32910952,1.929,Non-Tertiary,Replication
n086t2,lh,sfs_a,0.20457758,2.351,Non-Tertiary,Replication
n086t2,rh,sfs_p,0.217900559,2.268,Non-Tertiary,Replication
n086t2,lh,sfs_p,0.234125778,2.351,Non-Tertiary,Replication
n086t2,rh,sprs,0.283996433,2.606,Non-Tertiary,Replication
n086t2,lh,sprs,0.333111078,2.564,Non-Tertiary,Replication
n098t2,rh,central,0.260906994,2.592,Non-Tertiary,Replication
n098t2,lh,central,0.231706187,2.539,Non-Tertiary,Replication
n098t2,rh,ifs,0.295265257,2.602,Non-Tertiary,Replication
n098t2,lh,ifs,0.26583612,2.567,Non-Tertiary,Replication
n098t2,rh,imfs_h,0.308245242,2.067,Non-Tertiary,Replication
n098t2,lh,imfs_h,0.126218572,2.259,Non-Tertiary,Replication
n098t2,rh,imfs_v,0.156491026,1.73,Non-Tertiary,Replication
n098t2,lh,imfs_v,0.38685587,2.387,Non-Tertiary,Replication
n098t2,rh,iprs,0.205031365,2.48,Non-Tertiary,Replication
n098t2,lh,iprs,0.289836377,2.866,Non-Tertiary,Replication
n098t2,rh,pimfs,0.046572145,2.061,Tertiary,Replication
n098t2,lh,pimfs,-0.095993996,2.739,Tertiary,Replication
n098t2,rh,pmfs_a,0.117427275,2.066,Tertiary,Replication
n098t2,lh,pmfs_a,-0.037734017,2.696,Tertiary,Replication
n098t2,rh,pmfs_i,-0.324294627,3.067,Tertiary,Replication
n098t2,lh,pmfs_i,-0.088739946,2.995,Tertiary,Replication
n098t2,rh,pmfs_p,-0.071799107,2.495,Tertiary,Replication
n098t2,lh,pmfs_p,0.100096114,2.482,Tertiary,Replication
n098t2,rh,sfs_a,0.236868501,2.333,Non-Tertiary,Replication
n098t2,lh,sfs_a,0.270658046,2.846,Non-Tertiary,Replication
n098t2,rh,sfs_p,0.250705481,2.563,Non-Tertiary,Replication
n098t2,lh,sfs_p,0.256460786,2.641,Non-Tertiary,Replication
n098t2,rh,sprs,0.284362018,2.374,Non-Tertiary,Replication
n098t2,lh,sprs,0.307636857,2.762,Non-Tertiary,Replication
n100t2,rh,central,0.225901455,1.911,Non-Tertiary,Replication
n100t2,lh,central,0.216795489,1.973,Non-Tertiary,Replication
n100t2,rh,ifs,0.147138566,2.364,Non-Tertiary,Replication
n100t2,lh,ifs,0.234282002,2.388,Non-Tertiary,Replication
n100t2,rh,imfs_h,0.146056771,1.961,Non-Tertiary,Replication
n100t2,lh,imfs_h,0.256985664,2.204,Non-Tertiary,Replication
n100t2,rh,imfs_v,0.210799709,2.031,Non-Tertiary,Replication
n100t2,lh,imfs_v,0.195617795,2.352,Non-Tertiary,Replication
n100t2,rh,iprs,0.233735979,2.607,Non-Tertiary,Replication
n100t2,lh,iprs,0.292577028,2.574,Non-Tertiary,Replication
n100t2,rh,pimfs,0.005641819,1.783,Tertiary,Replication
n100t2,lh,pimfs,0.009354468,2.365,Tertiary,Replication
n100t2,rh,pmfs_a,0.027496515,1.931,Tertiary,Replication
n100t2,lh,pmfs_a,0.02221626,2.17,Tertiary,Replication
n100t2,rh,pmfs_i,0.139683902,1.822,Tertiary,Replication
n100t2,lh,pmfs_i,-0.012998662,2.338,Tertiary,Replication
n100t2,rh,pmfs_p,0.051370356,2.009,Tertiary,Replication
n100t2,lh,pmfs_p,-0.271039635,3.191,Tertiary,Replication
n100t2,rh,sfs_a,0.338089973,2.22,Non-Tertiary,Replication
n100t2,lh,sfs_a,0.321846217,2.472,Non-Tertiary,Replication
n100t2,rh,sfs_p,0.251554489,2.491,Non-Tertiary,Replication
n100t2,lh,sfs_p,0.257451773,2.531,Non-Tertiary,Replication
n100t2,rh,sprs,0.277270496,2.328,Non-Tertiary,Replication
n100t2,lh,sprs,0.301119983,2.532,Non-Tertiary,Replication
n123t2,rh,central,0.203507572,1.939,Non-Tertiary,Replication
n123t2,lh,central,0.193365052,1.957,Non-Tertiary,Replication
n123t2,rh,ifs,0.268055946,2.055,Non-Tertiary,Replication
n123t2,lh,ifs,0.294053555,2.294,Non-Tertiary,Replication
n123t2,rh,imfs_h,0.210547581,1.643,Non-Tertiary,Replication
n123t2,lh,imfs_h,0.264041036,2.581,Non-Tertiary,Replication
n123t2,rh,imfs_v,0.12993516,1.689,Non-Tertiary,Replication
n123t2,lh,imfs_v,0.465744615,2.34,Non-Tertiary,Replication
n123t2,rh,iprs,0.136304542,2.485,Non-Tertiary,Replication
n123t2,lh,iprs,0.239133,2.664,Non-Tertiary,Replication
n123t2,rh,pimfs,-0.148926929,2.038,Tertiary,Replication
n123t2,lh,pimfs,0.016579242,2.094,Tertiary,Replication
n123t2,rh,pmfs_a,-0.07823088,1.636,Tertiary,Replication
n123t2,lh,pmfs_a,-0.081312902,2.146,Tertiary,Replication
n123t2,rh,pmfs_i,-0.056090225,1.936,Tertiary,Replication
n123t2,lh,pmfs_i,-0.086042948,2.005,Tertiary,Replication
n123t2,rh,pmfs_p,-0.170269549,2.16,Tertiary,Replication
n123t2,lh,pmfs_p,-0.062074248,2.601,Tertiary,Replication
n123t2,rh,sfs_a,0.131701604,2.052,Non-Tertiary,Replication
n123t2,lh,sfs_a,0.325382739,2.486,Non-Tertiary,Replication
n123t2,rh,sfs_p,0.242953047,2.29,Non-Tertiary,Replication
n123t2,lh,sfs_p,0.233918801,2.487,Non-Tertiary,Replication
n123t2,rh,sprs,0.32366848,2.444,Non-Tertiary,Replication
n123t2,lh,sprs,0.261954874,2.476,Non-Tertiary,Replication
n126t2,rh,central,0.189295977,2.014,Non-Tertiary,Replication
n126t2,lh,central,0.252282023,2.105,Non-Tertiary,Replication
n126t2,rh,ifs,0.344436586,2.227,Non-Tertiary,Replication
n126t2,lh,ifs,0.409965724,2.591,Non-Tertiary,Replication
n126t2,rh,imfs_h,0.245573103,2.045,Non-Tertiary,Replication
n126t2,lh,imfs_h,0.254635155,2.674,Non-Tertiary,Replication
n126t2,rh,imfs_v,0.175111756,1.634,Non-Tertiary,Replication
n126t2,lh,imfs_v,0.192468584,2.156,Non-Tertiary,Replication
n126t2,rh,iprs,0.24634622,2.324,Non-Tertiary,Replication
n126t2,lh,iprs,0.222068042,2.66,Non-Tertiary,Replication
n126t2,rh,pimfs,-0.020516355,1.906,Tertiary,Replication
n126t2,lh,pimfs,0.209713295,2.371,Tertiary,Replication
n126t2,rh,pmfs_a,0.195918903,2.198,Tertiary,Replication
n126t2,lh,pmfs_a,0.025012486,2.594,Tertiary,Replication
n126t2,rh,pmfs_i,-0.073555015,2.373,Tertiary,Replication
n126t2,lh,pmfs_i,0.00317029,2.666,Tertiary,Replication
n126t2,rh,pmfs_p,0.15136762,2.154,Tertiary,Replication
n126t2,lh,pmfs_p,0.051872753,2.498,Tertiary,Replication
n126t2,rh,sfs_a,0.167312935,2.387,Non-Tertiary,Replication
n126t2,lh,sfs_a,0.180018201,2.538,Non-Tertiary,Replication
n126t2,rh,sfs_p,0.108806886,2.293,Non-Tertiary,Replication
n126t2,lh,sfs_p,0.234511033,2.495,Non-Tertiary,Replication
n126t2,rh,sprs,0.250229001,2.27,Non-Tertiary,Replication
n126t2,lh,sprs,0.239801914,2.597,Non-Tertiary,Replication
n157t2,rh,central,0.216883719,1.894,Non-Tertiary,Replication
n157t2,lh,central,0.255053014,2.057,Non-Tertiary,Replication
n157t2,rh,ifs,0.3435449,2.02,Non-Tertiary,Replication
n157t2,lh,ifs,0.25956592,1.907,Non-Tertiary,Replication
n157t2,rh,imfs_h,0.103914909,1.758,Non-Tertiary,Replication
n157t2,lh,imfs_h,0.189882442,1.98,Non-Tertiary,Replication
n157t2,rh,imfs_v,-0.070073865,2.39,Non-Tertiary,Replication
n157t2,lh,imfs_v,0.212918505,1.46,Non-Tertiary,Replication
n157t2,rh,iprs,0.257630974,2.466,Non-Tertiary,Replication
n157t2,lh,iprs,0.301246852,2.346,Non-Tertiary,Replication
n157t2,rh,pimfs,0.231454358,2.005,Tertiary,Replication
n157t2,lh,pimfs,0.207355738,1.895,Tertiary,Replication
n157t2,rh,pmfs_a,0.032015543,2.055,Tertiary,Replication
n157t2,lh,pmfs_a,-0.104754306,1.783,Tertiary,Replication
n157t2,rh,pmfs_i,-0.065488502,2.904,Tertiary,Replication
n157t2,lh,pmfs_i,-0.010318148,2.023,Tertiary,Replication
n157t2,rh,pmfs_p,-0.190547109,2.229,Tertiary,Replication
n157t2,lh,pmfs_p,0.021487392,2.207,Tertiary,Replication
n157t2,rh,sfs_a,0.211126328,2.187,Non-Tertiary,Replication
n157t2,lh,sfs_a,0.325752586,2.069,Non-Tertiary,Replication
n157t2,rh,sfs_p,0.254348755,2.303,Non-Tertiary,Replication
n157t2,lh,sfs_p,0.242800355,2.278,Non-Tertiary,Replication
n157t2,rh,sprs,0.326582581,2.211,Non-Tertiary,Replication
n157t2,lh,sprs,0.257287234,2.202,Non-Tertiary,Replication
n160t2,rh,central,0.17278941,1.787,Non-Tertiary,Replication
n160t2,lh,central,0.215528265,1.895,Non-Tertiary,Replication
n160t2,rh,ifs,0.189840883,1.842,Non-Tertiary,Replication
n160t2,lh,ifs,0.204492539,2.036,Non-Tertiary,Replication
n160t2,rh,imfs_h,0.229908645,1.812,Non-Tertiary,Replication
n160t2,lh,imfs_h,0.209678173,2.388,Non-Tertiary,Replication
n160t2,rh,imfs_v,0.169995755,1.575,Non-Tertiary,Replication
n160t2,lh,imfs_v,0.20297581,2.125,Non-Tertiary,Replication
n160t2,rh,iprs,0.261103123,2.102,Non-Tertiary,Replication
n160t2,lh,iprs,0.28195852,2.416,Non-Tertiary,Replication
n160t2,rh,pimfs,0.171001926,1.875,Tertiary,Replication
n160t2,lh,pimfs,0.165692016,1.76,Tertiary,Replication
n160t2,rh,pmfs_a,-0.033695593,1.779,Tertiary,Replication
n160t2,lh,pmfs_a,-0.222626522,2.216,Tertiary,Replication
n160t2,rh,pmfs_i,-0.035130993,1.714,Tertiary,Replication
n160t2,lh,pmfs_i,0.037296481,2.25,Tertiary,Replication
n160t2,rh,pmfs_p,0.066433258,2.396,Tertiary,Replication
n160t2,lh,pmfs_p,-0.083071262,2.207,Tertiary,Replication
n160t2,rh,sfs_a,0.302353621,1.902,Non-Tertiary,Replication
n160t2,lh,sfs_a,0.372577578,2.625,Non-Tertiary,Replication
n160t2,rh,sfs_p,0.177299678,2.227,Non-Tertiary,Replication
n160t2,lh,sfs_p,0.132871106,2.321,Non-Tertiary,Replication
n160t2,rh,sprs,0.206685692,2.401,Non-Tertiary,Replication
n160t2,lh,sprs,0.259612292,2.356,Non-Tertiary,Replication
n161t2,rh,central,0.228705913,1.995,Non-Tertiary,Replication
n161t2,lh,central,0.25985834,1.917,Non-Tertiary,Replication
n161t2,rh,ifs,0.138944775,2,Non-Tertiary,Replication
n161t2,lh,ifs,0.183195516,1.972,Non-Tertiary,Replication
n161t2,rh,imfs_h,0.09810669,2.144,Non-Tertiary,Replication
n161t2,lh,imfs_h,0.206108421,2.225,Non-Tertiary,Replication
n161t2,rh,imfs_v,0.359101444,2.259,Non-Tertiary,Replication
n161t2,lh,imfs_v,0.223247737,1.873,Non-Tertiary,Replication
n161t2,rh,iprs,0.262684911,2.306,Non-Tertiary,Replication
n161t2,lh,iprs,0.289153576,2.467,Non-Tertiary,Replication
n161t2,rh,pimfs,0.279601783,1.714,Tertiary,Replication
n161t2,lh,pimfs,0.184276477,1.981,Tertiary,Replication
n161t2,rh,pmfs_a,0.061623227,1.827,Tertiary,Replication
n161t2,lh,pmfs_a,0.180848017,2.004,Tertiary,Replication
n161t2,rh,pmfs_i,0.117357515,1.587,Tertiary,Replication
n161t2,lh,pmfs_i,-0.246860504,2.57,Tertiary,Replication
n161t2,rh,pmfs_p,-0.38226068,2.713,Tertiary,Replication
n161t2,lh,pmfs_p,0.027196128,2.139,Tertiary,Replication
n161t2,rh,sfs_a,0.240253329,2.011,Non-Tertiary,Replication
n161t2,lh,sfs_a,0.171449229,2.09,Non-Tertiary,Replication
n161t2,rh,sfs_p,0.278973848,2.211,Non-Tertiary,Replication
n161t2,lh,sfs_p,0.318180829,2.366,Non-Tertiary,Replication
n161t2,rh,sprs,0.290875286,2.232,Non-Tertiary,Replication
n161t2,lh,sprs,0.345659643,2.218,Non-Tertiary,Replication
n164t2,rh,central,0.219053477,1.983,Non-Tertiary,Replication
n164t2,lh,central,0.200559631,1.97,Non-Tertiary,Replication
n164t2,rh,ifs,0.08823432,1.867,Non-Tertiary,Replication
n164t2,lh,ifs,0.087666765,2.306,Non-Tertiary,Replication
n164t2,rh,imfs_h,0.196886793,1.625,Non-Tertiary,Replication
n164t2,lh,imfs_h,0.290376008,2.03,Non-Tertiary,Replication
n164t2,rh,imfs_v,0.191944256,1.578,Non-Tertiary,Replication
n164t2,lh,imfs_v,0.078616872,2.168,Non-Tertiary,Replication
n164t2,rh,iprs,0.296652943,2.527,Non-Tertiary,Replication
n164t2,lh,iprs,0.262496501,2.436,Non-Tertiary,Replication
n164t2,rh,pimfs,0.027105974,1.829,Tertiary,Replication
n164t2,lh,pimfs,-0.124211267,2.327,Tertiary,Replication
n164t2,rh,pmfs_a,0.301496416,2.165,Tertiary,Replication
n164t2,lh,pmfs_a,0.186627641,2.184,Tertiary,Replication
n164t2,rh,pmfs_i,0.247055829,2.086,Tertiary,Replication
n164t2,lh,pmfs_i,0.184478298,2.324,Tertiary,Replication
n164t2,rh,pmfs_p,0.13272734,2.059,Tertiary,Replication
n164t2,lh,pmfs_p,-0.072323799,2.461,Tertiary,Replication
n164t2,rh,sfs_a,0.072673313,2.244,Non-Tertiary,Replication
n164t2,lh,sfs_a,0.161143363,2.203,Non-Tertiary,Replication
n164t2,rh,sfs_p,0.234246552,2.061,Non-Tertiary,Replication
n164t2,lh,sfs_p,0.192526922,2.459,Non-Tertiary,Replication
n164t2,rh,sprs,0.247116372,2.402,Non-Tertiary,Replication
n164t2,lh,sprs,0.291674405,2.414,Non-Tertiary,Replication
n178t2,rh,central,0.202850491,1.622,Non-Tertiary,Replication
n178t2,lh,central,0.187650934,1.781,Non-Tertiary,Replication
n178t2,rh,ifs,0.220407352,2.102,Non-Tertiary,Replication
n178t2,lh,ifs,0.22257629,2.279,Non-Tertiary,Replication
n178t2,rh,imfs_h,0.213479638,1.677,Non-Tertiary,Replication
n178t2,lh,imfs_h,0.340844512,2.351,Non-Tertiary,Replication
n178t2,rh,imfs_v,0.201383576,1.413,Non-Tertiary,Replication
n178t2,lh,imfs_v,0.069096811,2.318,Non-Tertiary,Replication
n178t2,rh,iprs,0.252774119,2.074,Non-Tertiary,Replication
n178t2,lh,iprs,0.288036972,2.674,Non-Tertiary,Replication
n178t2,rh,pimfs,0.062902503,1.682,Tertiary,Replication
n178t2,lh,pimfs,0.045958739,2.543,Tertiary,Replication
n178t2,rh,pmfs_a,-0.355234206,3.471,Tertiary,Replication
n178t2,lh,pmfs_a,-0.022186082,2.2,Tertiary,Replication
n178t2,rh,pmfs_i,-0.192429185,1.901,Tertiary,Replication
n178t2,lh,pmfs_i,-0.003418646,2.199,Tertiary,Replication
n178t2,rh,pmfs_p,0.010327592,1.754,Tertiary,Replication
n178t2,lh,pmfs_p,0.216822118,2.362,Tertiary,Replication
n178t2,rh,sfs_a,0.282186329,2.162,Non-Tertiary,Replication
n178t2,lh,sfs_a,0.280737191,2.336,Non-Tertiary,Replication
n178t2,rh,sfs_p,0.180547148,2.039,Non-Tertiary,Replication
n178t2,lh,sfs_p,0.208892584,2.302,Non-Tertiary,Replication
n178t2,rh,sprs,0.252567172,1.993,Non-Tertiary,Replication
n178t2,lh,sprs,0.197570264,2.182,Non-Tertiary,Replication
n184t1,rh,central,0.211388916,2.093,Non-Tertiary,Replication
n184t1,lh,central,0.187674195,2.135,Non-Tertiary,Replication
n184t1,rh,ifs,0.302484691,2.268,Non-Tertiary,Replication
n184t1,lh,ifs,0.2691333,2.318,Non-Tertiary,Replication
n184t1,rh,imfs_h,0.243218198,2.021,Non-Tertiary,Replication
n184t1,lh,imfs_h,0.226009265,2.26,Non-Tertiary,Replication
n184t1,rh,imfs_v,0.104360349,1.926,Non-Tertiary,Replication
n184t1,lh,imfs_v,0.254836172,2.174,Non-Tertiary,Replication
n184t1,rh,iprs,0.155631885,2.771,Non-Tertiary,Replication
n184t1,lh,iprs,0.246147826,2.73,Non-Tertiary,Replication
n184t1,rh,pimfs,-0.088081047,2.167,Tertiary,Replication
n184t1,lh,pimfs,-0.053120982,2.351,Tertiary,Replication
n184t1,rh,pmfs_a,-0.285445303,3.226,Tertiary,Replication
n184t1,lh,pmfs_a,-0.009118997,2.291,Tertiary,Replication
n184t1,rh,pmfs_i,-0.219772324,2.292,Tertiary,Replication
n184t1,lh,pmfs_i,-0.160691187,2.744,Tertiary,Replication
n184t1,rh,pmfs_p,0.033497572,2.4,Tertiary,Replication
n184t1,lh,pmfs_p,-0.234335482,2.923,Tertiary,Replication
n184t1,rh,sfs_a,0.257061005,2.441,Non-Tertiary,Replication
n184t1,lh,sfs_a,0.262460887,2.501,Non-Tertiary,Replication
n184t1,rh,sfs_p,0.27644062,2.656,Non-Tertiary,Replication
n184t1,lh,sfs_p,0.274709731,2.801,Non-Tertiary,Replication
n184t1,rh,sprs,0.192954674,2.512,Non-Tertiary,Replication
n184t1,lh,sprs,0.256023675,2.73,Non-Tertiary,Replication
n190t2,rh,central,0.212916404,2.027,Non-Tertiary,Replication
n190t2,lh,central,0.214038163,2.061,Non-Tertiary,Replication
n190t2,rh,ifs,0.224498644,2.272,Non-Tertiary,Replication
n190t2,lh,ifs,0.127848819,2.289,Non-Tertiary,Replication
n190t2,rh,imfs_h,0.215280592,1.894,Non-Tertiary,Replication
n190t2,lh,imfs_h,0.229263112,2.184,Non-Tertiary,Replication
n190t2,rh,imfs_v,0.066883713,1.715,Non-Tertiary,Replication
n190t2,lh,imfs_v,0.206976682,2.116,Non-Tertiary,Replication
n190t2,rh,iprs,0.221349254,2.752,Non-Tertiary,Replication
n190t2,lh,iprs,0.292968333,2.573,Non-Tertiary,Replication
n190t2,rh,pimfs,-0.029006362,1.739,Tertiary,Replication
n190t2,lh,pimfs,0.246356905,2.123,Tertiary,Replication
n190t2,rh,pmfs_a,0.262387007,2.298,Tertiary,Replication
n190t2,lh,pmfs_a,0.286455929,2.395,Tertiary,Replication
n190t2,rh,pmfs_i,0.25663954,2.224,Tertiary,Replication
n190t2,lh,pmfs_i,0.063165046,2.151,Tertiary,Replication
n190t2,rh,pmfs_p,0.207443342,2.567,Tertiary,Replication
n190t2,lh,pmfs_p,0.179976597,2.444,Tertiary,Replication
n190t2,rh,sfs_a,0.149531037,2.303,Non-Tertiary,Replication
n190t2,lh,sfs_a,0.238862216,2.417,Non-Tertiary,Replication
n190t2,rh,sfs_p,0.186543018,2.497,Non-Tertiary,Replication
n190t2,lh,sfs_p,0.329336375,2.564,Non-Tertiary,Replication
n190t2,rh,sprs,0.388891131,2.713,Non-Tertiary,Replication
n190t2,lh,sprs,0.251936316,2.688,Non-Tertiary,Replication