sulcus,beta,n_iter,sel_rate,sel_rate_se,sel_rate_signed,mean_fold_rate,mean_n_false,any_false,mean_k_sel,median_alpha,median_r2,mean_r2,r2_pos_rate,median_r2_adj,ols_power,corr_power
ifrms,0.0,150,0.08666666666666667,,,,,,0.8333333333333334,,,,,,,
ifrms,0.1,150,0.19333333333333333,0.03224443678688936,0.15333333333333332,0.20142857142857143,1.1,0.38,1.2933333333333332,2.015,-0.07544581618655677,-0.034290020553338046,0.23333333333333334,-0.07544581618655699,0.11333333333333333,0.14
ifrms,0.2,150,0.28,0.03666060555964672,0.28,0.28833333333333333,1.1666666666666667,0.4,1.4466666666666668,2.154,-0.07544581618655677,-0.022981456994809527,0.24666666666666667,-0.07544581618655699,0.13333333333333333,0.22666666666666666
ifrms,0.3,150,0.4266666666666667,0.040383348236801946,0.42,0.4264285714285714,1.4066666666666667,0.4266666666666667,1.8333333333333333,1.8245,-0.07544581618655655,-0.01510939613947909,0.28,-0.07544581618655699,0.26,0.30666666666666664
ifrms,0.4,150,0.5533333333333333,0.04059191672862596,0.5533333333333333,0.5464285714285715,1.4466666666666668,0.4533333333333333,2.0,1.543,-0.06040895538347346,0.028698513928406798,0.4,-0.07544581618655688,0.38666666666666666,0.54
ifrms,0.5,150,0.8,0.03265986323710904,0.8,0.8021428571428572,1.9533333333333334,0.6,2.7533333333333334,1.263,0.09201071256955345,0.10340011053081147,0.6933333333333334,-0.030696504843522265,0.5933333333333334,0.8066666666666666
ifrms,0.6,150,0.9266666666666666,0.02128466671190877,0.9266666666666666,0.9264285714285715,1.9733333333333334,0.7066666666666667,2.9,1.034,0.22558310804278103,0.21863591919251954,0.8666666666666667,0.1261769279574232,0.84,0.96
ifrms,0.7,150,0.9866666666666667,0.009365025558091315,0.9866666666666667,0.9866666666666667,1.7666666666666666,0.6933333333333334,2.7533333333333334,0.905,0.3783950740791309,0.36768488288857487,0.98,0.31003988084010453,0.96,0.9933333333333333
mcgs,0.0,150,0.10666666666666667,,,,,,0.8333333333333334,,,,,,,
mcgs,0.1,150,0.14,0.028331372481167703,0.11333333333333333,0.1442857142857143,0.9933333333333333,0.32666666666666666,1.1333333333333333,2.303,-0.07544581618655677,-0.05077609417273736,0.14666666666666667,-0.07544581618655699,0.07333333333333333,0.06666666666666667
mcgs,0.2,150,0.2,0.032659863237109045,0.19333333333333333,0.21166666666666667,0.9933333333333333,0.34,1.1933333333333334,2.303,-0.07544581618655677,-0.042750745622351594,0.18666666666666668,-0.07544581618655721,0.13333333333333333,0.18666666666666668
mcgs,0.3,150,0.42,0.040298883359219766,0.42,0.4230952380952381,1.2266666666666666,0.38,1.6466666666666667,1.885,-0.07544581618655655,-0.025122437539936645,0.25333333333333335,-0.07544581618655721,0.26,0.43333333333333335
mcgs,0.4,150,0.54,0.04069397989875161,0.54,0.5373809523809524,1.6466666666666667,0.5533333333333333,2.1866666666666665,1.444,-0.04762043180230602,0.024812519104319655,0.42,-0.07544581618655677,0.30666666666666664,0.5666666666666667
mcgs,0.5,150,0.7333333333333333,0.036106837353937604,0.7333333333333333,0.7357142857142858,1.84,0.6066666666666667,2.5733333333333333,1.105,0.0544577445841391,0.10728179899157927,0.6266666666666667,-0.041914966586772406,0.5066666666666667,0.8333333333333334
mcgs,0.6,150,0.9333333333333333,0.02036700308869262,0.9333333333333333,0.9345238095238096,1.9133333333333333,0.68,2.8466666666666667,1.034,0.24045156352294883,0.2379714155544169,0.9066666666666666,0.14840861645528397,0.74,0.9733333333333334
mcgs,0.7,150,0.9866666666666667,0.009365025558091315,0.9866666666666667,0.9864285714285714,2.08,0.74,3.066666666666667,0.905,0.3869915413592228,0.3745844934296113,0.96,0.3129271112584351,0.9533333333333334,1.0
pos,0.0,150,0.10666666666666667,,,,,,0.8333333333333334,,,,,,,
pos,0.1,150,0.15333333333333332,0.029419066631718307,0.12,0.15761904761904763,0.98,0.3,1.1333333333333333,2.154,-0.07544581618655677,-0.05216100588310899,0.14,-0.07544581618655699,0.08,0.06666666666666667
pos,0.2,150,0.3,0.03741657386773942,0.2866666666666667,0.3047619047619048,1.3466666666666667,0.3933333333333333,1.6466666666666667,1.9500000000000002,-0.07544581618655677,-0.024298059376037035,0.2866666666666667,-0.07544581618655721,0.16,0.18
pos,0.3,150,0.38666666666666666,0.03976225643794674,0.38666666666666666,0.38666666666666666,0.98,0.3333333333333333,1.3666666666666667,2.0845000000000002,-0.07544581618655677,-0.02485807036670664,0.24666666666666667,-0.07544581618655699,0.2866666666666667,0.3
pos,0.4,150,0.6733333333333333,0.038293215722505866,0.6733333333333333,0.6704761904761904,1.6066666666666667,0.5466666666666666,2.28,1.263,-0.022440784910090827,0.03648784243016261,0.44666666666666666,-0.07544581618655699,0.5666666666666667,0.6666666666666666
pos,0.5,150,0.8,0.03265986323710904,0.8,0.7966666666666666,1.8466666666666667,0.6266666666666667,2.6466666666666665,1.034,0.08768867969531119,0.10416043110807136,0.6866666666666666,-0.034847160299246505,0.7333333333333333,0.8
pos,0.6,150,0.9333333333333333,0.02036700308869262,0.9333333333333333,0.9338095238095238,2.006666666666667,0.64,2.94,0.967,0.19167006246606222,0.2206843380422947,0.8733333333333333,0.0929687531111828,0.92,0.9533333333333334
pos,0.7,150,1.0,0.0,1.0,1.0,2.1066666666666665,0.72,3.1066666666666665,0.846,0.37374980579397293,0.38458648288921293,0.9933333333333333,0.3105354431268179,0.9933333333333333,1.0
prculs-d,0.0,150,0.09333333333333334,,,,,,0.8333333333333334,,,,,,,
prculs-d,0.1,150,0.14,0.028331372481167703,0.1,0.14357142857142857,0.7333333333333333,0.29333333333333333,0.8733333333333333,2.154,-0.07544581618655677,-0.05172188496009826,0.13333333333333333,-0.07544581618655699,0.06666666666666667,0.05333333333333334
prculs-d,0.2,150,0.2733333333333333,0.03638884648004314,0.24666666666666667,0.2726190476190476,1.1733333333333333,0.4266666666666667,1.4466666666666668,2.154,-0.07544581618655677,-0.037246701026582694,0.2,-0.07544581618655699,0.12666666666666668,0.15333333333333332
prculs-d,0.3,150,0.38666666666666666,0.03976225643794674,0.38666666666666666,0.3892857142857143,1.3533333333333333,0.43333333333333335,1.74,2.015,-0.07544581618655677,-0.023116646198380223,0.26666666666666666,-0.07544581618655699,0.22666666666666666,0.28
prculs-d,0.4,150,0.6133333333333333,0.039762256437946744,0.6066666666666667,0.6111904761904762,1.66,0.5,2.2733333333333334,1.263,-0.009290162403268853,0.03626174436857549,0.5,-0.07544581618655677,0.4,0.58
prculs-d,0.5,150,0.82,0.03136877428271625,0.82,0.8209523809523809,1.8266666666666667,0.6466666666666666,2.6466666666666665,1.105,0.11648248401554345,0.12429759408848966,0.7133333333333334,-0.016764986806325433,0.7,0.86
prculs-d,0.6,150,0.92,0.022150996967781528,0.92,0.9192857142857145,1.8533333333333333,0.64,2.7733333333333334,0.967,0.22867346150376167,0.2201239299761095,0.8533333333333334,0.1435926954999286,0.8866666666666667,0.96
prculs-d,0.7,150,0.9933333333333333,0.006644407283433823,0.9933333333333333,0.9930952380952381,2.4,0.8266666666666667,3.3933333333333335,0.792,0.35591275233987546,0.3620729760370479,0.98,0.2601061656675112,0.9933333333333333,1.0
prcus-a,0.0,150,0.09333333333333334,,,,,,0.8333333333333334,,,,,,,
prcus-a,0.1,150,0.12,0.0265329983228432,0.11333333333333333,0.12071428571428569,0.8,0.32666666666666666,0.92,2.303,-0.07544581618655677,-0.05661761338379295,0.10666666666666667,-0.07544581618655699,0.05333333333333334,0.06
prcus-a,0.2,150,0.17333333333333334,0.030907268712379928,0.15333333333333332,0.17952380952380953,0.9133333333333333,0.28,1.0866666666666667,2.3825000000000003,-0.07544581618655699,-0.049246265420920095,0.14666666666666667,-0.07544581618655699,0.08,0.14666666666666667
prcus-a,0.3,150,0.46,0.04069397989875161,0.46,0.45666666666666667,1.8066666666666666,0.5533333333333333,2.2666666666666666,1.4935,-0.07379820081682031,-0.004497341335352867,0.36,-0.07544581618655699,0.24666666666666667,0.37333333333333335
prcus-a,0.4,150,0.5933333333333334,0.040107263588938506,0.5933333333333334,0.5959523809523809,1.7666666666666666,0.5866666666666667,2.36,1.35,-0.016903644709959087,0.022826286088797297,0.44,-0.07544581618655699,0.26666666666666666,0.56
prcus-a,0.5,150,0.7333333333333333,0.036106837353937604,0.7333333333333333,0.7371428571428571,1.86,0.5866666666666667,2.5933333333333333,1.182,0.05463756987785362,0.08679480085091813,0.6066666666666667,-0.07072511552343008,0.41333333333333333,0.7933333333333333
prcus-a,0.6,150,0.9733333333333334,0.013154354299509981,0.9733333333333334,0.974047619047619,1.8533333333333333,0.7266666666666667,2.8266666666666667,0.967,0.22490509796019037,0.21805713350809933,0.86,0.13010940905282908,0.6866666666666666,0.9866666666666667
prcus-a,0.7,150,0.9666666666666667,0.014656562175858798,0.9666666666666667,0.9671428571428572,2.033333333333333,0.7133333333333334,3.0,0.905,0.379508330859748,0.3655088043914359,0.9466666666666667,0.29902343661995545,0.8,1.0
prcus-i,0.0,150,0.06,,,,,,0.8333333333333334,,,,,,,
prcus-i,0.1,150,0.09333333333333334,0.023751803050466466,0.07333333333333333,0.09452380952380951,0.7933333333333333,0.25333333333333335,0.8866666666666667,2.303,-0.07544581618655677,-0.056124728545882546,0.1,-0.07544581618655699,0.04666666666666667,0.04666666666666667
prcus-i,0.2,150,0.22,0.03382306905057553,0.21333333333333335,0.22357142857142856,0.8866666666666667,0.32,1.1066666666666667,2.303,-0.07544581618655677,-0.03830298735770808,0.2,-0.07544581618655699,0.08666666666666667,0.18666666666666668
prcus-i,0.3,150,0.3933333333333333,0.03988501992997891,0.3933333333333333,0.3938095238095238,1.6333333333333333,0.46,2.026666666666667,1.65,-0.07544581618655655,-0.01110819574181008,0.32666666666666666,-0.07544581618655721,0.17333333333333334,0.29333333333333333
prcus-i,0.4,150,0.6333333333333333,0.039346513799168384,0.6333333333333333,0.6319047619047619,1.6466666666666667,0.5533333333333333,2.28,1.35,-0.009443195330695375,0.023326959884639998,0.47333333333333333,-0.07544581618655699,0.24,0.6133333333333333
prcus-i,0.5,150,0.7733333333333333,0.034184683596496734,0.7733333333333333,0.7688095238095238,1.6333333333333333,0.5,2.4066666666666667,1.35,0.1023321750884455,0.11295096448500211,0.6466666666666666,0.0128772073477606,0.4666666666666667,0.8333333333333334
prcus-i,0.6,150,0.9733333333333334,0.013154354299509981,0.9733333333333334,0.9728571428571428,2.1133333333333333,0.74,3.0866666666666664,0.967,0.22278957060240634,0.2256984856391305,0.8933333333333333,0.13439336815898767,0.6466666666666666,0.96
prcus-i,0.7,150,1.0,0.0,1.0,0.9997619047619049,1.9733333333333334,0.7,2.973333333333333,0.905,0.3708491094921639,0.3818396229651993,1.0,0.304636846662615,0.8666666666666667,1.0
prcus-p,0.0,150,0.05333333333333334,,,,,,0.8333333333333334,,,,,,,
prcus-p,0.1,150,0.15333333333333332,0.029419066631718307,0.13333333333333333,0.15976190476190477,1.1066666666666667,0.35333333333333333,1.26,2.154,-0.07544581618655677,-0.04193688532142323,0.18666666666666668,-0.07544581618655699,0.05333333333333334,0.08666666666666667
prcus-p,0.2,150,0.24666666666666667,0.035196801201456004,0.23333333333333334,0.2521428571428571,1.1466666666666667,0.37333333333333335,1.3933333333333333,2.154,-0.07544581618655677,-0.030606744057879727,0.2,-0.0754458161865571,0.12,0.26
prcus-p,0.3,150,0.3933333333333333,0.03988501992997891,0.3933333333333333,0.3940476190476191,1.24,0.4866666666666667,1.6333333333333333,1.764,-0.07544581618655677,-0.01446641487325973,0.30666666666666664,-0.07544581618655699,0.10666666666666667,0.4066666666666667
prcus-p,0.4,150,0.4666666666666667,0.04073400617738524,0.46,0.46785714285714286,1.42,0.4533333333333333,1.8866666666666667,1.65,-0.06757721681548012,0.018598807514004126,0.41333333333333333,-0.07544581618655677,0.16666666666666666,0.5733333333333334
prcus-p,0.5,150,0.7866666666666666,0.03344868928395872,0.7866666666666666,0.7835714285714286,1.7533333333333334,0.66,2.54,1.182,0.0760256581809573,0.09745412567571006,0.66,-0.00703278132182239,0.34,0.7866666666666666
prcus-p,0.6,150,0.9133333333333333,0.022971802360801027,0.9133333333333333,0.9090476190476191,1.9866666666666666,0.7533333333333333,2.9,1.034,0.2425850870540836,0.23121622965545194,0.86,0.1320903918975317,0.5666666666666667,0.96
prcus-p,0.7,150,0.9866666666666667,0.009365025558091315,0.9866666666666667,0.9888095238095239,2.0933333333333333,0.7866666666666666,3.08,0.905,0.37865858112909073,0.36238751927673885,1.0,0.2995881020150997,0.8066666666666666,0.9933333333333333
spls,0.0,150,0.12666666666666668,,,,,,0.8333333333333334,,,,,,,
spls,0.1,150,0.13333333333333333,0.02775554665954844,0.10666666666666667,0.13357142857142856,0.9533333333333334,0.30666666666666664,1.0866666666666667,2.2285,-0.07544581618655677,-0.05073546478042593,0.12666666666666668,-0.07544581618655699,0.03333333333333333,0.06666666666666667
spls,0.2,150,0.21333333333333335,0.03344868928395872,0.2,0.2164285714285714,1.0666666666666667,0.38,1.28,2.154,-0.07544581618655677,-0.041258143657676376,0.16666666666666666,-0.07544581618655699,0.15333333333333332,0.17333333333333334
spls,0.3,150,0.38666666666666666,0.03976225643794674,0.38666666666666666,0.38904761904761903,1.2733333333333334,0.41333333333333333,1.66,1.885,-0.07544581618655655,-0.025675066269957872,0.2866666666666667,-0.07544581618655699,0.26,0.3466666666666667
spls,0.4,150,0.6466666666666666,0.03902895411434003,0.6466666666666666,0.6469047619047619,1.54,0.5066666666666667,2.1866666666666665,1.444,-0.005038183173816213,0.027343777124931575,0.49333333333333335,-0.07544581618655688,0.5066666666666667,0.64
spls,0.5,150,0.8266666666666667,0.030907268712379928,0.8266666666666667,0.8228571428571427,1.84,0.5866666666666667,2.6666666666666665,1.105,0.11666354179557675,0.13456155543247553,0.7533333333333333,0.013964893486762497,0.72,0.8533333333333334
spls,0.6,150,0.9333333333333333,0.02036700308869262,0.9333333333333333,0.9335714285714285,1.7533333333333334,0.62,2.6866666666666665,1.034,0.2172815083662587,0.22111996064256856,0.8933333333333333,0.1330948153934859,0.8733333333333333,0.9666666666666667
spls,0.7,150,1.0,0.0,1.0,0.9997619047619049,1.8533333333333333,0.68,2.8533333333333335,0.967,0.4050489605724109,0.40494256073026574,0.9933333333333333,0.35121746577050456,0.9933333333333333,1.0
sspls-v,0.0,150,0.10666666666666667,,,,,,0.8333333333333334,,,,,,,
sspls-v,0.1,150,0.12,0.0265329983228432,0.1,0.12047619047619046,0.8333333333333334,0.30666666666666664,0.9533333333333334,2.303,-0.07544581618655699,-0.05000714246980112,0.14666666666666667,-0.07544581618655699,0.08,0.04666666666666667
sspls-v,0.2,150,0.18,0.03136877428271625,0.16666666666666666,0.1880952380952381,0.76,0.2866666666666667,0.94,2.154,-0.07544581618655699,-0.04912804731632612,0.14666666666666667,-0.07544581618655699,0.1,0.12
sspls-v,0.3,150,0.36,0.03919183588453085,0.36,0.36404761904761906,1.0333333333333334,0.34,1.3933333333333333,2.015,-0.07544581618655655,-0.004198569159106034,0.3,-0.07544581618655677,0.25333333333333335,0.29333333333333333
sspls-v,0.4,150,0.5533333333333333,0.04059191672862596,0.5533333333333333,0.5585714285714285,1.38,0.42,1.9333333333333333,1.543,-0.04516853268985199,0.0281489024271903,0.41333333333333333,-0.07544581618655677,0.4866666666666667,0.6266666666666667
sspls-v,0.5,150,0.7933333333333333,0.033061110644336145,0.7933333333333333,0.7933333333333333,1.78,0.6066666666666667,2.5733333333333333,1.182,0.08252554351653618,0.10810333632493326,0.6733333333333333,-0.044214233706448614,0.7133333333333334,0.84
sspls-v,0.6,150,0.9333333333333333,0.02036700308869262,0.9333333333333333,0.9335714285714285,1.5733333333333333,0.6066666666666667,2.506666666666667,1.105,0.22713838261771352,0.22425639065729783,0.88,0.13645364626746626,0.8666666666666667,0.9666666666666667
sspls-v,0.7,150,0.9933333333333333,0.006644407283433823,0.9933333333333333,0.9933333333333333,1.96,0.7266666666666667,2.953333333333333,0.967,0.3867673054103833,0.37143759952871286,0.9933333333333333,0.30836133496191614,0.9933333333333333,1.0
