sulcus,vif,beta80,beta50,ols80,corr80
mcgs,1.971743917385518,0.5333333333333333,0.3666666666666667,0.628125,0.4875
pos,1.1417261943783792,0.5,0.3395348837209302,0.5357142857142857,0.5
spls,1.405192647398126,0.4851851851851852,0.3435897435897436,0.5521739130434783,0.475
prculs-d,1.3840980713787951,0.4903225806451613,0.35000000000000003,0.5535714285714286,0.4785714285714286
prcus-p,3.1225421441899965,0.5105263157894737,0.4104166666666667,0.6972222222222222,0.5076923076923078
prcus-i,2.4659639098421913,0.5133333333333333,0.34444444444444444,0.6696969696969697,0.48484848484848486
prcus-a,2.4086289238748484,0.5277777777777778,0.32999999999999996,0.7,0.503448275862069
ifrms,1.5787664796086571,0.5,0.35789473684210527,0.5837837837837838,0.49750000000000005
sspls-v,1.3081738689990867,0.5047619047619047,0.3724137931034483,0.5565217391304348,0.48125000000000007
