threshold_pct,window,hemi,sulcus,prcusp_mean,sulcus_mean,p_wilcoxon,p_holm
5.0,0 mm,lh,ifrms,0.1532940765414246,0.0,5.606116527496014e-06,3.3636699164976085e-05
5.0,0 mm,lh,mcgs,0.1532940765414246,0.0,5.606116527496014e-06,3.3636699164976085e-05
5.0,0 mm,lh,pos,0.1532940765414246,0.004298525654605771,3.882182386060857e-06,2.7175276702425997e-05
5.0,0 mm,lh,prculs-d,0.1532940765414246,0.07280365807442786,0.022717748357530834,0.0681532450725925
5.0,0 mm,lh,prcus-a,0.1532940765414246,0.02473161443145584,0.00026605033692308496,0.0010642013476923398
5.0,0 mm,lh,prcus-i,0.1532940765414246,0.08375987163859891,0.08576018349792655,0.1715203669958531
5.0,0 mm,lh,sbps,0.1532940765414246,0.09018623147109844,0.1528139601024933,0.1715203669958531
5.0,0 mm,rh,ifrms,0.12343061968931066,0.0,2.5630832507250074e-06,1.793063631541541e-05
5.0,0 mm,rh,mcgs,0.12343061968931066,0.0007476450832357617,2.561519473630773e-06,1.793063631541541e-05
5.0,0 mm,rh,pos,0.12343061968931066,0.013661194671552416,5.997986052259016e-05,0.00023991944209036063
5.0,0 mm,rh,prculs-d,0.12343061968931066,0.08047176834213465,0.03804549139290734,0.0709863099827826
5.0,0 mm,rh,prcus-a,0.12343061968931066,0.009803785466339223,3.867189791789531e-05,0.00019335948958947653
5.0,0 mm,rh,prcus-i,0.12343061968931066,0.06461249417672733,0.028177577287018633,0.0709863099827826
5.0,0 mm,rh,sbps,0.12343061968931066,0.056250809148799145,0.023662103327594202,0.0709863099827826
5.0,0-5 mm,lh,ifrms,0.19546500646061396,0.0,2.477027639365237e-07,1.2505724104046088e-06
5.0,0-5 mm,lh,mcgs,0.19546500646061396,8.870467649122818e-05,1.829161137697455e-07,1.2505724104046088e-06
5.0,0-5 mm,lh,pos,0.19546500646061396,0.007417175286334695,1.786532014863727e-07,1.2505724104046088e-06
5.0,0-5 mm,lh,prculs-d,0.19546500646061396,0.06977481956192443,0.001536053204116873,0.004608159612350619
5.0,0-5 mm,lh,prcus-a,0.19546500646061396,0.028221190660991883,3.403563166316123e-05,0.00013614252665264493
5.0,0-5 mm,lh,prcus-i,0.19546500646061396,0.0954148126404481,0.020718953128517136,0.04143790625703427
5.0,0-5 mm,lh,sbps,0.19546500646061396,0.09748663407262448,0.02820716995042122,0.04143790625703427
5.0,0-5 mm,rh,ifrms,0.1545672557389462,0.0,5.255295360476944e-08,3.678706752333861e-07
5.0,0-5 mm,rh,mcgs,0.1545672557389462,0.001934059878543036,1.4833484257440525e-07,8.900090554464315e-07
5.0,0-5 mm,rh,pos,0.1545672557389462,0.01676031369081856,8.73442985553046e-06,3.493771942212184e-05
5.0,0-5 mm,rh,prculs-d,0.1545672557389462,0.08882030343421807,0.01024518191848111,0.018745456754709247
5.0,0-5 mm,rh,prcus-a,0.1545672557389462,0.012310589938954952,2.2369814912861974e-06,1.1184907456430988e-05
5.0,0-5 mm,rh,prcus-i,0.1545672557389462,0.07382999112443096,0.009372728377354624,0.018745456754709247
5.0,0-5 mm,rh,sbps,0.1545672557389462,0.06327017375823664,0.0030665688605135484,0.009199706581540646
5.0,0-10 mm,lh,ifrms,0.2056694260629261,0.0002531355015343122,5.217763285050971e-08,3.296561866435676e-07
5.0,0-10 mm,lh,mcgs,0.2056694260629261,0.00041626935617212633,4.709374094908109e-08,3.296561866435676e-07
5.0,0-10 mm,lh,pos,0.2056694260629261,0.012470592571998196,1.404343145553606e-07,7.021715727768029e-07
5.0,0-10 mm,lh,prculs-d,0.2056694260629261,0.06829912406951145,0.00035725934365289365,0.001071778030958681
5.0,0-10 mm,lh,prcus-a,0.2056694260629261,0.034392282989909775,1.718159551480754e-05,6.872638205923017e-05
5.0,0-10 mm,lh,prcus-i,0.2056694260629261,0.10299912242086698,0.011792328754119206,0.011792328754119206
5.0,0-10 mm,lh,sbps,0.2056694260629261,0.09737061816840072,0.004915551535570292,0.009831103071140584
5.0,0-10 mm,rh,ifrms,0.172104031325452,1.5735362098397074e-05,1.1201596434767778e-08,7.841117504337444e-08
5.0,0-10 mm,rh,mcgs,0.172104031325452,0.002656894526388318,2.5414530083309196e-08,1.5248718049985518e-07
5.0,0-10 mm,rh,pos,0.172104031325452,0.022992171003168027,1.5642053322625606e-06,6.256821329050242e-06
5.0,0-10 mm,rh,prculs-d,0.172104031325452,0.09775638149509734,0.005783562641591398,0.005783562641591398
5.0,0-10 mm,rh,prcus-a,0.172104031325452,0.015993373726659415,4.908560235361946e-07,2.454280117680973e-06
5.0,0-10 mm,rh,prcus-i,0.172104031325452,0.07571723863878807,0.0011281135619712656,0.002256227123942531
5.0,0-10 mm,rh,sbps,0.172104031325452,0.06626523664458066,0.00042206843389639033,0.0012662053016891709
2.5,0 mm,lh,ifrms,0.12385464168527656,0.0,2.7015948487105505e-05,0.00018911163940973853
2.5,0 mm,lh,mcgs,0.12385464168527656,0.0,2.7015948487105505e-05,0.00018911163940973853
2.5,0 mm,lh,pos,0.12385464168527656,0.0006849202392742894,3.088394735450034e-05,0.00018911163940973853
2.5,0 mm,lh,prculs-d,0.12385464168527656,0.05207668594771647,0.03143608436149796,0.06287216872299592
2.5,0 mm,lh,prcus-a,0.12385464168527656,0.013623849024901828,0.00026040881284175707,0.0010416352513670283
2.5,0 mm,lh,prcus-i,0.12385464168527656,0.04426376786853507,0.020099026048805858,0.060297078146417576
2.5,0 mm,lh,sbps,0.12385464168527656,0.05476551984247057,0.05443511125204651,0.06287216872299592
2.5,0 mm,rh,ifrms,0.06673759546054314,0.0,8.857457687863549e-05,0.000531447461271813
2.5,0 mm,rh,mcgs,0.06673759546054314,9.769102030579788e-05,6.898751069615868e-05,0.00048291257487311076
2.5,0 mm,rh,pos,0.06673759546054314,0.009174002829316024,0.0015692533679152957,0.006277013471661183
2.5,0 mm,rh,prculs-d,0.06673759546054314,0.04985341167725826,0.26450786232203294,0.537954708136127
2.5,0 mm,rh,prcus-a,0.06673759546054314,0.007259095453196574,0.0009832943169057011,0.004916471584528506
2.5,0 mm,rh,prcus-i,0.06673759546054314,0.04463293143414224,0.17931823604537567,0.537954708136127
2.5,0 mm,rh,sbps,0.06673759546054314,0.04333329198804832,0.2748455584207301,0.537954708136127
2.5,0-5 mm,lh,ifrms,0.14066968194119334,0.0,3.6528331903033e-07,1.82641659515165e-06
2.5,0-5 mm,lh,mcgs,0.14066968194119334,6.791472972020585e-05,2.949090258677652e-07,1.7694541552065911e-06
2.5,0-5 mm,lh,pos,0.14066968194119334,0.0023779355991100097,1.9377293690488173e-07,1.356410558334172e-06
2.5,0-5 mm,lh,prculs-d,0.14066968194119334,0.04376222433690876,0.0024968371639885415,0.007379612507770565
2.5,0-5 mm,lh,prcus-a,0.14066968194119334,0.014477479811922241,2.521003234677299e-05,0.00010084012938709196
2.5,0-5 mm,lh,prcus-i,0.14066968194119334,0.045654987540554116,0.0024598708359235217,0.007379612507770565
2.5,0-5 mm,lh,sbps,0.14066968194119334,0.0563090388970308,0.0155436158790251,0.0155436158790251
2.5,0-5 mm,rh,ifrms,0.07977657543282343,0.0,2.5630832507250074e-06,1.794158275507505e-05
2.5,0-5 mm,rh,mcgs,0.07977657543282343,0.001033625424244983,7.202702593599387e-06,4.3216215561596324e-05
2.5,0-5 mm,rh,pos,0.07977657543282343,0.010081590250523114,0.00035984475432528697,0.0014393790173011479
2.5,0-5 mm,rh,prculs-d,0.07977657543282343,0.05039808543835067,0.09254540640638155,0.1850908128127631
2.5,0-5 mm,rh,prcus-a,0.07977657543282343,0.008996297206022989,6.94685526992658e-05,0.000347342763496329
2.5,0-5 mm,rh,prcus-i,0.07977657543282343,0.04534566595984733,0.035775496328258875,0.10732648898477662
2.5,0-5 mm,rh,sbps,0.07977657543282343,0.04711462116948624,0.12570564096278614,0.1850908128127631
2.5,0-10 mm,lh,ifrms,0.13612550395398423,0.0001253382555754024,1.990738731181765e-07,1.109002190278189e-06
2.5,0-10 mm,lh,mcgs,0.13612550395398423,0.0002583976934069282,1.5842888432545557e-07,1.109002190278189e-06
2.5,0-10 mm,lh,pos,0.13612550395398423,0.005779845579199355,1.8359587504304497e-07,1.109002190278189e-06
2.5,0-10 mm,lh,prculs-d,0.13612550395398423,0.03873308157423559,0.0007325188365465016,0.002197556509639505
2.5,0-10 mm,lh,prcus-a,0.13612550395398423,0.017272125689226304,1.1523974956960838e-05,4.609589982784335e-05
2.5,0-10 mm,lh,prcus-i,0.13612550395398423,0.049840820043576914,0.0010200265824955837,0.002197556509639505
2.5,0-10 mm,lh,sbps,0.13612550395398423,0.05328942934184385,0.0016239935564368907,0.002197556509639505
2.5,0-10 mm,rh,ifrms,0.08572616243493753,0.0,1.1402144795106595e-07,7.981501356574617e-07
2.5,0-10 mm,rh,mcgs,0.08572616243493753,0.001553777362858682,3.7819208539955737e-07,2.2691525123973443e-06
2.5,0-10 mm,rh,pos,0.08572616243493753,0.013321706813752197,8.81146882302947e-05,0.0003524587529211788
2.5,0-10 mm,rh,prculs-d,0.08572616243493753,0.05277810126888248,0.03459078276116136,0.06918156552232271
2.5,0-10 mm,rh,prcus-a,0.08572616243493753,0.009508944779599614,7.1837593519142325e-06,3.5918796759571166e-05
2.5,0-10 mm,rh,prcus-i,0.08572616243493753,0.043491618373506805,0.005396704789851336,0.016190114369554007
2.5,0-10 mm,rh,sbps,0.08572616243493753,0.046707558712890195,0.047498192268906,0.06918156552232271
10.0,0 mm,lh,ifrms,0.1837358682355897,0.0,3.5693882044660326e-08,2.498571743126223e-07
10.0,0 mm,lh,mcgs,0.1837358682355897,0.0,3.5693882044660326e-08,2.498571743126223e-07
10.0,0 mm,lh,pos,0.1837358682355897,0.009178441523972946,4.8193665169248615e-08,2.498571743126223e-07
10.0,0 mm,lh,prculs-d,0.1837358682355897,0.08608421234170817,0.0019122882754931507,0.005736864826479452
10.0,0 mm,lh,prcus-a,0.1837358682355897,0.04541921622812687,0.00011755795516849763,0.0004702318206739905
10.0,0 mm,lh,prcus-i,0.1837358682355897,0.14482410606275958,0.26277734440140077,0.4329268590942157
10.0,0 mm,lh,sbps,0.1837358682355897,0.1348374840279627,0.21646342954710784,0.4329268590942157
10.0,0 mm,rh,ifrms,0.17020209599665106,0.0,5.255295360476944e-08,3.678706752333861e-07
10.0,0 mm,rh,mcgs,0.17020209599665106,0.0032949129402863172,1.2880987636095393e-07,7.728592581657235e-07
10.0,0 mm,rh,pos,0.17020209599665106,0.022100465749717295,3.0102618480376933e-06,1.2041047392150773e-05
10.0,0 mm,rh,prculs-d,0.17020209599665106,0.13058563565488102,0.10054990301043215,0.10054990301043215
10.0,0 mm,rh,prcus-a,0.17020209599665106,0.012024058127498037,1.114321674230576e-06,5.57160837115288e-06
10.0,0 mm,rh,prcus-i,0.17020209599665106,0.08121500117069205,0.01055794510352923,0.03167383531058769
10.0,0 mm,rh,sbps,0.17020209599665106,0.08696644620329966,0.012491570420658574,0.03167383531058769
10.0,0-5 mm,lh,ifrms,0.2493415216659604,0.0,1.1201596434767778e-08,6.720957860860667e-08
10.0,0-5 mm,lh,mcgs,0.2493415216659604,0.00016747641487958355,8.74636409061547e-09,6.12245486343083e-08
10.0,0-5 mm,lh,pos,0.2493415216659604,0.014313522566681256,1.4861680357791756e-08,7.430840178895879e-08
10.0,0-5 mm,lh,prculs-d,0.2493415216659604,0.09463557397223987,0.00013580568010792377,0.0004074170403237713
10.0,0-5 mm,lh,prcus-a,0.2493415216659604,0.05804950953426826,2.4143916527697916e-05,9.657566611079166e-05
10.0,0-5 mm,lh,prcus-i,0.2493415216659604,0.18151668523623476,0.12748632170425372,0.12748632170425372
10.0,0-5 mm,lh,sbps,0.2493415216659604,0.15652427577931743,0.02084851690281127,0.04169703380562254
10.0,0-5 mm,rh,ifrms,0.22829797115314412,0.0,1.1201596434767778e-08,7.841117504337444e-08
10.0,0-5 mm,rh,mcgs,0.22829797115314412,0.004325087574860452,2.381867503039954e-08,1.4291205018239724e-07
10.0,0-5 mm,rh,pos,0.22829797115314412,0.029847755774548543,4.3909047515740945e-07,1.7563619006296378e-06
10.0,0-5 mm,rh,prculs-d,0.22829797115314412,0.14658709989416274,0.025053357626296575,0.025053357626296575
10.0,0-5 mm,rh,prcus-a,0.22829797115314412,0.017878536593916434,1.6064930270639875e-07,8.032465135319937e-07
10.0,0-5 mm,rh,prcus-i,0.22829797115314412,0.10609368259604104,0.002628584846061773,0.005257169692123546
10.0,0-5 mm,rh,sbps,0.22829797115314412,0.10489520203672996,0.0010220445183392393,0.003066133555017718
10.0,0-10 mm,lh,ifrms,0.2885079236163515,0.00035698654673703114,5.929539950622087e-09,3.557723970373252e-08
10.0,0-10 mm,lh,mcgs,0.2885079236163515,0.0008564924171416455,4.899865916845247e-09,3.429906141791673e-08
10.0,0-10 mm,lh,pos,0.2885079236163515,0.02189207363828568,6.785142780682338e-09,3.557723970373252e-08
10.0,0-10 mm,lh,prculs-d,0.2885079236163515,0.10259407083664794,1.5533401771092305e-05,4.660020531327691e-05
10.0,0-10 mm,lh,prcus-a,0.2885079236163515,0.0715365065452078,2.426228618901405e-06,9.70491447560562e-06
10.0,0-10 mm,lh,prcus-i,0.2885079236163515,0.20475429110038476,0.05288046731652685,0.05288046731652685
10.0,0-10 mm,lh,sbps,0.2885079236163515,0.16525049229368996,0.0015333794735568063,0.0030667589471136125
10.0,0-10 mm,rh,ifrms,0.2691991275219714,0.0001574752786006,5.179254777295379e-09,3.6254783441067654e-08
10.0,0-10 mm,rh,mcgs,0.2691991275219714,0.004947762535677614,1.0688001765956596e-08,6.412801059573958e-08
10.0,0-10 mm,rh,pos,0.2691991275219714,0.04189812247007051,1.0654356836520032e-07,4.261742734608013e-07
10.0,0-10 mm,rh,prculs-d,0.2691991275219714,0.16103085013919557,0.007314425621391187,0.007314425621391187
10.0,0-10 mm,rh,prcus-a,0.2691991275219714,0.025925409042194213,4.8280022688845435e-08,2.414001134442272e-07
10.0,0-10 mm,rh,prcus-i,0.2691991275219714,0.12176165444688604,0.0004625041382866205,0.000925008276573241
10.0,0-10 mm,rh,sbps,0.2691991275219714,0.11517648213332765,2.139966154258828e-05,6.419898462776484e-05
