lh_pFus,lh_mFus,rh_pFus,rh_mFus
58.122692584991455,373.0074760913849,233.87427163124084,385.27346205711365
96.69261622428894,136.23737788200378,211.0341031551361,261.69974184036255
436.0424802303314,140.91325902938843,418.8265006542206,360.63995361328125
190.7112625837326,78.97986888885498,339.26417803764343,300.3157317638397
211.26916921138763,338.718584895134,217.65663743019104,277.0631082057953
240.84404921531677,46.688907742500305,44.00119638442993,312.33979630470276
215.99061977863312,460.29398250579834,242.44525361061096,594.7372467517853
316.45889687538147,338.4886784553528,437.8818566799164,549.4603049755096
164.23679971694946,305.3000336885452,300.818984746933,53.86119782924652
369.10616278648376,211.29294610023499,195.92107725143433,216.38085651397705
240.35429406166077,253.57661962509155,,417.68358302116394
209.0450620651245,443.0568517446518,223.07032799720764,139.46290338039398
485.15648877620697,231.00563597679138,367.53489565849304,42.18329334259033
298.2399251461029,158.41686511039734,476.9206528663635,500.82336723804474
272.37301325798035,148.6599304676056,106.53415608406067,49.288090229034424
417.1271036863327,102.20930552482605,270.81130027770996,462.93540716171265
319.5972316265106,361.61048674583435,389.6318356990814,349.25867676734924
88.98505854606628,339.08305978775024,330.10641145706177,310.65963304042816
327.79072070121765,533.2493739128113,274.98306131362915,691.5975655317307
265.3880662918091,68.21536755561829,383.1999545097351,129.2905354499817
38.53552055358887,155.42400288581848,,135.27733373641968
188.3091688156128,334.187869310379,198.25553393363953,101.20871889591217
377.617963552475,417.19244861602783,387.0372610092163,190.19393694400787
177.59567070007324,138.98059630393982,310.4310688972473,129.9374544620514
482.7080931663513,127.43692469596863,324.75688004493713,455.5371127128601
359.60007524490356,284.6471127271652,163.46518659591675,466.1667591333389
200.69224059581757,300.4644179344177,488.24382400512695,835.7323828935623
191.48105812072754,199.29435873031616,218.2213168144226,636.3903256654739
301.95058393478394,290.5236773490906,311.1772906780243,312.33598363399506
104.4180371761322,241.54935455322266,553.7645018100739,153.2729767560959
247.93223118782043,256.00698471069336,300.134644985199,292.13833022117615
311.70963394641876,497.3930163383484,203.1194784641266,182.30071115493774
281.24421787261963,724.4338030815125,390.499547958374,536.3437869548798
412.44976806640625,214.71477031707764,227.4877758026123,276.19108760356903
414.7643315792084,360.6214370727539,236.75309443473816,303.93459248542786
283.9392001628876,230.97993004322052,453.429456949234,372.33631324768066
438.2600247859955,387.68918120861053,411.53604316711426,83.34244132041931
182.28766548633575,18.97778296470642,188.922856092453,59.677411794662476
295.49967885017395,57.63910794258118,351.86033821105957,355.0049800872803
206.6566653251648,45.99051868915558,199.41738092899323,85.00905060768127
195.42244791984558,328.6273937225342,160.62657690048218,350.93040573596954
115.7878110408783,151.69191122055054,204.1374408006668,54.035642862319946
135.58461546897888,16.532219409942627,97.06147623062134,
268.62601804733276,187.19782876968384,397.5528872013092,216.35990977287292
19.99131941795349,89.1591362953186,103.48364806175232,89.99512910842896
397.7466675043106,109.32596611976624,575.3295409679413,134.42341709136963
264.46893298625946,193.71926927566528,312.3351649045944,143.8086564540863
314.4333539009094,248.54135811328888,456.2666267156601,121.23551094532013
29.259685754776,104.05492925643921,45.47421216964722,72.18331956863403
405.39487957954407,124.84269094467163,266.44177532196045,305.74329018592834
139.93990468978882,478.17356967926025,376.4376862049103,222.54432320594788
295.0955786705017,413.9721350669861,309.7983293533325,377.03738617897034
91.65183925628662,225.94432485103607,166.48308908939362,268.56035697460175
103.43286895751953,291.22644782066345,143.99649834632874,368.3309438228607
274.26467728614807,45.42828822135925,155.27091991901398,224.56695592403412
225.95173573493958,512.4241490364075,628.7980859279633,293.7878248691559
112.18533825874329,551.2073378562927,263.177961230278,424.7717618942261
299.3895733356476,224.980806350708,375.8797309398651,264.64827513694763
87.94940400123596,358.087016582489,225.68871665000916,18.80918860435486
297.37611401081085,267.0560812950134,61.39566206932068,229.5702452659607
164.0719599723816,143.24653911590576,238.61351346969604,170.41220426559448
232.258442401886,371.13617515563965,277.9839360713959,283.49791288375854
515.7082297801971,467.44255542755127,446.03628158569336,512.6821610927582
582.7679299116135,605.079267501831,499.5380160808563,796.1043454408646
369.53100204467773,131.06527829170227,156.40607500076294,286.2838222980499
392.61868953704834,272.5254273414612,359.7736392021179,526.8254747390747
191.11435747146606,116.32892370223999,281.4190423488617,126.87885642051697
302.5710598230362,88.09173214435577,316.34747314453125,284.85290348529816
87.49284839630127,78.66808700561523,91.0376193523407,114.1961829662323
225.04737663269043,293.5537791252136,81.39434051513672,330.3031919002533
262.58167481422424,358.59358060359955,218.9448480606079,308.8704442977905
147.0598165988922,273.09187602996826,329.475812792778,85.88960409164429
100.21424126625061,161.5480387210846,96.81551194190979,238.34645009040833
233.85432744026184,1134.6220083236694,455.69886779785156,242.52455961704254
200.81089568138123,226.67545533180237,35.27869653701782,316.4523116350174
195.6311891078949,617.0595355033875,283.2893741130829,694.1991331577301
311.79867339134216,650.9217731952667,334.61217308044434,507.76671862602234
216.85798001289368,133.56181740760803,232.40293979644775,130.54377698898315
288.95790100097656,378.47223019599915,153.1426122188568,146.09461569786072
298.5550878047943,221.0333275794983,287.057612657547,330.0007846355438
103.04736471176147,260.03391230106354,254.300732254982,242.34888887405396
380.17474484443665,265.2887921333313,290.65400099754333,423.1629046201706
276.7529193162918,156.08762550354004,321.8248829841614,142.18269264698029
66.93440890312195,212.15324711799622,190.09887385368347,216.52592039108276
211.5660262107849,83.36712396144867,195.57270455360413,219.487610578537
280.63439106941223,423.207004070282,330.083607673645,450.077131152153
259.03584933280945,186.23489332199097,200.48538184165955,131.62005126476288
117.38377356529236,318.1171524524689,365.4153952598572,529.3081817626953
271.07834815979004,314.3930529356003,347.0660824775696,445.1612424850464
141.7885546684265,163.35027074813843,166.29358100891113,322.91418075561523
,171.5411388874054,,409.2510997056961
500.47842264175415,304.9060637950897,270.8726968765259,505.07839143276215
493.9132809638977,409.800035238266,339.61874079704285,392.7698619365692
371.328208565712,192.7643301486969,215.62764406204224,220.75468933582306
348.4215372800827,547.2848143577576,969.9926897287369,655.272547006607
338.55822920799255,567.9041485786438,369.98466765880585,463.2246507406235
144.83414912223816,423.0604667663574,292.10038554668427,294.2622501850128
273.93301463127136,106.00546073913574,318.50930082798004,170.77613306045532
,251.2478393316269,19.506427526474,314.2151184082031
105.4956032037735,210.02801954746246,268.54267287254333,227.14709222316742
300.49153685569763,,277.83878433704376,320.34803199768066
220.03509962558746,123.55014789104462,188.75855612754822,104.43010449409485
195.95400643348694,300.549519777298,316.8035583496094,186.74393963813782
354.0742406845093,130.05800914764404,419.61765122413635,60.9052996635437
408.3360276222229,149.98605680465698,164.74865770339966,162.7881634235382
275.3175117969513,282.5512750148773,512.3176622390747,250.52277660369873
270.449720621109,315.8468940258026,400.46491718292236,207.62746596336365
209.8287923336029,97.27135848999023,188.96942329406738,3.0483896732330322
166.1714757680893,271.84799909591675,87.83482158184052,374.62837505340576
391.766316652298,336.1578207015991,438.40684390068054,447.34031343460083
203.15549898147583,54.3496253490448,481.6440315246582,303.59260749816895
229.4068205356598,67.07852602005005,282.98284578323364,95.5403128862381
165.7248191833496,163.48884844779968,288.3685841560364,371.8158061504364
196.2653900384903,256.29580426216125,134.70516514778137,408.4894232749939
109.99465584754944,286.5984773635864,200.22810912132263,192.17976450920105
521.74163377285,113.60234439373016,262.94123578071594,250.02807712554932
259.94321060180664,289.9079806804657,383.9672842025757,418.8896223306656
276.53469693660736,209.0816957950592,454.9921524524689,348.3344974517822
44.389564752578735,130.1170197725296,149.3989200592041,118.28937005996704
238.59024500846863,437.6592787504196,452.2883644104004,247.069366812706
292.5321362018585,443.9098377227783,390.2341455221176,494.07365465164185
328.4236481189728,493.7364420890808,415.658185005188,395.7555568218231
216.53179121017456,470.8032989501953,,380.614297747612
228.36362528800964,134.9657220840454,226.98002457618713,155.42491209506989
124.52346611022949,154.77170944213867,90.44248914718628,192.0529363155365
133.80396604537964,298.8241927623749,234.22203302383423,149.323002576828
376.419588804245,212.0282266139984,942.7783668041229,752.0896968841553
561.9707466363907,253.23571157455444,386.66025710105896,287.0691924095154
16.585816502571106,120.3480703830719,77.61294031143188,180.15939283370972
499.75742626190186,235.33632254600525,545.8855443000793,301.6301922798157
300.0721457004547,326.4026644229889,278.78505659103394,283.6608889102936
322.25770711898804,233.00427186489105,222.9738552570343,544.9008349180222
297.59204173088074,250.14836883544922,193.91519403457642,326.0276553630829
,234.7880175113678,,305.39274168014526
311.004411816597,226.64670825004578,174.4750316143036,129.7331576347351
298.13111424446106,331.6071854829788,304.5993208885193,477.54472267627716
297.6319386959076,58.144506335258484,455.8311536312103,192.06500041484833
267.08385694026947,226.0187633037567,209.58362674713135,253.63215959072113
201.37095141410828,285.89610946178436,201.84758043289185,
197.5213758945465,292.2262398004532,254.0465886592865,239.2041621208191
351.33075308799744,204.09123063087463,228.24759078025818,293.5458743572235
435.65546226501465,275.57456493377686,399.1121666431427,428.733634352684
520.9592909812927,13.405815601348877,357.97996616363525,552.6970698833466
765.8997330665588,290.9766192436218,410.17808198928833,458.1734730005264
100.62768173217773,136.7185835838318,372.76119792461395,354.8872740268707
302.64175605773926,189.96995329856873,212.9725821018219,380.5523934364319
303.18874645233154,274.11161828041077,156.31717896461487,245.36636400222778
180.80262994766235,40.80902171134949,349.16845321655273,287.3397115468979
148.94804573059082,177.53322458267212,189.72823190689087,84.92753219604492
356.86609411239624,361.99605536460876,218.26926589012146,559.1522505283356
92.17312026023865,236.12333154678345,314.05232524871826,478.1959556341171
468.16898584365845,459.0990262031555,362.47742795944214,417.60124492645264
377.65255975723267,280.01947140693665,406.9813449382782,259.1415066719055
95.39124488830566,134.15463662147522,234.70370185375214,249.9982738494873
21.34977436065674,343.1004979610443,,156.38496053218842
252.3442873954773,94.02628350257874,81.41943526268005,208.88414323329926
47.01909160614014,430.65392303466797,206.81123304367065,472.53886795043945
337.44904923439026,176.16270637512207,263.1143968105316,470.658460021019
275.10230898857117,64.9144356250763,179.13201332092285,380.15117621421814
117.84825849533081,36.45706081390381,223.82319951057434,137.3985491991043
174.39292788505554,319.0752772092819,247.88680231571198,324.02847611904144
576.1558829545975,676.7876646518707,433.2407064437866,316.3895525932312
330.94128489494324,356.26200890541077,619.8911954164505,218.22408723831177
398.16860699653625,320.3659014701843,217.38951706886292,263.3010892868042
393.47009444236755,224.37627005577087,259.34564566612244,239.22810864448547
339.2510492801666,332.5005477666855,428.60174107551575,323.6770279407501
263.0623437166214,225.95490312576294,286.7490334510803,149.88148260116577
134.6665632724762,162.85481595993042,304.86204755306244,207.3473765850067
165.85650968551636,264.54119527339935,388.4182126522064,139.15556704998016
249.46319580078125,344.94102787971497,506.39543557167053,299.7097702026367
216.74954390525818,185.58777856826782,235.39691829681396,264.13124227523804
185.68639421463013,187.1798267364502,139.81428170204163,327.789514541626
396.04996156692505,123.45389449596405,578.8389844894409,140.9987506866455
536.0926127433777,443.18659019470215,458.3959860801697,464.72210359573364
437.8076026439667,252.7086981534958,403.97397565841675,678.2570539712906
145.49167048931122,131.08034300804138,117.30736565589905,114.84811574220657
178.89312505722046,254.4401502609253,98.12983334064484,104.68657088279724
220.18872117996216,319.508735537529,349.85733699798584,307.92094349861145
197.59237945079803,99.64899730682373,232.8370326757431,299.85224056243896
169.3703315258026,378.7206428050995,459.8152264356613,242.42077493667603
49.018226146698,84.2598625421524,,334.60531997680664
534.8250081539154,293.39284682273865,392.03816771507263,119.64191269874573
377.71350514888763,109.12858438491821,79.56707286834717,337.4136588573456
355.0914406776428,205.90117192268372,381.1483801603317,278.21432745456696
165.0374791622162,132.12385511398315,218.6571534872055,168.33909857273102
207.9186736345291,549.9235723018646,277.23935556411743,337.8968583345413
202.2355990409851,407.78428888320923,363.450337767601,514.5241832733154
293.6830732822418,81.95002460479736,535.4444177150726,32.8512020111084
,274.3530203104019,,333.0181541442871
217.1560022830963,270.76415061950684,248.59266769886017,297.540096282959
124.77236127853394,344.14121198654175,245.25291466712952,184.97199857234955
151.41156041622162,153.55063211917877,375.79371309280396,531.9810519218445
460.8197659254074,132.58449232578278,305.4933524131775,161.72810244560242
267.46401739120483,271.94064724445343,135.151726603508,374.90521717071533
193.24990820884705,205.05739784240723,209.65092062950134,487.0161064863205
290.52415585517883,324.4372172355652,482.6272723674774,377.3467593193054
65.93910527229309,364.74186396598816,463.1869549751282,8.835693359375
341.84555780887604,163.35039567947388,361.48554742336273,509.20960688591003
360.6228687763214,372.40137815475464,289.6024317741394,228.84765338897705
302.7159560918808,39.321006774902344,499.0678687095642,470.6068321466446
268.9525294303894,8.934280753135681,164.09410667419434,250.69279670715332
67.00074172019958,66.54283809661865,345.22558784484863,194.27039051055908
343.2759141921997,427.1124541759491,659.1409163475037,172.8738875389099
205.6263632774353,14.653653144836426,164.95717477798462,441.8892515897751
188.04844629764557,122.6936662197113,112.97148621082306,17.21308469772339
214.7746546268463,390.82078313827515,221.9834189414978,354.1507033109665
240.60449397563934,234.37021207809448,193.38634037971497,128.46250343322754
240.24652528762817,265.38633275032043,173.43384444713593,483.4030945301056
79.91449570655823,137.6129665374756,392.5477862358093,451.92572498321533
172.3203990459442,231.64556312561035,558.4593895673752,164.23947203159332
298.86522793769836,235.76562309265137,285.52051985263824,330.0355392694473
96.9631609916687,443.28839659690857,252.67428517341614,390.2644627094269
431.2409391403198,227.49823880195618,336.4442114830017,317.17968940734863
202.56354475021362,338.55637216567993,208.72511506080627,251.37570595741272
,270.8582606315613,226.33405566215515,93.25964570045471
370.6761350631714,340.4909636974335,325.78517150878906,267.7657754421234
466.3692036867142,329.4078347682953,446.9469848871231,180.1067135334015
531.6935107707977,485.13353657722473,504.7800374031067,427.7007689476013
404.9001657962799,86.98181915283203,335.4491584300995,265.1755039691925
185.5739393234253,156.68979120254517,162.41270971298218,253.91898453235626
214.2009893655777,22.561660766601562,18.630223274230957,166.0735912322998
159.73402881622314,173.1793282032013,194.65397667884827,332.6893310546875
164.56308960914612,165.72401595115662,176.34134125709534,319.44335436820984
163.53846383094788,524.8296880722046,508.16745018959045,218.18405866622925
308.5477457046509,198.10435032844543,111.59186601638794,122.56046509742737
27.262767553329468,145.21910881996155,174.21767330169678,287.17865538597107
280.21654534339905,275.71812558174133,223.33837163448334,161.0930358171463
131.33250331878662,220.35628175735474,167.04211378097534,353.3476388454437
190.53403544425964,453.4341102838516,94.27841973304749,407.99553203582764
109.45021104812622,,534.4494986534119,228.36719799041748
539.4508810043335,107.05193519592285,407.2400367259979,379.52665519714355
69.11618566513062,294.10015201568604,,398.7077360153198
360.96136236190796,135.84970903396606,249.3317997455597,266.96724462509155
178.92213988304138,192.96080684661865,404.9407321214676,355.75501894950867
169.67107558250427,404.9624593257904,160.58145117759705,240.81562328338623
170.74255514144897,139.53436756134033,63.03339171409607,157.464506149292
216.25347912311554,110.97856545448303,308.7905309200287,233.96372842788696
579.8279020786285,135.71885681152344,378.64705085754395,456.7227954864502
304.04106843471527,125.37194669246674,440.3774411678314,159.93385100364685
289.1554362773895,111.41297674179077,522.6599448919296,321.0785166025162
309.9518520832062,306.93636441230774,321.67766094207764,195.7320430278778
146.1815025806427,324.5371446609497,214.1944375038147,528.6026945114136
48.26335000991821,267.13758659362793,131.23792004585266,336.19699823856354
147.46656727790833,241.54121708869934,313.20411372184753,496.5535855293274
173.70284414291382,194.32176804542542,35.88178253173828,531.3517951965332
327.02047991752625,256.02362871170044,362.04597783088684,78.83774960041046
394.9424090385437,467.15534496307373,383.18951201438904,144.52469635009766
45.103530168533325,71.61308431625366,212.3148398399353,93.3137378692627
308.18144631385803,199.67010927200317,242.01860165596008,212.94972395896912
346.76584219932556,150.23967170715332,422.2738502025604,398.7835900783539
129.9446291923523,166.03753650188446,175.63955128192902,307.61424255371094
260.6463351249695,103.56464219093323,371.5465587377548,228.50852298736572
382.90646982192993,237.6880886554718,394.1104440689087,183.5074224472046
103.75848746299744,353.91009402275085,168.6765832901001,449.4831494092941
231.7994349002838,166.60205483436584,202.79817855358124,151.61514449119568
85.34913206100464,85.4181580543518,194.12981963157654,13.270862579345703
376.80062675476074,173.98672819137573,338.16085481643677,199.73503363132477
166.8024994134903,259.49166548252106,137.9480493068695,184.93725192546844
49.21711206436157,399.06547379493713,160.55896258354187,284.2722179889679
250.7133765220642,498.75449669361115,173.70338773727417,418.8997919559479
123.44807696342468,358.71118891239166,,186.34188985824585
192.46304070949554,244.60861706733704,143.35004246234894,98.80778431892395
189.55106663703918,214.2411868572235,,420.2768156528473
238.97612881660461,215.17639994621277,456.7858245372772,188.57480597496033
175.42395448684692,102.68804967403412,259.37725043296814,326.40008521080017
289.0267006158829,36.00827145576477,133.07512164115906,367.6450560092926
32.18064260482788,356.6369779109955,365.874343752861,236.58774828910828
62.33829736709595,139.9274778366089,243.11105155944824,447.81771636009216
321.1439652442932,478.4358662366867,332.8489544391632,13.909225583076477
147.73638439178467,267.67641139030457,267.50112080574036,466.92435789108276
226.42788004875183,343.1561840772629,251.13903784751892,552.0910007953644
169.3878629207611,209.11113381385803,93.43927073478699,159.95443868637085
55.20516014099121,119.5078706741333,119.94422364234924,258.77578711509705
197.63857245445251,342.8619906902313,265.9485914707184,214.25634360313416
279.00119137763977,449.8939620256424,250.91136693954468,380.7957589626312
,138.57823765277863,168.68357717990875,261.4611110687256
152.8906626701355,205.83054459095,447.45494556427,60.18419003486633
150.1931723356247,300.30161142349243,475.86138665676117,117.58886933326721
164.77180099487305,301.35622787475586,164.993314743042,229.69613766670227
155.3856053352356,70.13728475570679,282.99639916419983,307.2954773902893
94.09503173828125,159.84856832027435,28.124992609024048,160.77459383010864
139.35488200187683,227.55227065086365,182.87369108200073,416.0206880569458
268.64844393730164,209.83085203170776,95.54413771629333,228.4822633266449
69.78394436836243,86.88179194927216,265.6441397666931,271.10480260849
304.2346832752228,512.5945301055908,291.9283547401428,314.08120703697205
154.83798217773438,125.8192069530487,247.82644963264465,221.42492413520813
356.1646873950958,72.41249430179596,352.8066190481186,188.96493923664093
440.7985346317291,220.9109935760498,369.36123919487,
291.3493525981903,60.54452466964722,260.3991677761078,323.38703751564026
342.7481892108917,373.4032952785492,380.9578311443329,686.8975269794464
214.97827458381653,374.964275598526,418.49743008613586,166.11035931110382
163.03644514083862,80.1259777545929,300.8770275115967,244.92682993412018
293.1919575929642,806.5021446943283,217.9164433479309,308.6528640985489
364.4104926586151,47.01365089416504,644.8043601512909,186.26838660240173
296.61349272727966,329.41238832473755,478.19558906555176,247.98833537101746
344.22500789165497,219.47853314876556,317.8243293762207,274.0302621126175
573.2990283966064,347.8248133659363,568.9776214361191,366.79995143413544
195.85096263885498,210.78214836120605,240.01042008399963,478.1425122022629
578.6681826114655,413.0307900905609,341.95600748062134,358.2273578643799
355.1220443248749,55.465617418289185,317.30470180511475,432.34815740585327
270.3842010498047,26.910687923431396,186.99319434165955,270.38800501823425
387.2138944864273,279.22885847091675,708.8854641914368,532.2673814296722
92.21668100357056,228.02315950393677,71.15021085739136,115.69455134868622
400.6942024230957,351.0771872997284,677.5237860679626,280.74064016342163
243.9313235282898,313.82938027381897,500.93772411346436,320.02553629875183
51.24729776382446,166.35834217071533,201.75075507164001,147.13004779815674
415.55476552248,204.09245944023132,,390.6068285703659
241.95798301696777,305.86332869529724,,329.64319908618927
304.5127823352814,39.96417188644409,144.61307382583618,149.88263154029846
325.23447954654694,245.22481608390808,288.18106412887573,120.99659752845764
147.65248036384583,129.58663988113403,236.27054941654205,213.45253789424896
187.80025434494019,251.3247287273407,152.49065279960632,140.93527495861053
175.84134149551392,89.00266551971436,161.17140245437622,142.03831720352173
13.88778018951416,227.5624577999115,112.11520004272461,50.8194260597229
361.94093918800354,81.96581792831421,322.2354121208191,165.19705545902252
220.71241700649261,262.20410799980164,382.0486407279968,359.4914219379425
121.05101680755615,285.48808097839355,221.2057409286499,355.17117524147034
275.9910366535187,106.8216962814331,133.29532933235168,149.53932535648346
226.294659614563,264.0512385368347,283.9719697237015,241.53886699676514
86.59798288345337,218.87482857704163,420.8393156528473,20.338285207748413
187.10926389694214,274.7521607875824,35.030248165130615,452.08422017097473
271.3166357278824,54.20633268356323,245.11028277873993,210.46956253051758
703.338632106781,383.7856504917145,471.2012598514557,166.99563717842102
317.3786551952362,266.7905430793762,271.93907594680786,372.9790998697281
130.3836361169815,466.22431111335754,275.16696751117706,456.4369329214096
141.9675998687744,214.79874658584595,,103.53880214691162
490.2750165462494,253.05482363700867,338.554151058197,476.2621223926544
409.07843589782715,239.77663588523865,572.7909801006317,187.7947781085968
407.1643154621124,132.04269909858704,281.1142643690109,121.38303637504578
301.86322951316833,347.0985600948334,11.174126148223877,446.81779050827026
404.65535497665405,338.9988594055176,518.9683065414429,394.0682375431061
162.6621265411377,63.14328098297119,113.41048574447632,
256.40307211875916,177.2017160654068,388.3280065059662,230.8940041065216
395.96653962135315,572.4676160812378,444.0126168727875,544.6448884010315
204.59956884384155,201.745285987854,229.28784942626953,219.44172310829163
154.3705371618271,319.6672751903534,351.45434975624084,222.34074020385742
350.2082054615021,233.52703428268433,510.75714284181595,318.872864484787
192.61754083633423,812.962080001831,437.56913590431213,214.09520626068115
243.88054752349854,346.56021451950073,235.17235231399536,529.8316543102264
207.96818721294403,200.42681562900543,500.3476240634918,119.02597963809967
371.0231068134308,261.8905026912689,122.06792116165161,318.97179305553436
78.65383887290955,52.215304136276245,257.1973443031311,369.00722348690033
248.736421585083,250.24274945259094,214.28056395053864,240.7498699426651
302.0833555459976,151.6787769794464,285.072935461998,240.44403409957886
487.9937388896942,256.4522452354431,350.3836512565613,199.4045922756195
354.0018780231476,215.6347200870514,291.5520145893097,302.7177047729492
200.83952355384827,267.6588976383209,243.9042421579361,153.5603893995285
320.8871829509735,152.83955931663513,385.66002237796783,66.4053282737732
257.8781861066818,484.29713904857635,382.12939453125,235.55577898025513
266.36155009269714,234.2943139076233,143.05590891838074,235.37769150733948
214.4275348186493,202.169074177742,282.1638467311859,74.73624753952026
173.34904205799103,49.86749219894409,331.61155343055725,194.62745916843414
190.71791052818298,218.0017260313034,228.44355702400208,245.42212295532227
130.87640571594238,377.9195554256439,375.9286413192749,250.04321551322937
268.6688485145569,265.61567783355713,396.79460167884827,210.9230740070343
297.36515522003174,296.2869465351105,339.0028166770935,221.04070842266083
92.5503351688385,343.882750749588,235.16323840618134,159.28287506103516
420.98983108997345,385.9102244377136,152.88317346572876,222.05244183540344
222.16880083084106,74.4704008102417,406.42829966545105,221.93425297737122
189.7382971048355,280.53614687919617,190.16899824142456,359.9826811552048
333.35302925109863,121.59475326538086,173.08366322517395,129.9472326040268
129.70271611213684,33.245197057724,138.63206434249878,245.14150071144104
44.93965435028076,65.57393455505371,120.65826570987701,110.51185011863708
75.15903663635254,365.98805975914,257.60931968688965,381.16276931762695
542.2862493991852,666.0526120662689,566.5576226711273,325.718768119812
72.43599700927734,195.30009937286377,4.61356258392334,227.7137988805771
87.31846284866333,264.16779386997223,282.814909696579,422.5450520515442
216.5610055923462,170.53661000728607,242.77601099014282,204.65233302116394
195.87566828727722,59.18131732940674,278.1205369234085,191.95078921318054
351.4691927433014,141.38729858398438,204.48763239383698,141.56336975097656
213.9016900062561,,342.07705533504486,82.28452849388123
149.74433040618896,176.84511399269104,187.15888261795044,107.39999532699585
380.397123336792,134.4518051147461,385.72598147392273,141.06574296951294
227.5108678340912,109.30658984184265,318.98741698265076,499.3798129558563
307.6029906272888,220.5931123495102,329.2856705188751,248.36434972286224
66.60609436035156,112.81030535697937,,389.9447317123413
468.0099790096283,235.80725979804993,257.7547798156738,206.8930835723877
67.91382002830505,365.2991876602173,161.90047359466553,310.4796098470688
164.76095831394196,193.0528130531311,352.4158982038498,165.67650544643402
164.97947597503662,230.36015963554382,415.5602208375931,327.0906777381897
419.0282118320465,217.61953830718994,214.9397029876709,533.5784788131714
65.63249778747559,129.09758853912354,165.4662802219391,212.87850987911224
115.90604710578918,371.3146468400955,352.8578096628189,178.25149416923523
268.54826736450195,199.2996325492859,305.0876178741455,144.910719871521
265.02209067344666,,232.93285536766052,157.12418222427368
353.4197828769684,64.42488050460815,394.99937629699707,295.73067450523376
135.15752518177032,245.80296754837036,231.42939114570618,117.60078418254852
305.80195343494415,32.567673087120056,225.33582818508148,440.6536806821823
366.76162552833557,130.73616552352905,414.8274121284485,98.72931218147278
406.0859967470169,152.32913208007812,281.26668882369995,353.9963324069977
107.0635175704956,399.4381066560745,327.4223644733429,226.06267726421356
175.55217909812927,364.91391348838806,495.90898859500885,
414.2066241502762,530.9269762039185,490.83591651916504,329.5613696575165
458.28210866451263,266.4083511829376,402.7387330532074,278.88940024375916
126.79003667831421,41.21394610404968,597.7943687438965,265.6646970510483
196.52529788017273,48.93949913978577,155.94765329360962,180.2245386838913
165.06050825119019,204.3833212852478,328.4211494922638,263.69710743427277
113.61630237102509,248.77079892158508,60.245583057403564,350.9032155275345
,265.9352637529373,337.963250875473,331.8879373073578
344.4912271499634,82.6598789691925,369.41164088249207,
255.72612237930298,148.74380087852478,239.79258477687836,298.2741631269455
340.42886328697205,272.50590658187866,441.2215054035187,264.728640794754
321.1520736217499,190.5593318939209,416.7326887845993,334.9447560310364
157.10018360614777,246.41570734977722,289.92353439331055,134.73964262008667
194.06482529640198,264.1200759410858,390.7447347640991,239.38290452957153
295.6822245121002,231.5414502620697,476.8224242925644,273.9445581436157
59.9843692779541,251.46538090705872,172.65322601795197,133.28524219989777
8.828520774841309,231.62583315372467,,286.23031282424927
160.1355276107788,281.69298243522644,128.9264199733734,333.1396405696869
252.09351587295532,216.194815158844,185.37036967277527,292.8019642829895
358.28135991096497,467.24682700634,398.4679366350174,333.52493047714233
170.41209661960602,34.81591725349426,112.14640259742737,125.2325621843338
,191.20476388931274,292.8642339706421,193.68975019454956
289.4340978860855,249.58106184005737,138.986576795578,264.0549991130829
113.71088993549347,343.97345185279846,256.70474338531494,123.62152361869812
560.8814733028412,419.3405417203903,433.73268127441406,313.02543234825134
256.26826000213623,157.5642340183258,312.83740293979645,172.89224004745483
156.51264333724976,139.331444978714,260.91279435157776,333.7135376930237
277.09590208530426,228.71946692466736,279.1291162967682,247.5601521730423
193.69109344482422,357.45885038375854,294.35839319229126,174.20281314849854
130.6910524368286,261.20932483673096,210.35331225395203,355.1186966896057
423.65635204315186,150.2414107322693,467.8778715133667,302.36800265312195
342.31344532966614,303.85590505599976,300.36814737319946,176.18955278396606
237.28099155426025,126.82802295684814,421.1994206905365,175.08324921131134
59.00066089630127,153.96285903453827,84.6539911031723,99.20563793182373
226.3857090473175,342.3793966770172,231.0916154384613,245.32676130533218
,286.68861198425293,225.89963364601135,305.58243799209595
132.29971528053284,71.92426204681396,192.75784826278687,222.03613710403442
183.7866234779358,421.1084985733032,306.49010610580444,449.5945999622345
305.504629611969,222.5972809791565,523.4285906553268,178.1836428642273
103.40321004390717,139.40822625160217,172.39254760742188,152.03850626945496
226.33370804786682,210.90420770645142,310.1158118247986,77.41790390014648
337.933962225914,144.8518544435501,411.8413380384445,48.254897356033325
206.23175024986267,252.84940910339355,242.28926718235016,216.5257704257965
371.2809565067291,193.491889834404,278.50226271152496,
203.45806336402893,203.7848036289215,361.4254221916199,
244.65364158153534,58.23608958721161,215.14415431022644,168.88306868076324
242.82232868671417,119.02994573116302,224.36512458324432,282.4841822385788
337.34055614471436,471.9714045524597,444.45510697364807,592.6581971645355
272.56952714920044,80.6347451210022,333.4205815792084,356.7995011806488
165.57934403419495,324.91950845718384,266.46493995189667,174.72715759277344
220.54029941558838,171.36703205108643,273.0702303647995,375.825346827507
117.38224291801453,147.8969304561615,398.2705057859421,277.9923355579376
,438.9369206428528,174.97405672073364,395.8188548088074
242.76257872581482,317.91499495506287,448.22902393341064,302.6870428323746
362.82452833652496,18.40785312652588,220.3761489391327,298.8424917459488
169.78336119651794,421.91801738739014,128.97401475906372,310.57012462615967
333.4972734451294,207.17456954717636,515.1456415653229,240.26728177070618
142.025887966156,329.4132841825485,541.8007388114929,348.8528034687042
306.32260155677795,255.92941236495972,321.2259032726288,374.91654992103577
393.61063623428345,13.525929927825928,253.9638910293579,282.22465443611145
258.4153833389282,228.68503069877625,60.22373604774475,473.87447810173035
186.08180046081543,178.82068645954132,216.68716144561768,252.61840105056763
286.86893343925476,217.03194046020508,231.2430455684662,423.239896774292
189.89227676391602,310.69181180000305,253.498459815979,151.33073806762695
78.65876865386963,244.12119603157043,299.5239768028259,209.68556308746338
415.8871879577637,129.03078961372375,429.72059655189514,315.71287989616394
181.5459017753601,137.3075864315033,203.13741552829742,120.1746883392334
174.45430898666382,383.97158789634705,185.98735666275024,95.87341356277466
203.6233103275299,,203.36373090744019,42.32417607307434
120.24365317821503,129.05319213867188,191.08328199386597,155.1934642791748
253.25677967071533,117.09405183792114,190.8112964630127,272.9150230884552
188.14510440826416,184.5914442539215,110.29974508285522,158.12610149383545
86.18795990943909,71.6854157447815,244.91583776474,41.07262706756592
210.28833496570587,195.50482320785522,336.78317046165466,240.5954008102417
125.87524843215942,139.08707439899445,200.35945558547974,272.0494581460953
263.38356018066406,308.875053524971,458.52760207653046,60.596317529678345
360.48322010040283,202.74702608585358,102.6860601902008,288.9868359565735
93.31871581077576,273.3554904460907,354.97867584228516,221.66062903404236
228.66772723197937,269.3232147693634,521.7442042827606,379.5579037666321
209.8998384475708,358.9788028001785,327.1782431602478,405.14728581905365
214.27125430107117,87.3772600889206,138.48895001411438,153.6749758720398
365.4150421619415,151.93384981155396,264.30281496047974,172.926913022995
257.67271876335144,133.02662324905396,110.05672955513,213.06327533721924
264.17206716537476,313.8148925304413,,397.9791682958603
228.7664830684662,176.12431287765503,248.32576251029968,127.18515014648438
535.9142384529114,222.81216728687286,296.34498834609985,547.8386192321777
318.67385268211365,304.3109381198883,533.4265029430389,228.1627368927002
128.5625936985016,144.97291088104248,402.1456115245819,317.5083793401718
114.13538336753845,167.03082299232483,133.13218688964844,260.6466016769409
256.89211344718933,473.6096863746643,246.42325854301453,386.64546489715576
151.29459953308105,234.2544220685959,219.1369171142578,183.00290524959564
,235.67297875881195,,160.082905292511
153.61689972877502,203.76240515708923,147.7122781276703,321.8712261915207
237.00888514518738,159.94363927841187,175.51307356357574,279.2486004829407
,397.5716803073883,,291.2153843641281
288.057106256485,144.80572199821472,485.8487277030945,119.73860371112823
280.1308100223541,577.5068101882935,266.87563848495483,498.6818861961365
404.63383293151855,300.0699373483658,408.7242782115936,579.0232938528061
313.5683195590973,233.2841681241989,295.41731429100037,345.26065373420715
358.3716518878937,211.08162450790405,287.40841257572174,244.2914958000183
260.9841818809509,490.934529542923,211.60804533958435,228.41914629936218
160.10826206207275,173.9275186061859,388.0588629245758,607.5383666753769
107.51406812667847,189.25066792964935,354.46040546894073,43.61569821834564
369.50851488113403,410.5884280204773,300.99523520469666,365.5570846796036
446.3736093044281,,329.52201557159424,352.57892084121704
127.98966658115387,94.73994171619415,211.06627202033997,31.809537649154663
438.45810055732727,534.1403017044067,127.71222114562988,459.63373136520386
152.4910020828247,290.9227805137634,320.5939965248108,228.14495062828064
290.29176473617554,210.93932795524597,272.5463285446167,630.3433544635773
305.0818130970001,510.88925886154175,467.95727455616,385.38832890987396
124.38157391548157,35.08895778656006,,193.4088876247406
,89.14152932167053,144.16377806663513,150.1181559562683
,207.5534269809723,8.923672199249268,315.4250283241272
300.89851570129395,370.4007989168167,323.02461528778076,106.29360485076904
403.0400947332382,105.16738796234131,404.7025007009506,154.4512835741043
188.54164040088654,241.46809554100037,233.27413976192474,280.5187990665436
,180.38095927238464,158.4649257659912,309.12772238254547
,126.25861191749573,,151.70487475395203
262.97851729393005,264.8829712867737,242.72314596176147,254.90438640117645
229.42689859867096,119.86476814746857,98.03624939918518,274.19604408741
122.55585265159607,222.6255383491516,69.6152515411377,111.24213814735413
176.86571979522705,200.81136894226074,164.17016351222992,176.92474055290222
164.76124930381775,247.49890661239624,55.753233194351196,314.32873582839966
189.37947618961334,241.74602246284485,420.082102060318,327.8158414363861
80.47949516773224,221.6498340368271,201.89149451255798,229.67414343357086
95.38618767261505,147.42488050460815,24.41009283065796,122.96603417396545
283.8177924156189,95.56499099731445,243.59725689888,179.06394839286804
338.2242043018341,334.9269915819168,386.83795297145844,234.83525013923645
473.50789511203766,109.42508566379547,284.2232520580292,209.3708312511444
347.25695526599884,,412.19415414333344,
296.8337994813919,193.5418280363083,211.93021428585052,213.05827522277832
115.72900485992432,204.13690614700317,228.6607310771942,279.6271414756775
444.7394621372223,255.01577925682068,352.0216249227524,234.81627821922302
253.8495798110962,236.5214956998825,189.14647436141968,203.41946744918823
274.1753659248352,218.32494616508484,86.86321687698364,365.97862589359283
229.65967345237732,206.32664144039154,232.14176607131958,155.82817375659943
118.28321027755737,210.4003291130066,126.00011110305786,443.5188057422638
403.76425063610077,113.54650521278381,805.3788458108902,232.05856227874756
169.29915380477905,245.24941229820251,123.37276458740234,333.5048441886902
235.7628926038742,229.63432037830353,291.250759601593,136.7966365814209
198.46000480651855,149.69373512268066,204.09307837486267,488.73794388771057
,353.2755913734436,332.9302942752838,198.5776286125183
,246.40468072891235,199.47393035888672,442.8812084197998
215.29711961746216,87.38183879852295,307.21675086021423,88.69142866134644
262.40590143203735,118.86143088340759,587.9211926460266,144.10085320472717
138.58323907852173,382.97857761383057,272.20724534988403,340.08901858329773
114.03287148475647,319.9728364944458,162.72082591056824,110.27297043800354
194.05221605300903,244.4447603225708,154.17437148094177,118.61622166633606
213.05868458747864,144.14256930351257,286.94605708122253,104.33383178710938
449.1982054710388,125.99542903900146,259.9711215496063,282.7791657447815
522.7795624732971,416.9063971042633,393.8446420431137,493.08830666542053
110.52291870117188,131.06184697151184,707.4656167030334,281.8355541229248
301.8625900745392,203.08970856666565,311.9058232307434,250.15897178649902
273.429319858551,163.9727008342743,185.62776637077332,140.4373425245285
170.90495002269745,148.54314291477203,244.04960989952087,361.6243072748184
150.05558800697327,187.49199056625366,155.99334263801575,226.98418879508972
252.27808499336243,369.3067388534546,350.61338448524475,286.97444248199463
295.1784083843231,77.83515441417694,498.41111624240875,237.55811166763306
388.86051046848297,257.1130585670471,448.12459206581116,300.92412054538727
113.06650018692017,159.5992352962494,253.23656940460205,8.18852686882019
276.4803422689438,142.07545220851898,454.9897127151489,169.65118086338043
148.3896987438202,111.93030023574829,335.02297925949097,168.3841655254364
190.22815132141113,285.64611554145813,167.22872281074524,290.5679054260254
123.66265332698822,229.12395572662354,350.1692590713501,319.06258022785187
301.77425837516785,350.8054360151291,237.20947360992432,593.2723921537399
138.23978567123413,592.5558362007141,640.1681363582611,82.15261268615723
216.05373907089233,162.2085325717926,290.5664403438568,514.6501684188843
126.63758373260498,88.48490810394287,573.9838442802429,309.6102546453476
161.37896394729614,147.57542657852173,470.39301323890686,181.33022117614746
253.65964579582214,348.2221540212631,76.71449065208435,138.56660723686218
287.74380826950073,286.20916974544525,326.36712408065796,431.29050552845
422.9545269012451,157.17332649230957,486.536016702652,181.41855216026306
46.23013734817505,120.7900321483612,255.38623476028442,183.74183809757233
402.64016485214233,247.61332201957703,301.5194180011749,63.452991008758545
259.10615730285645,152.24649238586426,417.56318724155426,170.1195342540741
78.24055099487305,332.42092990875244,171.5518937110901,279.01578545570374
299.8832046985626,104.20082116127014,237.7940090894699,425.8555837869644
238.95223140716553,346.7804081439972,234.19663333892822,146.21349096298218
149.6322716474533,304.5907084941864,317.56327998638153,358.7676454782486
373.2439217567444,132.35582733154297,,227.58600878715515
524.417692899704,,321.77651953697205,151.18049585819244
163.1973683834076,345.50508308410645,208.57725548744202,400.8780688047409
208.96456623077393,88.65443897247314,228.6406775712967,182.28445899486542
276.29408621788025,288.6472510099411,281.71146512031555,429.8421267271042
247.54932475090027,310.6073477268219,227.60175728797913,311.5876576900482
160.39965963363647,144.88523888587952,399.11038506031036,127.85784792900085
77.7105860710144,147.00945353507996,99.49793803691864,408.72332644462585
213.5093412399292,98.18507254123688,94.5373432636261,111.7681394815445
192.61960077285767,315.2093515396118,369.3638017177582,257.27129805088043
195.51569485664368,183.96273183822632,246.39209711551666,127.34137916564941
376.24661779403687,255.68878841400146,324.4136555194855,412.6877417564392
247.59937143325806,187.97558450698853,238.16614937782288,116.26802182197571
,140.74365043640137,,284.3729956150055
341.0750048160553,140.5820450782776,304.0962744951248,172.29697465896606
316.7814691066742,306.157030582428,288.76331758499146,418.32994067668915
192.46691870689392,265.6973798274994,459.9714596271515,238.39286744594574
412.913777589798,101.45470142364502,280.44285130500793,250.26441550254822
82.11604940891266,186.9494650363922,205.5215438604355,113.63363337516785
181.9466061592102,226.3830510377884,,389.5260200500488
188.58508944511414,157.1681203842163,248.28234195709229,151.95556557178497
257.02435398101807,226.5285472869873,513.8041906356812,265.90809082984924
200.9740068912506,201.28726375102997,335.2166404724121,179.06536412239075
256.4506449699402,7.158534288406372,90.58578634262085,29.42745089530945
232.19076871871948,434.1835255622864,274.00203108787537,257.9977638721466
91.24304461479187,218.82156658172607,72.73357462882996,329.32944679260254
234.50412392616272,580.104166507721,179.6640477180481,911.801656961441
451.070752620697,235.027729511261,515.1952645778656,269.38254630565643
76.41162157058716,72.96836566925049,42.52682447433472,110.32638907432556
161.93229746818542,275.57673239707947,601.9446980953217,110.63682413101196
300.0598452091217,350.06117486953735,120.25444030761719,74.70072221755981
210.68260955810547,237.02553176879883,370.48230266571045,291.33086013793945
166.865713596344,144.57102346420288,351.1545840501785,252.8899041414261
256.78328466415405,306.38881635665894,337.38118171691895,379.1652057170868
229.54575967788696,150.66174221038818,105.28794741630554,298.66931915283203
168.39401507377625,54.9179801940918,261.8050420284271,66.12770295143127
270.3763630390167,421.8861725330353,263.3926889896393,105.31080865859985
415.52232122421265,288.0233072042465,376.84078550338745,132.01595306396484
222.94945979118347,415.7110228538513,184.0593523979187,204.4397873878479
175.67008256912231,124.76629877090454,427.85682439804077,189.2460823059082
124.11014080047607,214.10313081741333,173.1180465221405,212.62852573394775
343.2167218923569,302.65604507923126,348.1668975353241,318.4827091693878
169.76551175117493,385.4335483312607,265.2286238670349,442.47713553905487
128.8416771888733,241.55040562152863,125.599848985672,218.29038763046265
,293.1678593158722,82.6828932762146,419.8358383178711
261.430566072464,104.43417823314667,230.7193410396576,372.1188232898712
318.04460287094116,100.64348268508911,315.01550674438477,109.05231165885925
207.80438542366028,43.968923568725586,302.5822296142578,118.69684958457947
467.1769366264343,322.18169045448303,583.6862390041351,555.2076666355133
170.22443103790283,95.42857575416565,281.0028188228607,192.81519150733948
304.4156130552292,93.19251000881195,21.290706157684326,323.3403174877167
11.57101583480835,145.00564455986023,44.671958923339844,93.69592928886414
241.64935517311096,248.52498733997345,176.68169689178467,238.33214831352234
278.32937264442444,301.18105816841125,392.85417079925537,303.2778871059418
205.9334056377411,180.46119093894958,280.94517517089844,130.491765499115
458.4032230377197,,274.79431104660034,258.80586779117584
256.6561269760132,379.5890328884125,204.73785734176636,168.83703541755676
470.4232771396637,175.49856555461884,382.6775448322296,147.4936226606369
261.2355536222458,407.7813754081726,290.05787086486816,206.52813255786896
253.70324516296387,54.069522976875305,122.45671260356903,96.64546394348145
330.8447952270508,119.70648407936096,174.5764307975769,192.07785868644714
196.8911235332489,189.62923514842987,506.82385408878326,194.79840624332428
425.1882164478302,74.47481489181519,182.36617875099182,337.4361479282379
,70.14193797111511,219.91136515140533,94.77194547653198
99.59343314170837,416.14958024024963,220.40072202682495,452.13955903053284
250.04211008548737,141.9081587791443,156.8393795490265,146.00183200836182
65.63808512687683,193.17289233207703,188.6137499809265,286.5447371006012
379.283545255661,197.0402274131775,322.00553607940674,337.7789194583893
211.82448995113373,524.2422852516174,208.0697684288025,688.4172224998474
179.51305532455444,389.882506608963,66.97135138511658,160.0164225101471
282.33687710762024,25.961703062057495,324.37512850761414,218.98243415355682
149.592946767807,122.78522276878357,155.99384546279907,121.75875949859619
198.99580478668213,58.924776792526245,237.28679072856903,83.3074004650116
178.267884016037,113.62559580802917,252.4065726995468,193.55908346176147
128.7113585472107,380.80675053596497,288.40929436683655,379.90564370155334
517.0890023708344,259.44561982154846,536.7321355342865,439.9280469417572
348.8760871887207,306.75767827033997,512.2447147369385,307.3305239677429
245.5788493156433,257.4748330116272,82.21817421913147,171.10390067100525
645.9632337093353,201.99611568450928,468.5171744823456,395.5125631093979
235.75919008255005,90.1938726902008,262.1798059940338,11.608972549438477
64.9267885684967,202.85487294197083,305.2197630405426,58.86628592014313
73.29254817962646,117.59537196159363,219.43465304374695,52.055938482284546
221.0791254043579,308.7556571960449,527.513218164444,57.58461236953735
496.8663520812988,372.21908223629,393.2979646921158,208.60471987724304
177.45217990875244,398.99196553230286,223.56049585342407,440.4262807369232
414.59803223609924,471.9280506372452,383.454785823822,417.30694591999054
411.1483255624771,286.8064444065094,127.32900094985962,324.6754946708679
264.9158980846405,403.95819091796875,462.34170746803284,174.98924160003662
266.07939767837524,337.759978055954,215.76918363571167,154.2871961593628
271.0676872730255,270.7163393497467,352.6557102203369,183.95895504951477
139.33645105361938,110.46678113937378,213.65219140052795,333.0280692577362
280.4556391239166,138.8598873615265,219.5472526550293,205.46587228775024
316.67079389095306,197.9735562801361,274.432137131691,321.5106599330902
249.1707878112793,170.98179590702057,253.48466157913208,344.5694776773453
376.6643133163452,175.8438642024994,394.6984701156616,177.87316942214966
211.17115569114685,26.422683715820312,272.3238251209259,29.424006938934326
418.7096915245056,273.6563273668289,99.62593531608582,562.5860960483551
339.126136302948,223.5988655090332,178.1396243572235,451.2729915380478
,259.9900758266449,123.25160956382751,223.22884285449982
149.16328966617584,272.64101219177246,247.03672313690186,138.6714060306549
334.36237347126007,184.07001769542694,483.4266209602356,397.13039922714233
290.09624695777893,251.35076308250427,251.2114975452423,251.46613073349
277.59223222732544,293.75104093551636,370.2298746109009,65.68006324768066
320.15652775764465,161.78040492534637,212.81148409843445,164.36084485054016
173.67518436908722,65.36452627182007,186.76334297657013,14.99395227432251
318.823105096817,526.1873829364777,279.0381374359131,595.9295437335968
260.5216007232666,317.30749917030334,210.7502520084381,257.0654706954956
225.6661024093628,70.01003468036652,178.56969594955444,81.22467929124832
415.01350498199463,373.8873281478882,629.2179431915283,166.30331325531006
159.9836118221283,144.00262331962585,358.18822634220123,236.59115743637085
293.62538146972656,234.60087847709656,128.85430693626404,246.2724311351776
386.9440152645111,208.23575711250305,537.4027547836304,556.4309935569763
99.49941515922546,325.47431468963623,152.94436645507812,340.9462171792984
128.6237874031067,205.729434132576,259.9895188808441,68.07072734832764
192.63941645622253,357.0223112106323,482.8753921985626,397.4723541736603
175.5905717611313,,210.19454050064087,83.56089448928833
80.3523359298706,258.09532701969147,157.69832611083984,291.663063287735
203.05207586288452,38.70520329475403,289.18830466270447,149.28216433525085
250.9138638973236,446.8183150291443,454.83028078079224,316.5550354719162
331.7996869087219,6.3236284255981445,64.6207275390625,309.3010244369507
244.26203179359436,56.59949564933777,132.03448033332825,61.534423828125
,231.66131222248077,234.4114726781845,192.02997732162476
255.4608211517334,83.00582313537598,169.60092425346375,233.95516991615295
189.0074622631073,414.9559533596039,394.18087005615234,400.22249364852905
217.15950345993042,153.0001621246338,201.0231819152832,296.71568036079407
223.0340132713318,66.85070943832397,291.3520333766937,143.63259327411652
217.74061477184296,88.9781391620636,177.14898681640625,114.33538818359375
203.32408618927002,260.9889038801193,281.25489711761475,301.40127301216125
234.5373705625534,484.69506192207336,242.01380825042725,266.5779609680176
273.5759234428406,130.1003394126892,170.3392777442932,147.51302433013916
211.4582815170288,239.84146213531494,226.6534686088562,355.77559220790863
226.75888562202454,341.0355648994446,104.8232810497284,327.89604818820953
218.20754981040955,213.7263091802597,310.053790807724,110.97261548042297
158.96777307987213,196.1948206424713,192.2794952392578,271.9883540868759
93.62525296211243,14.167561292648315,259.6691712141037,24.358757734298706
143.204763174057,52.786959648132324,322.787540435791,244.1123411655426
173.5302152633667,295.62659096717834,187.67217111587524,236.26744103431702
360.36239671707153,,376.10531854629517,132.94488894939423
112.67687678337097,313.7984707355499,95.91373658180237,301.1142667531967
444.32091224193573,442.9282065629959,425.63115096092224,416.53929364681244
150.73880863189697,236.48726904392242,434.87383127212524,224.72959744930267
277.1970759630203,187.0304615497589,319.8295831680298,350.30944645404816
448.68716621398926,180.90980660915375,78.83406496047974,347.98086285591125
95.47900009155273,273.21644163131714,152.2469322681427,373.9710372686386
286.39065170288086,329.6443910598755,257.4614315032959,154.91052746772766
225.29532635211945,447.3825091123581,210.42250752449036,361.61403036117554
400.2730829715729,165.59430491924286,394.76335084438324,137.4349843263626
243.37488198280334,105.31586360931396,308.251980304718,468.64830493927
349.90146708488464,307.9714801311493,236.90624117851257,206.03467345237732
201.77261996269226,279.45048916339874,212.31957125663757,233.00843822956085
,217.83731508255005,,219.21008920669556
241.07424414157867,256.841064453125,237.2823851108551,
141.32496905326843,281.4412648677826,322.48209166526794,229.45799577236176
131.43297863006592,272.3626819849014,301.76533365249634,99.0454843044281
126.08551669120789,239.44097709655762,161.93096828460693,367.360364317894
43.484691858291626,187.35234463214874,125.47810459136963,344.84220027923584
177.1760528087616,270.7822321653366,209.42046546936035,302.29690659046173
201.04978823661804,307.5014081001282,354.28353118896484,255.25129985809326
385.7358349561691,469.8950705528259,625.1108907461166,335.58150017261505
305.0319685935974,79.44606411457062,228.0547649860382,187.25374484062195
359.95226407051086,155.1530740261078,124.15338039398193,338.19431602954865
212.9967918395996,63.60033679008484,311.2220846414566,244.64263343811035
121.97465300559998,115.76841068267822,277.22943115234375,181.958212018013
145.77238130569458,89.04212546348572,290.18488216400146,297.2381366491318
287.7124230861664,207.09941017627716,238.19899082183838,138.42651665210724
160.17010617256165,528.0944135189056,323.67260098457336,314.7076368331909
395.2118835449219,117.64864945411682,366.8769428730011,79.20103096961975
511.66291856765747,272.43239068984985,796.1506814956665,307.40979981422424
104.92717146873474,21.477895379066467,300.7096437215805,197.8253791332245
520.4679456949234,28.34673047065735,257.9365472793579,496.852046251297
267.18663001060486,181.01029562950134,222.4637417793274,187.03126120567322
177.14990973472595,221.16337037086487,349.21532368659973,263.06125831604004
53.529887676239014,370.3521637916565,612.221764087677,550.2340080738068
81.50351333618164,441.35187578201294,99.99702334403992,354.2566969394684
302.5291738510132,81.47965621948242,327.90619230270386,11.374293327331543
158.02613401412964,142.81080210208893,358.7104184627533,289.13481521606445
428.6271405220032,307.38774609565735,528.5909242630005,172.4555425643921
145.8230414390564,419.1724821329117,340.594110250473,255.80032300949097
482.400714635849,225.69733667373657,301.01433396339417,376.2526752948761
144.31710135936737,273.30894470214844,214.79301857948303,378.2200839519501
161.8891360759735,210.7446966767311,349.19697403907776,66.11507332324982
479.0682625770569,184.07431888580322,412.144184589386,293.027704000473
301.59356474876404,103.53349804878235,,158.7196216583252
346.301580786705,441.982284784317,480.86889123916626,
,281.1600649356842,174.7550357580185,285.8872253894806
277.6818103790283,110.72175693511963,149.62985730171204,200.5358303785324
279.57602775096893,302.97917652130127,313.7812445163727,343.20568895339966
220.97689056396484,100.60777139663696,199.35860633850098,246.7229208946228
64.91334104537964,230.8302822113037,281.7421211004257,323.5345540046692
318.8938784599304,377.9985625743866,312.62512588500977,388.32595205307007
175.7417733669281,299.9104437828064,,355.0790094137192
520.872879743576,335.9792469739914,691.379331111908,360.60601568222046
166.9077091217041,549.0651743412018,502.5587604045868,198.32136011123657
228.22395825386047,290.20677506923676,404.82514321804047,223.34899055957794
212.10582733154297,77.61684656143188,184.34801578521729,152.65939152240753
159.3446545600891,378.89294505119324,324.46119594573975,338.83042669296265
217.30941605567932,168.45891904830933,230.1487478017807,38.13540840148926
89.46355891227722,255.5021300315857,189.65296864509583,250.80620801448822
97.06819367408752,269.599036693573,139.88421535491943,251.22740519046783
144.6546332836151,185.91566395759583,56.178309202194214,291.6731196641922
338.23785400390625,250.85309505462646,237.1688847541809,392.0710074901581
239.58592438697815,72.68057870864868,315.9286823272705,150.2826759815216
147.2603315114975,86.41915333271027,67.42498517036438,150.87141239643097
254.8006556034088,305.70586133003235,374.4226541519165,347.72824585437775
233.1574957370758,172.73625910282135,419.82993376255035,360.4059257507324
188.07184410095215,240.75657987594604,349.58866333961487,323.7604646682739
24.24793291091919,81.32391262054443,108.17826533317566,188.8863810300827
210.51304292678833,176.7103681564331,224.0724766254425,166.0479109287262
147.76589274406433,137.1169307231903,361.3980321884155,294.00331258773804
355.27213883399963,179.4007385969162,373.11083221435547,136.93519341945648
302.6565537452698,181.2806293964386,228.8806450366974,301.7137225866318
164.85052943229675,104.24915289878845,267.85595297813416,224.5441164970398
362.35764026641846,300.21719896793365,480.8716697692871,407.3508449792862
106.05942249298096,352.70891416072845,,373.0816786289215
295.5990159511566,42.609169244766235,210.6728277206421,35.916000843048096
202.75816106796265,361.564425945282,258.50882387161255,208.84886002540588
177.45770049095154,101.70901346206665,180.32299613952637,349.6472955942154
136.91213583946228,104.78647756576538,186.40611743927002,153.84985995292664
175.41292333602905,170.11294984817505,387.2390434741974,216.72821760177612
376.8762185573578,387.14691376686096,381.9538151025772,318.83033668994904
437.26049840450287,61.01377987861633,129.08643889427185,53.09287738800049
82.95954465866089,345.0647392272949,291.6121814250946,440.8815550804138
53.907089710235596,147.80668115615845,110.81353724002838,128.40125727653503
368.6437683105469,109.2847990989685,,307.45503783226013
169.53789341449738,299.077410697937,100.23617935180664,567.4077639579773
405.0509924888611,402.96815049648285,425.3814265727997,315.3866648674011
216.3958923816681,891.2561597824097,467.72152400016785,619.5923385620117
606.5673639774323,44.95449650287628,287.105863571167,494.80258297920227
227.27340126037598,411.1286606788635,414.09803199768066,177.76995515823364
272.528728723526,295.23828089237213,402.11750054359436,399.73860943317413
128.7610912322998,267.3242449760437,139.3180537223816,161.12192833423615
281.1733748912811,92.56402611732483,115.999018907547,255.8133237361908
484.60963010787964,357.77156949043274,380.27589106559753,23.77679944038391
227.54527068138123,,307.92887818813324,
198.9280321598053,124.57529520988464,508.3019355535507,225.71107482910156
85.26622378826141,115.2535070180893,140.89605927467346,241.82771754264832
216.58668112754822,189.28874444961548,212.44953632354736,82.42576622962952
574.3146148920059,219.73560464382172,404.2364411354065,447.9013991355896
145.79403853416443,256.91321444511414,80.91811609268188,388.9510476589203
104.26064336299896,325.086652636528,187.73448622226715,372.2162699699402
133.68601059913635,304.1967884302139,312.4095530509949,189.72477543354034
243.47708201408386,181.4076223373413,176.0353627204895,498.9000253677368
258.3447675704956,239.12912487983704,212.19564509391785,386.97957944869995
258.1244375705719,98.48379707336426,453.9648048877716,175.06570959091187
406.11870551109314,413.37509846687317,185.42935848236084,306.8767490386963
293.17093539237976,463.0533298254013,300.29007744789124,249.7594999074936
367.2518594264984,96.77735376358032,189.86703157424927,534.3879185914993
185.88461184501648,252.52779603004456,269.0335259437561,135.3905758857727
218.48917818069458,249.19981789588928,187.82545399665833,274.95554196834564
111.93193006515503,170.7209151983261,,279.0500066280365
57.958739161491394,391.29727053642273,239.17170929908752,426.22323966026306
229.47186172008514,158.06144762039185,149.215918302536,191.04296588897705
193.41812098026276,137.13758671283722,289.6102555990219,605.703017950058
169.4406657218933,156.19648504257202,305.49465322494507,331.84126484394073
295.8818641901016,54.24974834918976,181.0029320716858,349.22892701625824
163.604727268219,89.17316937446594,320.3424423933029,11.485679864883423
,334.4627854824066,,453.2083659172058
375.65769612789154,185.36366891860962,309.08735477924347,324.10694193840027
32.28410363197327,147.79448664188385,52.17767333984375,161.56724059581757
460.5383813381195,117.64210772514343,245.21820783615112,353.4880063533783
338.9215762615204,121.31802797317505,413.60549318790436,340.6783995628357
253.8103427886963,127.81578755378723,216.15582311153412,145.5392234325409
445.17735981941223,133.94402074813843,153.3877568244934,331.3873451948166
383.0740237236023,239.52236890792847,704.7785141468048,339.08619236946106
347.39107728004456,203.75292885303497,404.0968749523163,204.08688080310822
367.99629509449005,375.5131981372833,455.789035320282,369.0300440788269
296.83060002326965,62.39474010467529,593.3500940799713,371.72600984573364
206.58429956436157,427.674987077713,230.40974593162537,116.97141814231873
136.59204530715942,121.83295512199402,236.36133861541748,96.30575394630432
189.81444573402405,182.9597463607788,370.2143278121948,337.10690474510193
316.9674040079117,94.56008756160736,232.17345798015594,324.68393790721893
438.4108102321625,49.847458600997925,234.5954134464264,212.53536128997803
144.10035836696625,77.71156406402588,210.2718356847763,168.50813484191895
168.07049894332886,97.51036477088928,103.30458974838257,134.98478484153748
,229.16930282115936,,418.76389837265015
268.5041677951813,166.62677907943726,267.99553894996643,356.6401677131653
151.61699748039246,112.63625860214233,166.24083280563354,289.0022168159485
211.7465536594391,111.86759543418884,260.50505661964417,256.78027987480164
147.40501129627228,261.743355512619,183.13497763872147,180.9737298488617
273.6140367984772,196.36846208572388,221.0978922843933,152.76236987113953
113.7947587966919,59.242899656295776,244.57654094696045,135.8912854194641
516.8471796512604,183.77168798446655,404.86342120170593,359.7065238952637
306.9464852809906,307.3486316204071,420.944473028183,178.66215586662292
678.0495651960373,194.54359817504883,409.50120282173157,348.19088912010193
478.55275523662567,279.67016983032227,160.38906598091125,161.82730865478516
267.5010049343109,129.8652663230896,440.3790171146393,329.02999663352966
215.29530382156372,202.51413083076477,213.8905998468399,297.3400001525879
694.6188857555389,85.39929342269897,102.35650563240051,205.31856179237366
385.02706146240234,141.8794515132904,459.170752286911,267.41166734695435
507.14949798583984,418.3096516132355,497.02433681488037,470.98306703567505
305.99501395225525,79.98230314254761,173.9483470916748,199.8208212852478
196.66325616836548,275.740948677063,169.90002703666687,360.4634437561035
73.73384070396423,246.92752885818481,155.4359359741211,370.7249982357025
204.70990824699402,285.508189201355,138.72194480895996,192.03644824028015
343.50133419036865,339.6623548269272,139.46509981155396,272.3255373239517
,508.13748359680176,422.9175581932068,24.17725682258606
554.8958630561829,144.29512286186218,721.5479965209961,345.0252032279968
127.2324469089508,420.40520334243774,274.9758665561676,184.14175009727478
194.49250674247742,151.85348320007324,230.56288349628448,449.77926552295685
224.46559500694275,313.79566717147827,285.8598175048828,558.0819211006165
185.1595938205719,117.11035108566284,40.22251915931702,233.46801829338074
272.7338980436325,472.5971693992615,92.51652526855469,308.3297485113144
60.23067927360535,214.15746212005615,,353.2397210597992
186.87613582611084,142.42163503170013,247.2095617055893,226.1483570933342
393.75853049755096,81.16803920269012,395.3109188079834,101.55869698524475
280.04249691963196,65.15944361686707,92.65617179870605,116.86159479618073
206.8348515033722,316.8699884414673,161.00655794143677,219.52399158477783
72.24963593482971,66.05837774276733,257.1147847175598,110.88434720039368
156.70925164222717,145.10764694213867,254.17345237731934,106.34793055057526
180.90949392318726,159.51593160629272,154.74677228927612,181.3402441740036
393.423127412796,203.64333653450012,349.5580300092697,96.07777905464172
542.845146894455,135.2907373905182,338.81918716430664,393.5435380935669
608.8485999107361,172.9139528274536,482.1403124332428,204.7003607749939
201.68281769752502,157.86301982402802,226.79585647583008,351.94457936286926
272.4056041240692,168.75654530525208,280.94053077697754,256.03317081928253
168.1037516593933,202.4720323085785,307.39627504348755,261.9876891374588
412.93024575710297,354.5195438861847,464.3578884601593,481.63420009613037
291.2011342048645,401.3869524002075,305.76794362068176,285.5369415283203
243.15892481803894,283.2101180553436,125.7231855392456,157.17070245742798
160.20522546768188,135.20216357707977,312.2643184661865,387.99622547626495
145.29596173763275,202.83674240112305,27.508354663848877,128.12215924263
464.0714359283447,217.5425924062729,63.0485075712204,246.96558225154877
281.17060375213623,82.67538464069366,362.20267939567566,36.51273226737976
104.98339104652405,36.73060476779938,80.83569145202637,239.1231870651245
222.30037093162537,291.2254128456116,431.33403611183167,116.29020285606384
247.6104564666748,272.82552576065063,228.07058560848236,390.4124565124512
154.99572563171387,273.2216627597809,190.40856456756592,141.63816714286804
363.5137851238251,474.8729422092438,249.76321053504944,636.5634689331055
220.70230412483215,290.6963530778885,437.34788155555725,236.94378447532654
70.83068132400513,295.0014042854309,295.255544424057,272.69869089126587
277.4688057899475,151.29804348945618,188.05424308776855,48.88857364654541
160.81349444389343,86.90499544143677,,177.40083634853363
84.7097225189209,95.51493978500366,214.73937225341797,155.3249704837799
251.55531454086304,441.58712112903595,227.03729486465454,191.27835154533386
345.97225618362427,183.29912209510803,309.1980879306793,237.92336916923523
276.63713455200195,247.32170152664185,207.23620545864105,673.0174071788788
298.09151911735535,568.5500130653381,478.59323501586914,497.4336440563202
437.7482397556305,401.06692683696747,,410.1699995994568
377.6456389427185,187.347238779068,226.24168944358826,360.1018044948578
360.4491547346115,304.45584440231323,126.18397831916809,683.2742830514908
125.04118728637695,199.12368524074554,106.35652232170105,264.95170736312866
503.44475173950195,336.8755958080292,565.8755185604095,410.7199981212616
321.26187348365784,414.1266119480133,365.2770748138428,126.75929939746857
109.7275961637497,292.7448083162308,143.88308429718018,414.8284579515457
110.07841551303864,164.6811375617981,151.23771953582764,307.5053470134735
187.89845848083496,381.98253870010376,,552.5864973068237
71.69210863113403,178.2878680229187,82.29389572143555,133.43203258514404
165.24635648727417,200.77727150917053,329.98738408088684,257.7743594646454
262.4145042896271,155.50353741645813,112.82642531394958,307.7303158044815
328.5298743247986,139.30148124694824,175.5062870979309,123.958993434906
349.11541199684143,299.84239768981934,221.12142705917358,277.1880841255188
250.37283098697662,302.440576672554,250.90964472293854,284.08685290813446
,229.88451147079468,29.98097324371338,263.07473587989807
100.77280986309052,499.16245090961456,334.923255443573,230.99428367614746
153.15525555610657,200.75058269500732,317.12355041503906,238.94743657112122
182.09178066253662,106.30931663513184,198.8717098236084,182.39618110656738
277.363050699234,276.844544172287,180.89332389831543,325.3456507921219
186.03134417533875,101.29392552375793,179.9012577533722,366.0977189540863
239.76336288452148,242.68235397338867,258.05813360214233,406.9546432495117
308.82882022857666,231.27749276161194,319.840149641037,74.11643636226654
178.16758608818054,143.68253457546234,285.9590964317322,216.74007368087769
366.30695033073425,287.82828438282013,186.0838942527771,302.40879940986633
143.88635754585266,217.37193608283997,116.41368877887726,151.02946877479553
347.2760200500488,137.00522470474243,293.33834958076477,220.8732352256775
128.7314257621765,367.79207944869995,179.6165177822113,358.78514194488525
356.4773199558258,179.24715757369995,403.38477540016174,199.57722759246826
98.10043597221375,131.7013989686966,204.12265729904175,191.1022083759308
318.84745836257935,361.43775272369385,386.2307047843933,354.3704845905304
407.69087862968445,143.540753364563,264.272988319397,389.44900012016296
191.35570812225342,,279.70301353931427,152.11101078987122
251.77957105636597,281.59059405326843,279.1951766014099,245.11089527606964
172.50904655456543,229.8067033290863,265.7931262254715,427.07763147354126
185.11568546295166,148.22396457195282,289.4482717514038,211.8627359867096
33.41472899913788,57.02946400642395,76.50587952136993,144.58346807956696
257.28679370880127,381.9344575405121,331.4688243865967,240.84247469902039
316.52193880081177,327.88508439064026,224.64932417869568,372.57905292510986
288.7611539363861,41.83712196350098,83.7104434967041,415.8989449739456
21.423163414001465,221.40610933303833,354.3283143043518,602.7215620279312
49.71463096141815,211.36077737808228,142.65545797348022,243.44149005413055
350.206885099411,219.27601313591003,123.89789307117462,340.2738355398178
237.78524374961853,425.6204926967621,264.12967824935913,549.9943521022797
399.7623884677887,204.8508676290512,402.8580210208893,606.7225232124329
158.76441073417664,118.7726321220398,85.01441597938538,146.17301106452942
219.46612095832825,161.29457473754883,216.27535903453827,207.57191967964172
194.2660415172577,569.1006200313568,188.8941535949707,335.18370366096497
192.37628507614136,266.378621339798,217.83623123168945,193.26463437080383
157.55245912075043,179.5759949684143,152.61696803569794,161.0150135755539
279.6002368927002,434.0667972564697,244.48556184768677,302.3031542301178
161.18915247917175,523.795556306839,304.6638640165329,403.22410774230957
242.54711031913757,169.54979598522186,324.719886302948,83.28474271297455
292.14014279842377,109.2371529340744,337.9308569431305,210.97970914840698
109.97872924804688,58.581804037094116,166.69653844833374,277.4284317493439
220.27525234222412,320.5909230709076,216.1333556175232,277.614022731781
191.08880972862244,362.6465003490448,143.6322214603424,207.65978717803955
133.86379146575928,212.2961974143982,135.45482540130615,171.42694520950317
355.28908109664917,471.5831516981125,493.50133895874023,586.6742975711823
319.1692068576813,460.0272009372711,180.460027217865,368.15503692626953
248.88072419166565,18.602031230926514,229.1421686410904,89.8596568107605
229.74691724777222,235.77683281898499,128.21823811531067,119.47402739524841
181.24860191345215,403.7816231250763,285.18331265449524,92.8806083202362
266.62292742729187,303.80220890045166,290.11577439308167,342.5343701839447
212.43148517608643,228.18326902389526,127.15250062942505,400.6460840702057
234.86037516593933,69.90381598472595,212.58391296863556,161.37724816799164
345.3088746070862,161.52273774147034,276.90121817588806,105.39963829517365
368.3489148616791,462.1991186141968,360.1273832321167,753.0905225276947
204.75742721557617,498.9364113807678,628.6317162513733,424.23788380622864
80.21274018287659,267.07043957710266,129.9027659893036,268.3843778371811
274.8900520801544,197.47665214538574,391.831414937973,280.38697719573975
,231.8917260169983,251.14757764339447,53.17839479446411
,307.66821360588074,229.75480723381042,195.01192474365234
184.63875007629395,81.21993637084961,419.99370205402374,161.77095341682434
215.1640706062317,112.12446808815002,259.89002752304077,340.5137355327606
28.333826184272766,336.6212307214737,113.84745526313782,285.53345692157745
194.62837052345276,537.3173687458038,186.94175601005554,728.7309079170227
216.35274648666382,66.10843455791473,173.6250525712967,180.74053192138672
291.7015188932419,252.90864992141724,421.06622540950775,372.8938567638397
366.6284890174866,602.7112195491791,553.3808406591415,506.51918745040894
334.29911947250366,297.12330317497253,424.2651426792145,304.46099638938904
435.3052318096161,576.2783850431442,185.47401356697083,295.9866533279419
166.82352828979492,109.89711928367615,270.38379859924316,164.1874225139618
530.3129317760468,181.94258522987366,358.0478925704956,277.21311235427856
589.2929952144623,197.5015206336975,288.2519419193268,274.5594769716263
177.78417539596558,167.20163440704346,220.23703861236572,198.76158261299133
196.44246518611908,320.4297287464142,185.21942484378815,123.64785194396973
232.89618229866028,222.80430722236633,273.2926735877991,171.27598357200623
102.95200729370117,104.51779317855835,194.83433151245117,149.42344307899475
317.39817070961,150.96610498428345,424.796385884285,322.5462851524353
182.46035170555115,84.13168501853943,125.45635843276978,195.9688618183136
263.17444038391113,735.0624027252197,202.19143557548523,320.57064628601074
115.73210430145264,151.1624400615692,136.4771465063095,131.11080658435822
299.7764563560486,204.25495886802673,66.87288665771484,361.4612548351288
262.12450337409973,223.89304184913635,310.77010321617126,235.30870652198792
87.01623916625977,100.96810460090637,341.87696170806885,354.60078859329224
277.28874385356903,187.29936933517456,265.91216468811035,272.94215178489685
100.80599224567413,23.432413578033447,177.70080399513245,26.327017307281494
232.56556129455566,98.42936086654663,429.9188687801361,154.3650220632553
339.6179008483887,312.3664782047272,389.2486400604248,299.27980160713196
185.78739488124847,285.82904505729675,254.72135663032532,139.69625687599182
91.64469528198242,282.31885623931885,102.45978486537933,230.17639815807343
272.6417713165283,169.39094185829163,343.9917063713074,311.0200660228729
107.43196868896484,139.5683445930481,278.1296672821045,161.45784521102905
230.032306432724,68.26651430130005,166.88568997383118,188.81497406959534
286.5389071702957,,267.11596393585205,171.86403393745422
146.51400184631348,164.47012722492218,227.4134601354599,184.35461854934692
154.17900228500366,176.7027907371521,395.645126581192,546.2590420246124
210.3024444580078,218.6157854795456,283.4486243724823,209.07831573486328
203.67722940444946,68.56413865089417,108.80383348464966,340.15377473831177
325.8743407726288,221.6906099319458,243.48500418663025,79.3473892211914
253.70866441726685,402.67078816890717,216.41289961338043,190.33125185966492
232.45528995990753,192.3369152545929,403.50628113746643,204.60409080982208
254.31633985042572,97.91605317592621,283.52004742622375,313.3980755805969
80.62854766845703,225.06530964374542,,297.23369085788727
341.3636496067047,207.3949613571167,411.48180294036865,304.4555003643036
98.47725820541382,216.57842183113098,156.0745120048523,242.9377155303955
85.2566442489624,47.53637182712555,381.56003308296204,105.61793160438538
134.17228019237518,279.48946154117584,407.1894608736038,278.95777773857117
342.46080935001373,132.96536338329315,226.2364239692688,93.14629554748535
394.7729187011719,164.0963909626007,291.9111225605011,163.4555686712265
632.4944248199463,250.28292512893677,616.281928062439,377.35746669769287
71.18875980377197,131.1261546611786,249.17334818840027,189.665203332901
288.90058422088623,237.16797769069672,391.4139714241028,258.17673540115356
14.674053192138672,57.0190372467041,203.19046187400818,365.30311691761017
318.27495419979095,588.2856056690216,388.007696390152,468.26929116249084
247.44093310832977,211.48471879959106,215.21248316764832,333.1924741268158
269.4915065765381,498.60325860977173,373.62760853767395,211.53763556480408
308.8585395812988,252.8630268573761,255.69840598106384,127.59875893592834
5.521391868591309,249.20575833320618,126.88792538642883,
257.97198581695557,64.07007169723511,130.02399158477783,160.80948734283447
161.7195571064949,88.41230082511902,318.3015170097351,149.46378660202026
470.7923991680145,228.33546805381775,302.88211250305176,175.65748953819275
225.51327323913574,177.99389791488647,322.6127269268036,290.25334000587463
134.49403643608093,176.67516803741455,13.44896411895752,292.4896193742752
188.04069328308105,40.820923805236816,328.62461602687836,75.80446076393127
242.7459011077881,258.48157835006714,196.4419174194336,426.07438027858734
344.44911909103394,325.89850664138794,308.83856320381165,512.8717589378357
92.10830926895142,372.1110956668854,150.89051723480225,456.3271200656891
243.7608482837677,214.54846620559692,182.272301197052,296.3667628765106
27.989359617233276,121.20526337623596,120.55498051643372,174.66756629943848
214.82423388957977,,68.16194784641266,107.3976765871048
278.08979892730713,139.1278932094574,257.9044861793518,152.54985105991364
420.19046235084534,224.25602650642395,380.41461277008057,565.572690486908
248.07640886306763,476.9551668167114,182.54373693466187,275.9218499660492
553.8217363357544,342.4792022705078,189.51207733154297,270.0251717567444
