alpha,sulcus,beta,selected
0.1,ifrms,-2.858769085599701,1.0
0.1,mcgs,-0.8388909034659029,0.9642857142857143
0.1,pos,0.0,0.5714285714285714
0.1,prculs-d,-1.604338752800611,1.0
0.1,prcus-a,-1.6765357666307938,1.0
0.1,prcus-i,-3.4885829638525143,1.0
0.1,prcus-p,-2.3322474793876338,1.0
0.1,sbps,-0.0,0.4642857142857143
0.1,sspls-v,0.5626948552546107,1.0
0.107,ifrms,-2.8385624208420115,1.0
0.107,mcgs,-0.8055699975760328,0.9642857142857143
0.107,pos,0.0,0.5
0.107,prculs-d,-1.5837942541653014,1.0
0.107,prcus-a,-1.6338120796699895,1.0
0.107,prcus-i,-3.437218465632167,1.0
0.107,prcus-p,-2.2870707868856797,1.0
0.107,sbps,-0.0,0.4642857142857143
0.107,sspls-v,0.539942476841716,1.0
0.114,ifrms,-2.816779503077905,1.0
0.114,mcgs,-0.7722490916861672,0.9642857142857143
0.114,pos,0.0,0.4642857142857143
0.114,prculs-d,-1.5637535885791913,1.0
0.114,prcus-a,-1.5910883927091848,1.0
0.114,prcus-i,-3.3858548878522656,1.0
0.114,prcus-p,-2.2418940943837278,1.0
0.114,sbps,-0.0,0.4642857142857143
0.114,sspls-v,0.5169132202963925,1.0
0.122,ifrms,-2.791884856120475,1.0
0.122,mcgs,-0.7341680563834605,0.9642857142857143
0.122,pos,0.0,0.42857142857142855
0.122,prculs-d,-1.5408487071198071,1.0
0.122,prcus-a,-1.542263730396729,1.0
0.122,prcus-i,-3.3271568618455407,1.0
0.122,prcus-p,-2.190263588667211,1.0
0.122,sbps,-0.0,0.4642857142857143
0.122,sspls-v,0.49059239779844455,1.0
0.131,ifrms,-2.763878198749114,1.0
0.131,mcgs,-0.6913268916679178,0.9642857142857143
0.131,pos,0.0,0.42857142857142855
0.131,prculs-d,-1.5150804510956069,1.0
0.131,prcus-a,-1.48733971914112,1.0
0.131,prcus-i,-3.2610156802004058,1.0
0.131,prcus-p,-2.1313384406566684,1.0
0.131,sbps,0.0,0.42857142857142855
0.131,sspls-v,0.46098118921431397,1.0
0.14,ifrms,-2.7358715285115163,1.0
0.14,mcgs,-0.6484857269523725,0.9285714285714286
0.14,pos,0.0,0.42857142857142855
0.14,prculs-d,-1.4885891949714778,1.0
0.14,prcus-a,-1.4320266919956166,1.0
0.14,prcus-i,-3.1949848966253924,1.0
0.14,prcus-p,-2.071119905984868,1.0
0.14,sbps,0.0,0.42857142857142855
0.14,sspls-v,0.4313704036090774,0.9642857142857143
0.149,ifrms,-2.707777931629075,1.0
0.149,mcgs,-0.6056445622368278,0.9285714285714286
0.149,pos,0.0,0.42857142857142855
0.149,prculs-d,-1.460641484319189,1.0
0.149,prcus-a,-1.379495356888293,1.0
0.149,prcus-i,-3.1288794801779893,1.0
0.149,prcus-p,-2.0154241039673217,1.0
0.149,sbps,0.0,0.35714285714285715
0.149,sspls-v,0.4017430410070988,0.9285714285714286
0.16,ifrms,-2.6704940070105794,1.0
0.16,mcgs,-0.5532831386956081,0.9285714285714286
0.16,pos,0.0,0.42857142857142855
0.16,prculs-d,-1.428322602592115,1.0
0.16,prcus-a,-1.3140283146773277,1.0
0.16,prcus-i,-3.048192734273335,1.0
0.16,prcus-p,-1.9414820017198946,1.0
0.16,sbps,0.0,0.35714285714285715
0.16,sspls-v,0.3655254801105873,0.8571428571428571
0.171,ifrms,-2.6332116120464484,1.0
0.171,mcgs,-0.5001807287023603,0.9285714285714286
0.171,pos,0.0,0.42857142857142855
0.171,prculs-d,-1.3965168552905498,1.0
0.171,prcus-a,-1.2444885212573285,1.0
0.171,prcus-i,-2.967448581749596,1.0
0.171,prcus-p,-1.8683642295278506,1.0
0.171,sbps,0.0,0.32142857142857145
0.171,sspls-v,0.3256805357469293,0.8571428571428571
0.182,ifrms,-2.595915759835284,1.0
0.182,mcgs,-0.44727869777847573,0.8928571428571429
0.182,pos,0.0,0.39285714285714285
0.182,prculs-d,-1.3647106840868741,1.0
0.182,prcus-a,-1.173046243801611,1.0
0.182,prcus-i,-2.886697083882635,1.0
0.182,prcus-p,-1.7984557062294335,1.0
0.182,sbps,0.0,0.32142857142857145
0.182,sspls-v,0.285830972298646,0.7857142857142857
0.195,ifrms,-2.5563718530917647,1.0
0.195,mcgs,-0.38485068303853764,0.8571428571428571
0.195,pos,0.0,0.32142857142857145
0.195,prculs-d,-1.3271211452506262,1.0
0.195,prcus-a,-1.085789907188658,0.9642857142857143
0.195,prcus-i,-2.795292599241301,1.0
0.195,prcus-p,-1.7158349036187457,1.0
0.195,sbps,0.0,0.32142857142857145
0.195,sspls-v,0.2399789740586722,0.7857142857142857
0.208,ifrms,-2.51693815938628,1.0
0.208,mcgs,-0.3224226584786216,0.8571428571428571
0.208,pos,0.0,0.2857142857142857
0.208,prculs-d,-1.2896150447059782,0.9642857142857143
0.208,prcus-a,-1.0059598367811557,0.9642857142857143
0.208,prcus-i,-2.6933402215828552,1.0
0.208,prcus-p,-1.632150014261084,1.0
0.208,sbps,0.0,0.32142857142857145
0.208,sspls-v,0.19438714508307914,0.7857142857142857
0.223,ifrms,-2.472010980471362,1.0
0.223,mcgs,-0.2507563982865205,0.8214285714285714
0.223,pos,0.0,0.25
0.223,prculs-d,-1.2544146522610131,0.9642857142857143
0.223,prcus-a,-0.914433015820789,0.9642857142857143
0.223,prcus-i,-2.584867637767484,1.0
0.223,prcus-p,-1.5401213505632878,1.0
0.223,sbps,0.0,0.2857142857142857
0.223,sspls-v,0.14178291882589233,0.7857142857142857
0.238,ifrms,-2.430933541234491,1.0
0.238,mcgs,-0.18332780596759468,0.7857142857142857
0.238,pos,0.0,0.21428571428571427
0.238,prculs-d,-1.2160723006881273,0.9642857142857143
0.238,prcus-a,-0.8229058216132864,0.9642857142857143
0.238,prcus-i,-2.4735446711489937,1.0
0.238,prcus-p,-1.4536930820943552,1.0
0.238,sbps,0.0,0.25
0.238,sspls-v,0.08915989004830535,0.6785714285714286
0.255,ifrms,-2.384907971421449,1.0
0.255,mcgs,-0.10664882618566457,0.75
0.255,pos,0.0,0.17857142857142858
0.255,prculs-d,-1.1647025225981888,0.9642857142857143
0.255,prcus-a,-0.7182619544382388,0.9642857142857143
0.255,prcus-i,-2.3507738959079676,1.0
0.255,prcus-p,-1.36586080491609,1.0
0.255,sbps,0.0,0.25
0.255,sspls-v,0.029514426493039467,0.5714285714285714
0.272,ifrms,-2.3397830856526114,1.0
0.272,mcgs,-0.026937569504616253,0.6428571428571429
0.272,pos,0.0,0.14285714285714285
0.272,prculs-d,-1.1199139260041182,0.9642857142857143
0.272,prcus-a,-0.6113794161198424,0.9642857142857143
0.272,prcus-i,-2.2262885666254255,1.0
0.272,prcus-p,-1.2664645654216833,1.0
0.272,sbps,-0.0,0.21428571428571427
0.272,sspls-v,0.0,0.4642857142857143
0.291,ifrms,-2.29029747327861,1.0
0.291,mcgs,-0.0,0.32142857142857145
0.291,pos,0.0,0.14285714285714285
0.291,prculs-d,-1.0786495799385638,0.9642857142857143
0.291,prcus-a,-0.4998499639755738,0.9642857142857143
0.291,prcus-i,-2.1066211789102955,1.0
0.291,prcus-p,-1.1778060951249558,1.0
0.291,sbps,-0.0,0.21428571428571427
0.291,sspls-v,0.0,0.2857142857142857
0.311,ifrms,-2.2613111130062653,1.0
0.311,mcgs,0.0,0.25
0.311,pos,0.0,0.14285714285714285
0.311,prculs-d,-1.032457721123317,0.9642857142857143
0.311,prcus-a,-0.40261464315825,0.8928571428571429
0.311,prcus-i,-2.009503462486013,1.0
0.311,prcus-p,-1.1072939377730349,1.0
0.311,sbps,-0.0,0.21428571428571427
0.311,sspls-v,0.0,0.21428571428571427
0.332,ifrms,-2.2309718532050518,1.0
0.332,mcgs,-0.0,0.14285714285714285
0.332,pos,0.0,0.14285714285714285
0.332,prculs-d,-0.9966598656481778,0.9642857142857143
0.332,prcus-a,-0.30312300739348974,0.8571428571428571
0.332,prcus-i,-1.9000158447224818,1.0
0.332,prcus-p,-1.0522047490298774,1.0
0.332,sbps,-0.0,0.21428571428571427
0.332,sspls-v,0.0,0.17857142857142858
0.355,ifrms,-2.1977450215634518,1.0
0.355,mcgs,0.0,0.07142857142857142
0.355,pos,0.0,0.14285714285714285
0.355,prculs-d,-0.9581411837709198,0.9642857142857143
0.355,prcus-a,-0.192305458119785,0.75
0.355,prcus-i,-1.797381723505001,1.0
0.355,prcus-p,-0.9893261594475333,1.0
0.355,sbps,-0.0,0.21428571428571427
0.355,sspls-v,0.0,0.14285714285714285
0.38,ifrms,-2.161626555440031,1.0
0.38,mcgs,-0.0,0.03571428571428571
0.38,pos,0.0,0.14285714285714285
0.38,prculs-d,-0.9171882956025901,0.9642857142857143
0.38,prcus-a,-0.06602476056616786,0.5714285714285714
0.38,prcus-i,-1.6807914546160447,1.0
0.38,prcus-p,-0.9182359601852462,1.0
0.38,sbps,-0.0,0.17857142857142858
0.38,sspls-v,0.0,0.10714285714285714
0.406,ifrms,-2.127155538080603,1.0
0.406,mcgs,-0.0,0.0
0.406,pos,0.0,0.14285714285714285
0.406,prculs-d,-0.874752500851969,0.9642857142857143
0.406,prcus-a,-0.0,0.32142857142857145
0.406,prcus-i,-1.5817657017409021,1.0
0.406,prcus-p,-0.8536014663008329,1.0
0.406,sbps,-0.0,0.17857142857142858
0.406,sspls-v,0.0,0.07142857142857142
0.434,ifrms,-2.097033348558761,1.0
0.434,mcgs,-0.0,0.0
0.434,pos,-0.0,0.14285714285714285
0.434,prculs-d,-0.8280138602824205,0.9642857142857143
0.434,prcus-a,-0.0,0.17857142857142858
0.434,prcus-i,-1.5300504369786163,1.0
0.434,prcus-p,-0.8285977870331629,1.0
0.434,sbps,-0.0,0.17857142857142858
0.434,sspls-v,0.0,0.03571428571428571
0.464,ifrms,-2.0680580689666934,1.0
0.464,mcgs,-0.0,0.0
0.464,pos,0.0,0.03571428571428571
0.464,prculs-d,-0.7777846346085104,0.9642857142857143
0.464,prcus-a,-0.0,0.07142857142857142
0.464,prcus-i,-1.4753715748541474,1.0
0.464,prcus-p,-0.80064629246085,1.0
0.464,sbps,-0.0,0.14285714285714285
0.464,sspls-v,0.0,0.03571428571428571
0.496,ifrms,-2.03715111102706,1.0
0.496,mcgs,0.0,0.03571428571428571
0.496,pos,0.0,0.03571428571428571
0.496,prculs-d,-0.7242067960129352,0.9642857142857143
0.496,prcus-a,-0.0,0.03571428571428571
0.496,prcus-i,-1.417047455254714,1.0
0.496,prcus-p,-0.7795027415705595,1.0
0.496,sbps,-0.0,0.14285714285714285
0.496,sspls-v,0.0,0.03571428571428571
0.53,ifrms,-2.0043124699726307,1.0
0.53,mcgs,0.0,0.03571428571428571
0.53,pos,0.0,0.03571428571428571
0.53,prculs-d,-0.66728034367324,0.9642857142857143
0.53,prcus-a,-0.0,0.0
0.53,prcus-i,-1.3550780781803158,1.0
0.53,prcus-p,-0.7570377177722427,1.0
0.53,sbps,-0.0,0.14285714285714285
0.53,sspls-v,0.0,0.03571428571428571
0.567,ifrms,-1.9698944337238227,1.0
0.567,mcgs,0.0,0.03571428571428571
0.567,pos,0.0,0.03571428571428571
0.567,prculs-d,-0.6053309690682775,0.9642857142857143
0.567,prcus-a,0.0,0.0
0.567,prcus-i,-1.2876408148934715,1.0
0.567,prcus-p,-0.732590485991722,1.0
0.567,sbps,-0.0,0.14285714285714285
0.567,sspls-v,0.0,0.03571428571428571
0.606,ifrms,-1.9354518648473404,1.0
0.606,mcgs,0.0,0.03571428571428571
0.606,pos,0.0,0.03571428571428571
0.606,prculs-d,-0.5400329597459046,0.9285714285714286
0.606,prcus-a,0.0,0.0
0.606,prcus-i,-1.2265193409661828,1.0
0.606,prcus-p,-0.7068217837232822,1.0
0.606,sbps,-0.0,0.14285714285714285
0.606,sspls-v,0.0,0.03571428571428571
0.648,ifrms,-1.8983598661964591,1.0
0.648,mcgs,0.0,0.03571428571428571
0.648,pos,0.0,0.03571428571428571
0.648,prculs-d,-0.46971202455565353,0.9285714285714286
0.648,prcus-a,0.0,0.0
0.648,prcus-i,-1.1605450612097676,1.0
0.648,prcus-p,-0.6791714434328766,1.0
0.648,sbps,-0.0,0.10714285714285714
0.648,sspls-v,-0.0,0.0
0.693,ifrms,-1.8586184389080702,1.0
0.693,mcgs,0.0,0.03571428571428571
0.693,pos,0.0,0.03571428571428571
0.693,prculs-d,-0.3930869784578425,0.8571428571428571
0.693,prcus-a,0.0,0.0
0.693,prcus-i,-1.077495348540702,1.0
0.693,prcus-p,-0.6533339550096016,1.0
0.693,sbps,-0.0,0.07142857142857142
0.693,sspls-v,-0.0,0.0
0.741,ifrms,-1.8162275589857515,1.0
0.741,mcgs,0.0,0.03571428571428571
0.741,pos,0.0,0.03571428571428571
0.741,prculs-d,-0.30949227295760073,0.8214285714285714
0.741,prcus-a,0.0,0.0
0.741,prcus-i,-0.9879797889693522,1.0
0.741,prcus-p,-0.6248572161122729,1.0
0.741,sbps,-0.0,0.07142857142857142
0.741,sspls-v,-0.0,0.0
0.792,ifrms,-1.7711873624325332,1.0
0.792,mcgs,0.0,0.03571428571428571
0.792,pos,0.0,0.03571428571428571
0.792,prculs-d,-0.22067288405826366,0.8214285714285714
0.792,prcus-a,0.0,0.0
0.792,prcus-i,-0.8973374584944362,1.0
0.792,prcus-p,-0.5932075255963761,1.0
0.792,sbps,-0.0,0.07142857142857142
0.792,sspls-v,-0.0,0.0
0.846,ifrms,-1.7234978837021921,1.0
0.846,mcgs,0.0,0.03571428571428571
0.846,pos,0.0,0.03571428571428571
0.846,prculs-d,-0.12826972311517015,0.8214285714285714
0.846,prcus-a,0.0,0.0
0.846,prcus-i,-0.813013915103028,1.0
0.846,prcus-p,-0.5596960890978694,1.0
0.846,sbps,-0.0,0.07142857142857142
0.846,sspls-v,-0.0,0.0
0.905,ifrms,-1.6711708399353284,1.0
0.905,mcgs,0.0,0.03571428571428571
0.905,pos,0.0,0.03571428571428571
0.905,prculs-d,-0.02913888611434285,0.6071428571428571
0.905,prcus-a,0.0,0.0
0.905,prcus-i,-0.7020883988115592,1.0
0.905,prcus-p,-0.5230818356708526,1.0
0.905,sbps,-0.0,0.07142857142857142
0.905,sspls-v,-0.0,0.0
0.967,ifrms,-1.6171013166543236,1.0
0.967,mcgs,0.0,0.03571428571428571
0.967,pos,0.0,0.03571428571428571
0.967,prculs-d,-0.0,0.2857142857142857
0.967,prcus-a,0.0,0.0
0.967,prcus-i,-0.6063333335052543,0.9642857142857143
0.967,prcus-p,-0.48409628920448494,1.0
0.967,sbps,-0.0,0.07142857142857142
0.967,sspls-v,-0.0,0.0
1.034,ifrms,-1.5591348856239842,1.0
1.034,mcgs,0.0,0.03571428571428571
1.034,pos,0.0,0.03571428571428571
1.034,prculs-d,-0.0,0.07142857142857142
1.034,prcus-a,0.0,0.0
1.034,prcus-i,-0.5132291123756059,0.9642857142857143
1.034,prcus-p,-0.4392038103150952,1.0
1.034,sbps,-0.0,0.03571428571428571
1.034,sspls-v,-0.0,0.0
1.105,ifrms,-1.4977077725210077,1.0
1.105,mcgs,0.0,0.03571428571428571
1.105,pos,0.0,0.03571428571428571
1.105,prculs-d,-0.0,0.07142857142857142
1.105,prcus-a,0.0,0.0
1.105,prcus-i,-0.431742445076215,0.9285714285714286
1.105,prcus-p,-0.3916311834323089,1.0
1.105,sbps,-0.0,0.03571428571428571
1.105,sspls-v,-0.0,0.0
1.182,ifrms,-1.4350921960391934,1.0
1.182,mcgs,0.0,0.03571428571428571
1.182,pos,0.0,0.03571428571428571
1.182,prculs-d,-0.0,0.03571428571428571
1.182,prcus-a,0.0,0.0
1.182,prcus-i,-0.34336958054025546,0.9285714285714286
1.182,prcus-p,-0.34003833455942767,0.9642857142857143
1.182,sbps,-0.0,0.0
1.182,sspls-v,-0.0,0.0
1.263,ifrms,-1.3682010475818331,1.0
1.263,mcgs,0.0,0.03571428571428571
1.263,pos,0.0,0.03571428571428571
1.263,prculs-d,-0.0,0.0
1.263,prcus-a,0.0,0.0
1.263,prcus-i,-0.25040593364102065,0.8928571428571429
1.263,prcus-p,-0.2857653376931507,0.9285714285714286
1.263,sbps,-0.0,0.0
1.263,sspls-v,-0.0,0.0
1.35,ifrms,-1.2911530036582004,1.0
1.35,mcgs,0.0,0.03571428571428571
1.35,pos,0.0,0.03571428571428571
1.35,prculs-d,-0.0,0.0
1.35,prcus-a,0.0,0.0
1.35,prcus-i,-0.15039317882062095,0.7857142857142857
1.35,prcus-p,-0.2274721188367787,0.8928571428571429
1.35,sbps,-0.0,0.0
1.35,sspls-v,-0.0,0.0
1.444,ifrms,-1.2081701590866443,1.0
1.444,mcgs,0.0,0.03571428571428571
1.444,pos,0.0,0.03571428571428571
1.444,prculs-d,-0.0,0.0
1.444,prcus-a,0.0,0.0
1.444,prcus-i,-0.039618076716502346,0.6071428571428571
1.444,prcus-p,-0.16763297072058592,0.8571428571428571
1.444,sbps,-0.0,0.0
1.444,sspls-v,-0.0,0.0
1.543,ifrms,-1.1305581945728667,1.0
1.543,mcgs,0.0,0.03571428571428571
1.543,pos,0.0,0.03571428571428571
1.543,prculs-d,-0.0,0.0
1.543,prcus-a,0.0,0.0
1.543,prcus-i,-0.0,0.2857142857142857
1.543,prcus-p,-0.11355842778136321,0.7142857142857143
1.543,sbps,-0.0,0.0
1.543,sspls-v,-0.0,0.0
1.65,ifrms,-1.055249072898878,1.0
1.65,mcgs,0.0,0.0
1.65,pos,0.0,0.0
1.65,prculs-d,-0.0,0.0
1.65,prcus-a,0.0,0.0
1.65,prcus-i,-0.0,0.10714285714285714
1.65,prcus-p,-0.04172632119879346,0.5714285714285714
1.65,sbps,-0.0,0.0
1.65,sspls-v,-0.0,0.0
1.764,ifrms,-0.9612050669517256,1.0
1.764,mcgs,0.0,0.0
1.764,pos,0.0,0.0
1.764,prculs-d,-0.0,0.0
1.764,prcus-a,0.0,0.0
1.764,prcus-i,-0.0,0.03571428571428571
1.764,prcus-p,-0.0,0.39285714285714285
1.764,sbps,-0.0,0.0
1.764,sspls-v,-0.0,0.0
1.885,ifrms,-0.8519675468706114,1.0
1.885,mcgs,0.0,0.0
1.885,pos,0.0,0.0
1.885,prculs-d,-0.0,0.0
1.885,prcus-a,0.0,0.0
1.885,prcus-i,-0.0,0.0
1.885,prcus-p,-0.0,0.2857142857142857
1.885,sbps,-0.0,0.0
1.885,sspls-v,-0.0,0.0
2.015,ifrms,-0.7219675468706115,1.0
2.015,mcgs,0.0,0.0
2.015,pos,0.0,0.0
2.015,prculs-d,-0.0,0.0
2.015,prcus-a,0.0,0.0
2.015,prcus-i,-0.0,0.0
2.015,prcus-p,-0.0,0.17857142857142858
2.015,sbps,-0.0,0.0
2.015,sspls-v,-0.0,0.0
2.154,ifrms,-0.5857141501307007,1.0
2.154,mcgs,0.0,0.0
2.154,pos,0.0,0.0
2.154,prculs-d,-0.0,0.0
2.154,prcus-a,0.0,0.0
2.154,prcus-i,-0.0,0.0
2.154,prcus-p,-0.0,0.07142857142857142
2.154,sbps,-0.0,0.0
2.154,sspls-v,-0.0,0.0
2.303,ifrms,-0.4447329143162376,0.9642857142857143
2.303,mcgs,0.0,0.0
2.303,pos,0.0,0.0
2.303,prculs-d,-0.0,0.0
2.303,prcus-a,0.0,0.0
2.303,prcus-i,-0.0,0.0
2.303,prcus-p,-0.0,0.0
2.303,sbps,-0.0,0.0
2.303,sspls-v,-0.0,0.0
2.462,ifrms,-0.2857329143162374,0.8928571428571429
2.462,mcgs,0.0,0.0
2.462,pos,-0.0,0.0
2.462,prculs-d,-0.0,0.0
2.462,prcus-a,0.0,0.0
2.462,prcus-i,-0.0,0.0
2.462,prcus-p,-0.0,0.0
2.462,sbps,-0.0,0.0
2.462,sspls-v,-0.0,0.0
2.632,ifrms,-0.11573291431623714,0.7857142857142857
2.632,mcgs,0.0,0.0
2.632,pos,-0.0,0.0
2.632,prculs-d,-0.0,0.0
2.632,prcus-a,0.0,0.0
2.632,prcus-i,-0.0,0.0
2.632,prcus-p,-0.0,0.0
2.632,sbps,-0.0,0.0
2.632,sspls-v,-0.0,0.0
2.814,ifrms,-0.0,0.2857142857142857
2.814,mcgs,0.0,0.0
2.814,pos,-0.0,0.0
2.814,prculs-d,-0.0,0.0
2.814,prcus-a,0.0,0.0
2.814,prcus-i,-0.0,0.0
2.814,prcus-p,-0.0,0.0
2.814,sbps,-0.0,0.0
2.814,sspls-v,-0.0,0.0
3.008,ifrms,-0.0,0.0
3.008,mcgs,0.0,0.0
3.008,pos,-0.0,0.0
3.008,prculs-d,-0.0,0.0
3.008,prcus-a,0.0,0.0
3.008,prcus-i,-0.0,0.0
3.008,prcus-p,-0.0,0.0
3.008,sbps,-0.0,0.0
3.008,sspls-v,-0.0,0.0
3.215,ifrms,-0.0,0.0
3.215,mcgs,0.0,0.0
3.215,pos,-0.0,0.0
3.215,prculs-d,-0.0,0.0
3.215,prcus-a,0.0,0.0
3.215,prcus-i,-0.0,0.0
3.215,prcus-p,-0.0,0.0
3.215,sbps,-0.0,0.0
3.215,sspls-v,-0.0,0.0
3.437,ifrms,-0.0,0.0
3.437,mcgs,0.0,0.0
3.437,pos,-0.0,0.0
3.437,prculs-d,-0.0,0.0
3.437,prcus-a,0.0,0.0
3.437,prcus-i,-0.0,0.0
3.437,prcus-p,-0.0,0.0
3.437,sbps,-0.0,0.0
3.437,sspls-v,-0.0,0.0
3.675,ifrms,-0.0,0.0
3.675,mcgs,0.0,0.0
3.675,pos,-0.0,0.0
3.675,prculs-d,-0.0,0.0
3.675,prcus-a,0.0,0.0
3.675,prcus-i,-0.0,0.0
3.675,prcus-p,-0.0,0.0
3.675,sbps,-0.0,0.0
3.675,sspls-v,-0.0,0.0
3.928,ifrms,-0.0,0.0
3.928,mcgs,0.0,0.0
3.928,pos,-0.0,0.0
3.928,prculs-d,-0.0,0.0
3.928,prcus-a,0.0,0.0
3.928,prcus-i,-0.0,0.0
3.928,prcus-p,-0.0,0.0
3.928,sbps,-0.0,0.0
3.928,sspls-v,-0.0,0.0
4.199,ifrms,-0.0,0.0
4.199,mcgs,0.0,0.0
4.199,pos,-0.0,0.0
4.199,prculs-d,-0.0,0.0
4.199,prcus-a,0.0,0.0
4.199,prcus-i,-0.0,0.0
4.199,prcus-p,-0.0,0.0
4.199,sbps,-0.0,0.0
4.199,sspls-v,-0.0,0.0
4.489,ifrms,-0.0,0.0
4.489,mcgs,0.0,0.0
4.489,pos,-0.0,0.0
4.489,prculs-d,-0.0,0.0
4.489,prcus-a,0.0,0.0
4.489,prcus-i,-0.0,0.0
4.489,prcus-p,-0.0,0.0
4.489,sbps,-0.0,0.0
4.489,sspls-v,-0.0,0.0
4.799,ifrms,-0.0,0.0
4.799,mcgs,0.0,0.0
4.799,pos,-0.0,0.0
4.799,prculs-d,-0.0,0.0
4.799,prcus-a,0.0,0.0
4.799,prcus-i,-0.0,0.0
4.799,prcus-p,-0.0,0.0
4.799,sbps,-0.0,0.0
4.799,sspls-v,-0.0,0.0
5.13,ifrms,-0.0,0.0
5.13,mcgs,0.0,0.0
5.13,pos,-0.0,0.0
5.13,prculs-d,-0.0,0.0
5.13,prcus-a,0.0,0.0
5.13,prcus-i,-0.0,0.0
5.13,prcus-p,-0.0,0.0
5.13,sbps,-0.0,0.0
5.13,sspls-v,-0.0,0.0
5.484,ifrms,-0.0,0.0
5.484,mcgs,0.0,0.0
5.484,pos,-0.0,0.0
5.484,prculs-d,-0.0,0.0
5.484,prcus-a,0.0,0.0
5.484,prcus-i,-0.0,0.0
5.484,prcus-p,-0.0,0.0
5.484,sbps,-0.0,0.0
5.484,sspls-v,-0.0,0.0
5.863,ifrms,-0.0,0.0
5.863,mcgs,0.0,0.0
5.863,pos,-0.0,0.0
5.863,prculs-d,-0.0,0.0
5.863,prcus-a,0.0,0.0
5.863,prcus-i,-0.0,0.0
5.863,prcus-p,-0.0,0.0
5.863,sbps,-0.0,0.0
5.863,sspls-v,-0.0,0.0
6.268,ifrms,-0.0,0.0
6.268,mcgs,0.0,0.0
6.268,pos,-0.0,0.0
6.268,prculs-d,-0.0,0.0
6.268,prcus-a,0.0,0.0
6.268,prcus-i,-0.0,0.0
6.268,prcus-p,-0.0,0.0
6.268,sbps,-0.0,0.0
6.268,sspls-v,-0.0,0.0
6.7,ifrms,-0.0,0.0
6.7,mcgs,0.0,0.0
6.7,pos,-0.0,0.0
6.7,prculs-d,-0.0,0.0
6.7,prcus-a,0.0,0.0
6.7,prcus-i,-0.0,0.0
6.7,prcus-p,-0.0,0.0
6.7,sbps,-0.0,0.0
6.7,sspls-v,-0.0,0.0
7.163,ifrms,-0.0,0.0
7.163,mcgs,0.0,0.0
7.163,pos,-0.0,0.0
7.163,prculs-d,-0.0,0.0
7.163,prcus-a,0.0,0.0
7.163,prcus-i,-0.0,0.0
7.163,prcus-p,-0.0,0.0
7.163,sbps,-0.0,0.0
7.163,sspls-v,-0.0,0.0
7.657,ifrms,-0.0,0.0
7.657,mcgs,0.0,0.0
7.657,pos,-0.0,0.0
7.657,prculs-d,-0.0,0.0
7.657,prcus-a,0.0,0.0
7.657,prcus-i,-0.0,0.0
7.657,prcus-p,-0.0,0.0
7.657,sbps,-0.0,0.0
7.657,sspls-v,-0.0,0.0
8.185,ifrms,-0.0,0.0
8.185,mcgs,0.0,0.0
8.185,pos,-0.0,0.0
8.185,prculs-d,-0.0,0.0
8.185,prcus-a,0.0,0.0
8.185,prcus-i,-0.0,0.0
8.185,prcus-p,-0.0,0.0
8.185,sbps,-0.0,0.0
8.185,sspls-v,-0.0,0.0
8.75,ifrms,-0.0,0.0
8.75,mcgs,0.0,0.0
8.75,pos,-0.0,0.0
8.75,prculs-d,-0.0,0.0
8.75,prcus-a,0.0,0.0
8.75,prcus-i,-0.0,0.0
8.75,prcus-p,-0.0,0.0
8.75,sbps,-0.0,0.0
8.75,sspls-v,-0.0,0.0
9.354,ifrms,-0.0,0.0
9.354,mcgs,0.0,0.0
9.354,pos,-0.0,0.0
9.354,prculs-d,-0.0,0.0
9.354,prcus-a,0.0,0.0
9.354,prcus-i,-0.0,0.0
9.354,prcus-p,-0.0,0.0
9.354,sbps,-0.0,0.0
9.354,sspls-v,-0.0,0.0
10.0,ifrms,-0.0,0.0
10.0,mcgs,0.0,0.0
10.0,pos,-0.0,0.0
10.0,prculs-d,-0.0,0.0
10.0,prcus-a,0.0,0.0
10.0,prcus-i,-0.0,0.0
10.0,prcus-p,-0.0,0.0
10.0,sbps,-0.0,0.0
10.0,sspls-v,-0.0,0.0
