"threshold_pct","hemi","sulcus","n","mean_mm","sd_mm","median_mm"
2.5,"lh","mcgs",47,53.9852250951685,12.8308332792753,52.676495876345
2.5,"lh","pos",47,36.7330740987422,12.7492244956572,36.2618969897272
2.5,"lh","prculs-d",47,29.9929974644971,13.5210424595474,28.0698651227004
2.5,"lh","prcus-a",47,32.5814003944025,11.5677476646818,32.0682963633045
2.5,"lh","prcus-i",47,22.5750667373647,9.14842029604053,22.3808347518259
2.5,"lh","prcus-p",47,16.6676373977995,10.615713137937,14.402795999644
2.5,"rh","mcgs",47,54.7857015727666,12.974934540563,57.3474721166536
2.5,"rh","pos",47,37.4657684785707,15.470439511833,34.5065944679206
2.5,"rh","prculs-d",47,26.1153830036979,13.2067217006261,25.6307798598112
2.5,"rh","prcus-a",47,36.848118041446,11.6433931560014,37.9320210766373
2.5,"rh","prcus-i",47,27.5291644312424,11.7703236936208,27.5338967347732
2.5,"rh","prcus-p",47,18.5329228711415,8.1705664372235,17.37485317409
5,"lh","mcgs",47,53.6270957199326,13.2161107875703,51.649861029234
5,"lh","pos",47,36.610769129402,12.3158936460549,35.0208101837004
5,"lh","prculs-d",47,29.1889798858755,13.4988165278274,27.7981958993058
5,"lh","prcus-a",47,32.1118541232793,12.1692442395003,30.4767820693712
5,"lh","prcus-i",47,22.071734646609,9.3580263318708,21.2997773395207
5,"lh","prcus-p",47,16.226836616396,10.6647416024216,13.3928749534641
5,"rh","mcgs",47,54.4557566561024,12.7386881658136,56.7801202370537
5,"rh","pos",47,37.3786762671031,15.1000510411723,34.895935228524
5,"rh","prculs-d",47,24.2797439258464,13.0807309906803,25.5225457136154
5,"rh","prcus-a",47,36.0420437567491,11.4511217381103,36.9414666169203
5,"rh","prcus-i",47,26.1734312723322,11.1045354684676,27.1414859239097
5,"rh","prcus-p",47,17.1025197600165,8.09736898460991,16.712108396187
10,"lh","mcgs",47,52.0300929055506,13.0279269650456,50.2156235502782
10,"lh","pos",47,37.4891559713217,11.7207863823632,36.811497519242
10,"lh","prculs-d",47,29.8973073853086,12.9233031189965,30.9296681398875
10,"lh","prcus-a",47,30.707295308177,11.9728658028146,28.4038540128838
10,"lh","prcus-i",47,19.6674461760548,10.4711193243741,21.195688059175
10,"lh","prcus-p",47,13.9285729201098,8.80877300707976,13.2660888260558
10,"rh","mcgs",47,54.8386194894326,12.0985781983954,56.1774947696799
10,"rh","pos",47,37.5559106295997,14.3354090909495,33.8418772458184
10,"rh","prculs-d",47,24.1111641200348,13.0844661774362,24.6902114643451
10,"rh","prcus-a",47,36.4449122782193,9.89237959731807,37.5104235175422
10,"rh","prcus-i",47,25.395670114596,11.6826588574283,23.3979864222153
10,"rh","prcus-p",47,16.1097429782587,8.63268443864994,15.839583964415
