"threshold_pct","hemi","n","prcus_p_mm","prculs_d_mm","diff_mm","ci_low","ci_high","t","df","p","farther_in","group","welch_t","welch_df","welch_p"
2.5,"lh",47,16.6676373977995,29.9929974644971,13.3253600666976,8.84862874718735,17.8020913862078,5.9915497978125,46,2.98146391215204e-07,"41/47","both",0.377800838490418,44.9811159511968,0.707355508706297
2.5,"rh",47,18.5329228711415,26.1153830036979,7.58246013255642,3.8210990064303,11.3438212586825,4.05775997518327,46,0.000190104770390609,"36/47","both",0.309301394824046,44.1789794103454,0.758546368150999
5,"lh",47,16.226836616396,29.1889798858755,12.9621432694795,8.35714739534652,17.5671391436125,5.66589891779452,46,9.14668677872495e-07,"40/47","both",0.422001998292975,44.9961194927166,0.675033097722735
5,"rh",47,17.1025197600165,24.2797439258464,7.17722416582984,3.24518759997461,11.1092607316851,3.67417817558235,46,0.000621022016431069,"35/47","both",-0.307795807364792,44.6993780499394,0.759667393451554
10,"lh",47,13.9285729201098,29.8973073853086,15.9687344651988,11.5959059245711,20.3415630058264,7.3507101928807,46,2.72071200631926e-09,"41/47","both",0.199018475126824,44.5956631773268,0.843152905072964
10,"rh",47,16.1097429782587,24.1111641200348,8.00142114177609,3.6273124441203,12.3755298394319,3.68212738060525,46,0.000606277416630783,"33/47","both",0.597879998602309,44.6861750146779,0.552938183403573
2.5,"lh",25,13.7708465718407,27.8862116317522,14.1153650599115,7.44687488680292,20.78385523302,4.3687072917175,24,0.000206831863508172,"21/25","Controls",0.377800838490418,44.9811159511968,0.707355508706297
2.5,"lh",22,19.9594451545709,32.3870722744344,12.4276271198636,6.01208605159134,18.8431681881358,4.02844672655828,21,0.000607019486685346,"20/22","DPs",0.377800838490418,44.9811159511968,0.707355508706297
2.5,"rh",25,19.9871648981508,28.1174166445215,8.13025174637075,2.8033522539969,13.4571512387446,3.15005284200145,24,0.0043332121094431,"19/25","Controls",0.309301394824046,44.1789794103454,0.758546368150999
2.5,"rh",22,16.8803751131765,23.8403447754893,6.95996966231286,1.20640576299859,12.7135335616271,2.51566672794849,21,0.0200859949650194,"17/22","DPs",0.309301394824046,44.1789794103454,0.758546368150999
5,"lh",25,13.1357135025702,27.0045700601354,13.8688565575652,6.98037019472684,20.7573429204037,4.15532696050658,24,0.000355602661947866,"20/25","Controls",0.422001998292975,44.9961194927166,0.675033097722735
5,"lh",22,19.7394765184709,31.6712637787621,11.9317872602912,5.37845930238127,18.4851152182011,3.7863983213135,21,0.00108144586309673,"20/22","DPs",0.422001998292975,44.9961194927166,0.675033097722735
5,"rh",25,19.2209678016631,25.83627779954,6.6153099978769,0.515448694329767,12.715171301424,2.23830151374132,24,0.0347424873899927,"17/25","Controls",-0.307795807364792,44.6993780499394,0.759667393451554
5,"rh",22,14.6951924399636,22.5109554330127,7.81576299304908,2.52346477331075,13.1080612127874,3.07121183512194,21,0.00579446007555384,"18/22","DPs",-0.307795807364792,44.6993780499394,0.759667393451554
10,"lh",25,12.0064191610882,28.3791149190465,16.3726957579583,9.55186835072941,23.1935231651871,4.95417655474031,24,4.66892382263243e-05,"21/25","Controls",0.199018475126824,44.5956631773268,0.843152905072964
10,"lh",22,16.1128385553617,31.6225260969701,15.5096875416084,9.67126326305642,21.3481118201604,5.52446334834177,21,1.75684873175345e-05,"20/22","DPs",0.199018475126824,44.5956631773268,0.843152905072964
10,"rh",25,17.1813762338095,26.4064520684146,9.22507583460508,2.89831654508029,15.5518351241299,3.0093796641631,24,0.00606890134573635,"18/25","Controls",0.597879998602309,44.6861750146779,0.552938183403573
10,"rh",22,14.8919779151328,21.5028823605123,6.61090444537952,0.126987931062078,13.094820959697,2.12034321855087,21,0.0460541578747897,"15/22","DPs",0.597879998602309,44.6861750146779,0.552938183403573
