alpha,RMSE
0.1,5.356962991181289
0.107,5.343234519026163
0.114,5.329455564912088
0.122,5.313583460465267
0.131,5.295655899505842
0.14,5.277367160513892
0.149,5.260291649855185
0.16,5.23882930835917
0.171,5.215864100458658
0.182,5.192575670153849
0.195,5.165463803516525
0.208,5.140130861282059
0.223,5.108844825998691
0.238,5.0768064483442
0.255,5.038784202387854
0.272,5.0015958214647025
0.291,4.961968125263384
0.311,4.922084481058865
0.332,4.882413186016278
0.355,4.84385043668904
0.38,4.803433939425185
0.406,4.7612345159530935
0.434,4.7233599431268365
0.464,4.690253478936938
0.496,4.659563768727893
0.53,4.630492670228476
0.567,4.608927876546302
0.606,4.567994095678024
0.648,4.527864730095111
0.693,4.4839840598298295
0.741,4.439381105947012
0.792,4.4029986527803535
0.846,4.34629498447624
0.905,4.304201694781165
0.967,4.265979331394829
1.034,4.234638343735054
1.105,4.211932242893539
1.182,4.188486917320205
1.263,4.173959535404105
1.35,4.154103437731981
1.444,4.1438346250106575
1.543,4.131908018167378
1.65,4.111899286329475
1.764,4.091355159960881
1.885,4.080954901198616
2.015,4.077685394086578
2.154,4.0763546798029555
2.303,4.0763546798029555
2.462,4.0763546798029555
2.632,4.0763546798029555
2.814,4.0763546798029555
3.008,4.0763546798029555
3.215,4.0763546798029555
3.437,4.0763546798029555
3.675,4.0763546798029555
3.928,4.0763546798029555
4.199,4.0763546798029555
4.489,4.0763546798029555
4.799,4.0763546798029555
5.13,4.0763546798029555
5.484,4.0763546798029555
5.863,4.0763546798029555
6.268,4.0763546798029555
6.7,4.0763546798029555
7.163,4.0763546798029555
7.657,4.0763546798029555
8.185,4.0763546798029555
8.75,4.0763546798029555
9.354,4.0763546798029555
10.0,4.0763546798029555
