sub,group,hemi,threshold_pct,sulcus,geodesic_mm
NT7,Controls,lh,2.5,prcus-p,7.99952026940883
NT7,Controls,lh,5.0,prcus-p,14.895415777692731
NT7,Controls,lh,10.0,prcus-p,15.638864005478922
NT7,Controls,lh,2.5,prcus-i,30.029434706845965
NT7,Controls,lh,5.0,prcus-i,38.237459764950785
NT7,Controls,lh,10.0,prcus-i,39.054255634193545
NT7,Controls,lh,2.5,prcus-a,42.37828557589312
NT7,Controls,lh,5.0,prcus-a,50.58631063399795
NT7,Controls,lh,10.0,prcus-a,51.47283058430751
NT7,Controls,lh,2.5,mcgs,66.33576542916659
NT7,Controls,lh,5.0,mcgs,74.54379048727142
NT7,Controls,lh,10.0,mcgs,75.36058635651418
NT7,Controls,lh,2.5,pos,34.69306722365454
NT7,Controls,lh,5.0,pos,30.987295726449535
NT7,Controls,lh,10.0,pos,28.59679628219357
NT7,Controls,lh,2.5,prculs-d,17.90052287741039
NT7,Controls,lh,5.0,prculs-d,9.867227042377417
NT7,Controls,lh,10.0,prculs-d,7.763762851453765
NT7,Controls,rh,2.5,prcus-p,33.44741297908343
NT7,Controls,rh,5.0,prcus-p,12.081554210088209
NT7,Controls,rh,10.0,prcus-p,19.07758973075338
NT7,Controls,rh,2.5,prcus-i,33.86202854372032
NT7,Controls,rh,5.0,prcus-i,16.935435798306766
NT7,Controls,rh,10.0,prcus-i,18.464269295811107
NT7,Controls,rh,2.5,prcus-a,47.111081105415714
NT7,Controls,rh,5.0,prcus-a,47.407141068735726
NT7,Controls,rh,10.0,prcus-a,42.140622293126725
NT7,Controls,rh,2.5,mcgs,43.60416255967952
NT7,Controls,rh,5.0,mcgs,47.921505937563296
NT7,Controls,rh,10.0,mcgs,42.654987161954296
NT7,Controls,rh,2.5,pos,33.368949219201866
NT7,Controls,rh,5.0,pos,32.91644095585651
NT7,Controls,rh,10.0,pos,33.84187724581843
NT7,Controls,rh,2.5,prculs-d,45.50337068906547
NT7,Controls,rh,5.0,prculs-d,25.522545713615383
NT7,Controls,rh,10.0,prculs-d,32.39444003722311
DP7,DPs,lh,2.5,prcus-p,26.623545127477083
DP7,DPs,lh,5.0,prcus-p,23.033979108231907
DP7,DPs,lh,10.0,prcus-p,24.101826005412537
DP7,DPs,lh,2.5,prcus-i,8.39722930233734
DP7,DPs,lh,5.0,prcus-i,10.346568845083224
DP7,DPs,lh,10.0,prcus-i,10.52388913194781
DP7,DPs,lh,2.5,prcus-a,25.234295890528525
DP7,DPs,lh,5.0,prcus-a,30.476782069371165
DP7,DPs,lh,10.0,prcus-a,30.31823905362746
DP7,DPs,lh,2.5,mcgs,51.091397508378186
DP7,DPs,lh,5.0,mcgs,56.38013535762656
DP7,DPs,lh,10.0,mcgs,56.17967497050527
DP7,DPs,lh,2.5,pos,47.41868961081124
DP7,DPs,lh,5.0,pos,42.85506922799244
DP7,DPs,lh,10.0,pos,43.92291612517306
DP7,DPs,lh,2.5,prculs-d,52.40387517821231
DP7,DPs,lh,5.0,prculs-d,48.52307758893309
DP7,DPs,lh,10.0,prculs-d,49.59092448611371
DP7,DPs,rh,2.5,prcus-p,7.8403298269563315
DP7,DPs,rh,5.0,prcus-p,7.8403298269563315
DP7,DPs,rh,10.0,prcus-p,7.8403298269563315
DP7,DPs,rh,2.5,prcus-i,34.508188315121366
DP7,DPs,rh,5.0,prcus-i,34.508188315121366
DP7,DPs,rh,10.0,prcus-i,34.508188315121366
DP7,DPs,rh,2.5,prcus-a,46.36556555468928
DP7,DPs,rh,5.0,prcus-a,46.36556555468928
DP7,DPs,rh,10.0,prcus-a,46.36556555468928
DP7,DPs,rh,2.5,mcgs,62.024479533589805
DP7,DPs,rh,5.0,mcgs,62.024479533589805
DP7,DPs,rh,10.0,mcgs,62.024479533589805
DP7,DPs,rh,2.5,pos,24.72833845403596
DP7,DPs,rh,5.0,pos,24.72833845403596
DP7,DPs,rh,10.0,pos,24.72833845403596
DP7,DPs,rh,2.5,prculs-d,18.038163246624705
DP7,DPs,rh,5.0,prculs-d,18.038163246624705
DP7,DPs,rh,10.0,prculs-d,18.038163246624705
NT8,Controls,lh,2.5,prcus-p,9.69588026821988
NT8,Controls,lh,5.0,prcus-p,10.606744060345465
NT8,Controls,lh,10.0,prcus-p,12.85447359253039
NT8,Controls,lh,2.5,prcus-i,27.481629514234932
NT8,Controls,lh,5.0,prcus-i,26.600875877378293
NT8,Controls,lh,10.0,prcus-i,24.949741641102296
NT8,Controls,lh,2.5,prcus-a,29.02670062253328
NT8,Controls,lh,5.0,prcus-a,28.676559411768384
NT8,Controls,lh,10.0,prcus-a,28.16364917111452
NT8,Controls,lh,2.5,mcgs,48.20273871646472
NT8,Controls,lh,5.0,mcgs,47.85259750569982
NT8,Controls,lh,10.0,mcgs,47.33968726504596
NT8,Controls,lh,2.5,pos,47.15589105261392
NT8,Controls,lh,5.0,pos,48.066754844739506
NT8,Controls,lh,10.0,pos,50.25637547976759
NT8,Controls,lh,2.5,prculs-d,47.41191253319201
NT8,Controls,lh,5.0,prculs-d,48.32277632531759
NT8,Controls,lh,10.0,prculs-d,50.51239696034568
NT8,Controls,rh,2.5,prcus-p,12.069560405598043
NT8,Controls,rh,5.0,prcus-p,12.370759749718635
NT8,Controls,rh,10.0,prcus-p,3.618145397371124
NT8,Controls,rh,2.5,prcus-i,10.623458549460254
NT8,Controls,rh,5.0,prcus-i,9.052858327910965
NT8,Controls,rh,10.0,prcus-i,17.270393100359417
NT8,Controls,rh,2.5,prcus-a,26.450845099836084
NT8,Controls,rh,5.0,prcus-a,27.435894693781812
NT8,Controls,rh,10.0,prcus-a,34.26477488865829
NT8,Controls,rh,2.5,mcgs,34.384943290085616
NT8,Controls,rh,5.0,mcgs,35.36999288403134
NT8,Controls,rh,10.0,mcgs,42.19887307890784
NT8,Controls,rh,2.5,pos,64.13664782813113
NT8,Controls,rh,5.0,pos,63.327144570254205
NT8,Controls,rh,10.0,pos,57.04411570597683
NT8,Controls,rh,2.5,prculs-d,38.284795146690264
NT8,Controls,rh,5.0,prculs-d,37.23599826872555
NT8,Controls,rh,10.0,prculs-d,32.729748099542334
DP8,DPs,lh,2.5,prcus-p,35.23934532728374
DP8,DPs,lh,5.0,prcus-p,35.06704923061736
DP8,DPs,lh,10.0,prcus-p,35.781632890259104
DP8,DPs,lh,2.5,prcus-i,34.49543781019185
DP8,DPs,lh,5.0,prcus-i,35.196371670661065
DP8,DPs,lh,10.0,prcus-i,37.12658263018146
DP8,DPs,lh,2.5,prcus-a,10.327711857777206
DP8,DPs,lh,5.0,prcus-a,10.155415761110817
DP8,DPs,lh,10.0,prcus-a,11.471940995928732
DP8,DPs,lh,2.5,mcgs,32.0213607169572
DP8,DPs,lh,5.0,mcgs,32.02104776531322
DP8,DPs,lh,10.0,mcgs,30.666030904770853
DP8,DPs,lh,2.5,pos,59.27028586730609
DP8,DPs,lh,5.0,pos,58.760416003188425
DP8,DPs,lh,10.0,pos,55.43239489852704
DP8,DPs,lh,2.5,prculs-d,52.12762914010147
DP8,DPs,lh,5.0,prculs-d,51.955333043435104
DP8,DPs,lh,10.0,prculs-d,52.91150533239764
DP8,DPs,rh,2.5,prcus-p,15.694757301338283
DP8,DPs,rh,5.0,prcus-p,15.694757301338283
DP8,DPs,rh,10.0,prcus-p,16.041320142086665
DP8,DPs,rh,2.5,prcus-i,8.48524898677001
DP8,DPs,rh,5.0,prcus-i,8.48524898677001
DP8,DPs,rh,10.0,prcus-i,11.265857751970996
DP8,DPs,rh,2.5,prcus-a,26.500829058126705
DP8,DPs,rh,5.0,prcus-a,26.500829058126705
DP8,DPs,rh,10.0,prcus-a,22.06952895110082
DP8,DPs,rh,2.5,mcgs,47.28103839888851
DP8,DPs,rh,5.0,mcgs,47.28103839888851
DP8,DPs,rh,10.0,mcgs,39.80747652692491
DP8,DPs,rh,2.5,pos,44.26132140908917
DP8,DPs,rh,5.0,pos,44.26132140908917
DP8,DPs,rh,10.0,pos,52.323148713122755
DP8,DPs,rh,2.5,prculs-d,26.50980553207047
DP8,DPs,rh,5.0,prculs-d,26.50980553207047
DP8,DPs,rh,10.0,prculs-d,34.571632836104065
NT9,Controls,lh,2.5,prcus-p,10.058969711511743
NT9,Controls,lh,5.0,prcus-p,5.083257554997266
NT9,Controls,lh,10.0,prcus-p,3.763660899483825
NT9,Controls,lh,2.5,prcus-i,3.880737464792325
NT9,Controls,lh,5.0,prcus-i,10.344525914353015
NT9,Controls,lh,10.0,prcus-i,10.286372280681723
NT9,Controls,lh,2.5,prcus-a,24.86146027487203
NT9,Controls,lh,5.0,prcus-a,28.787436329129793
NT9,Controls,lh,10.0,prcus-a,28.10816442153399
NT9,Controls,lh,2.5,mcgs,46.28116724557
NT9,Controls,lh,5.0,mcgs,45.86703895409796
NT9,Controls,lh,10.0,mcgs,44.3356861412928
NT9,Controls,lh,2.5,pos,60.40045544843631
NT9,Controls,lh,5.0,pos,55.34607020658131
NT9,Controls,lh,10.0,pos,56.59340998944573
NT9,Controls,lh,2.5,prculs-d,25.72861318134918
NT9,Controls,lh,5.0,prculs-d,23.306999763114455
NT9,Controls,lh,10.0,prculs-d,24.838352575919615
NT9,Controls,rh,2.5,prcus-p,23.8241579298226
NT9,Controls,rh,5.0,prcus-p,8.541421488734404
NT9,Controls,rh,10.0,prcus-p,9.408825421088457
NT9,Controls,rh,2.5,prcus-i,42.078845042097406
NT9,Controls,rh,5.0,prcus-i,27.99050449158344
NT9,Controls,rh,10.0,prcus-i,28.862950952308697
NT9,Controls,rh,2.5,prcus-a,52.51227989969243
NT9,Controls,rh,5.0,prcus-a,36.94146661692033
NT9,Controls,rh,10.0,prcus-a,39.01457896351296
NT9,Controls,rh,2.5,mcgs,66.99078141684542
NT9,Controls,rh,5.0,mcgs,62.95884799121627
NT9,Controls,rh,10.0,mcgs,64.67515168832747
NT9,Controls,rh,2.5,pos,40.38922599255429
NT9,Controls,rh,5.0,pos,35.399546920613524
NT9,Controls,rh,10.0,pos,38.53049028086947
NT9,Controls,rh,2.5,prculs-d,36.28169838348341
NT9,Controls,rh,5.0,prculs-d,22.303598326847112
NT9,Controls,rh,10.0,prculs-d,26.691500667080952
DP9,DPs,lh,2.5,prcus-p,10.070697419992362
DP9,DPs,lh,5.0,prcus-p,11.085811701287426
DP9,DPs,lh,10.0,prcus-p,13.036940518858122
DP9,DPs,lh,2.5,prcus-i,23.306960432734293
DP9,DPs,lh,5.0,prcus-i,20.967355131089203
DP9,DPs,lh,10.0,prcus-i,20.201076099430807
DP9,DPs,lh,2.5,prcus-a,33.08261325475321
DP9,DPs,lh,5.0,prcus-a,30.25449427659583
DP9,DPs,lh,10.0,prcus-a,28.251871018097944
DP9,DPs,lh,2.5,mcgs,46.336452593447866
DP9,DPs,lh,5.0,mcgs,43.50833361529048
DP9,DPs,lh,10.0,mcgs,41.509256044586
DP9,DPs,lh,2.5,pos,24.805106620151903
DP9,DPs,lh,5.0,pos,27.633225598309284
DP9,DPs,lh,10.0,pos,29.63584885680717
DP9,DPs,lh,2.5,prculs-d,24.936088151619245
DP9,DPs,lh,5.0,prculs-d,26.402056851994573
DP9,DPs,lh,10.0,prculs-d,28.35318566956527
DP9,DPs,rh,2.5,prcus-p,22.628313743028176
DP9,DPs,rh,5.0,prcus-p,19.905369087636664
DP9,DPs,rh,10.0,prcus-p,15.83958396441499
DP9,DPs,rh,2.5,prcus-i,37.65636896362093
DP9,DPs,rh,5.0,prcus-i,36.230640527828854
DP9,DPs,rh,10.0,prcus-i,32.51865913278154
DP9,DPs,rh,2.5,prcus-a,47.74528952061673
DP9,DPs,rh,5.0,prcus-a,46.394268236923594
DP9,DPs,rh,10.0,prcus-a,42.68228684187629
DP9,DPs,rh,2.5,mcgs,62.05207533750016
DP9,DPs,rh,5.0,mcgs,60.70105405380702
DP9,DPs,rh,10.0,mcgs,56.98907265875972
DP9,DPs,rh,2.5,pos,29.97004118351135
DP9,DPs,rh,5.0,pos,29.154746593630883
DP9,DPs,rh,10.0,pos,32.18659086783385
DP9,DPs,rh,2.5,prculs-d,30.991647120466386
DP9,DPs,rh,5.0,prculs-d,27.76531258844295
DP9,DPs,rh,10.0,prculs-d,27.67481420836664
NT6,Controls,lh,2.5,prcus-p,11.069646263819015
NT6,Controls,lh,5.0,prcus-p,11.069646263819015
NT6,Controls,lh,10.0,prcus-p,10.429223946548117
NT6,Controls,lh,2.5,prcus-i,27.211068116383068
NT6,Controls,lh,5.0,prcus-i,27.211068116383068
NT6,Controls,lh,10.0,prcus-i,29.480135067189764
NT6,Controls,lh,2.5,prcus-a,36.70650710233847
NT6,Controls,lh,5.0,prcus-a,36.70650710233847
NT6,Controls,lh,10.0,prcus-a,38.975574053145166
NT6,Controls,lh,2.5,mcgs,50.59577984965276
NT6,Controls,lh,5.0,mcgs,50.59577984965276
NT6,Controls,lh,10.0,mcgs,53.380886408004706
NT6,Controls,lh,2.5,pos,47.03682544541046
NT6,Controls,lh,5.0,pos,47.03682544541046
NT6,Controls,lh,10.0,pos,45.75689510272216
NT6,Controls,lh,2.5,prculs-d,32.339345723419676
NT6,Controls,lh,5.0,prculs-d,32.339345723419676
NT6,Controls,lh,10.0,prculs-d,30.175207396456212
NT6,Controls,rh,2.5,prcus-p,12.105234165635109
NT6,Controls,rh,5.0,prcus-p,20.71369354379997
NT6,Controls,rh,10.0,prcus-p,21.50343510326518
NT6,Controls,rh,2.5,prcus-i,23.11869998736626
NT6,Controls,rh,5.0,prcus-i,32.61101312897119
NT6,Controls,rh,10.0,prcus-i,32.54691272951635
NT6,Controls,rh,2.5,prcus-a,36.50567534148254
NT6,Controls,rh,5.0,prcus-a,45.99963185887668
NT6,Controls,rh,10.0,prcus-a,45.94248308607979
NT6,Controls,rh,2.5,mcgs,57.055025921825504
NT6,Controls,rh,5.0,mcgs,66.54898243921967
NT6,Controls,rh,10.0,mcgs,66.49183366642278
NT6,Controls,rh,2.5,pos,68.28428633337967
NT6,Controls,rh,5.0,pos,56.674905730006365
NT6,Controls,rh,10.0,pos,56.37036294129777
NT6,Controls,rh,2.5,prculs-d,22.228351993513428
NT6,Controls,rh,5.0,prculs-d,10.527704520039588
NT6,Controls,rh,10.0,prculs-d,10.200603130154995
DP10,DPs,lh,2.5,prcus-p,9.000500210330088
DP10,DPs,lh,5.0,prcus-p,9.000500210330088
DP10,DPs,lh,10.0,prcus-p,9.620204088133166
DP10,DPs,lh,2.5,prcus-i,12.837883165063188
DP10,DPs,lh,5.0,prcus-i,12.837883165063188
DP10,DPs,lh,10.0,prcus-i,13.457587042866264
DP10,DPs,lh,2.5,prcus-a,20.734005597113708
DP10,DPs,lh,5.0,prcus-a,20.734005597113708
DP10,DPs,lh,10.0,prcus-a,20.713316443250346
DP10,DPs,lh,2.5,mcgs,43.14623210809642
DP10,DPs,lh,5.0,mcgs,43.14623210809642
DP10,DPs,lh,10.0,mcgs,43.12554295423306
DP10,DPs,lh,2.5,pos,32.37362306828706
DP10,DPs,lh,5.0,pos,32.37362306828706
DP10,DPs,lh,10.0,pos,32.83703628438336
DP10,DPs,lh,2.5,prculs-d,36.561238149178656
DP10,DPs,lh,5.0,prculs-d,36.561238149178656
DP10,DPs,lh,10.0,prculs-d,37.18094202698173
DP10,DPs,rh,2.5,prcus-p,27.79901896093618
DP10,DPs,rh,5.0,prcus-p,26.842324327067672
DP10,DPs,rh,10.0,prcus-p,32.516530387908205
DP10,DPs,rh,2.5,prcus-i,45.34225636231779
DP10,DPs,rh,5.0,prcus-i,44.319545625384436
DP10,DPs,rh,10.0,prcus-i,50.14505944726889
DP10,DPs,rh,2.5,prcus-a,41.09368230734046
DP10,DPs,rh,5.0,prcus-a,40.38305734614495
DP10,DPs,rh,10.0,prcus-a,45.74689876456702
DP10,DPs,rh,2.5,mcgs,65.40057978208773
DP10,DPs,rh,5.0,mcgs,64.68995482089221
DP10,DPs,rh,10.0,mcgs,70.05379623931425
DP10,DPs,rh,2.5,pos,34.87516084033671
DP10,DPs,rh,5.0,pos,35.89787157727007
DP10,DPs,rh,10.0,pos,29.619478910129313
DP10,DPs,rh,2.5,prculs-d,8.805347504514081
DP10,DPs,rh,5.0,prculs-d,7.7826367675807235
DP10,DPs,rh,10.0,prculs-d,14.89994050337025
NT15,Controls,lh,2.5,prcus-p,16.53230881183589
NT15,Controls,lh,5.0,prcus-p,23.33142057809436
NT15,Controls,lh,10.0,prcus-p,23.53667595127699
NT15,Controls,lh,2.5,prcus-i,19.413085773237363
NT15,Controls,lh,5.0,prcus-i,21.84486864808259
NT15,Controls,lh,10.0,prcus-i,20.1675970743205
NT15,Controls,lh,2.5,prcus-a,32.06829636330455
NT15,Controls,lh,5.0,prcus-a,35.05693070421031
NT15,Controls,lh,10.0,prcus-a,33.48918201776941
NT15,Controls,lh,2.5,mcgs,47.030260230264474
NT15,Controls,lh,5.0,mcgs,47.864714004221355
NT15,Controls,lh,10.0,mcgs,45.65999138562414
NT15,Controls,lh,2.5,pos,20.98917638469684
NT15,Controls,lh,5.0,pos,20.72636944179884
NT15,Controls,lh,10.0,pos,23.117037719269717
NT15,Controls,lh,2.5,prculs-d,31.39705531669208
NT15,Controls,lh,5.0,prculs-d,36.04213244364795
NT15,Controls,lh,10.0,prculs-d,38.61290990652366
NT15,Controls,rh,2.5,prcus-p,16.623814765922532
NT15,Controls,rh,5.0,prcus-p,15.252590813775855
NT15,Controls,rh,10.0,prcus-p,11.220425020195938
NT15,Controls,rh,2.5,prcus-i,25.618147411358255
NT15,Controls,rh,5.0,prcus-i,23.60773971694483
NT15,Controls,rh,10.0,prcus-i,23.39798642221532
NT15,Controls,rh,2.5,prcus-a,29.27044283251167
NT15,Controls,rh,5.0,prcus-a,27.589075261268935
NT15,Controls,rh,10.0,prcus-a,31.55163856993002
NT15,Controls,rh,2.5,mcgs,52.76368701230423
NT15,Controls,rh,5.0,mcgs,51.08231944106149
NT15,Controls,rh,10.0,mcgs,55.50059620092568
NT15,Controls,rh,2.5,pos,33.014048228816826
NT15,Controls,rh,5.0,pos,34.895935228524046
NT15,Controls,rh,10.0,pos,30.570644119701495
NT15,Controls,rh,2.5,prculs-d,36.16220202583014
NT15,Controls,rh,5.0,prculs-d,35.203985497596186
NT15,Controls,rh,10.0,prculs-d,30.057348497105316
NT10,Controls,lh,2.5,prcus-p,17.46813522379916
NT10,Controls,lh,5.0,prcus-p,3.506711175291114
NT10,Controls,lh,10.0,prcus-p,2.899332025337963
NT10,Controls,lh,2.5,prcus-i,33.912338726161344
NT10,Controls,lh,5.0,prcus-i,25.501775548164993
NT10,Controls,lh,10.0,prcus-i,24.42681267909056
NT10,Controls,lh,2.5,prcus-a,34.92909374969093
NT10,Controls,lh,5.0,prcus-a,41.692367499285936
NT10,Controls,lh,10.0,prcus-a,41.61059505969394
NT10,Controls,lh,2.5,mcgs,61.51396550192469
NT10,Controls,lh,5.0,mcgs,68.27723925151973
NT10,Controls,lh,10.0,mcgs,68.19546681192773
NT10,Controls,lh,2.5,pos,45.79755134322172
NT10,Controls,lh,5.0,pos,46.939032376774925
NT10,Controls,lh,10.0,pos,47.73299486086948
NT10,Controls,lh,2.5,prculs-d,43.02839504787413
NT10,Controls,lh,5.0,prculs-d,34.03543069013293
NT10,Controls,lh,10.0,prculs-d,34.14282456034183
NT10,Controls,rh,2.5,prcus-p,18.51000623437505
NT10,Controls,rh,5.0,prcus-p,17.02838642079619
NT10,Controls,rh,10.0,prcus-p,13.597790572885597
NT10,Controls,rh,2.5,prcus-i,42.54930340270252
NT10,Controls,rh,5.0,prcus-i,41.06768358912365
NT10,Controls,rh,10.0,prcus-i,37.50055990470914
NT10,Controls,rh,2.5,prcus-a,41.833913763031696
NT10,Controls,rh,5.0,prcus-a,40.80557640373523
NT10,Controls,rh,10.0,prcus-a,38.65210752874899
NT10,Controls,rh,2.5,mcgs,57.80845759635019
NT10,Controls,rh,5.0,mcgs,56.78012023705373
NT10,Controls,rh,10.0,mcgs,55.650670185348936
NT10,Controls,rh,2.5,pos,34.68738231699172
NT10,Controls,rh,5.0,pos,34.97060951305951
NT10,Controls,rh,10.0,pos,33.383084659529864
NT10,Controls,rh,2.5,prculs-d,41.50419838181794
NT10,Controls,rh,5.0,prculs-d,41.48886793785607
NT10,Controls,rh,10.0,prculs-d,39.119168756799375
NT11,Controls,lh,2.5,prcus-p,17.86517637386477
NT11,Controls,lh,5.0,prcus-p,17.86517637386477
NT11,Controls,lh,10.0,prcus-p,2.3067168714661115
NT11,Controls,lh,2.5,prcus-i,19.973309257868763
NT11,Controls,lh,5.0,prcus-i,19.973309257868763
NT11,Controls,lh,10.0,prcus-i,12.337474241284832
NT11,Controls,lh,2.5,prcus-a,39.83880131938445
NT11,Controls,lh,5.0,prcus-a,39.83880131938445
NT11,Controls,lh,10.0,prcus-a,39.87165396284056
NT11,Controls,lh,2.5,mcgs,50.65790538756508
NT11,Controls,lh,5.0,mcgs,50.65790538756508
NT11,Controls,lh,10.0,mcgs,38.758985196781786
NT11,Controls,lh,2.5,pos,20.7997775912958
NT11,Controls,lh,5.0,pos,20.7997775912958
NT11,Controls,lh,10.0,pos,21.090344478954805
NT11,Controls,lh,2.5,prculs-d,18.65088834301865
NT11,Controls,lh,5.0,prculs-d,18.65088834301865
NT11,Controls,lh,10.0,prculs-d,34.26791784726425
NT11,Controls,rh,2.5,prcus-p,19.024749312444587
NT11,Controls,rh,5.0,prcus-p,26.46807894224157
NT11,Controls,rh,10.0,prcus-p,18.17933716622951
NT11,Controls,rh,2.5,prcus-i,28.97723022359433
NT11,Controls,rh,5.0,prcus-i,33.56547408713086
NT11,Controls,rh,10.0,prcus-i,27.86000943886384
NT11,Controls,rh,2.5,prcus-a,36.16445381935459
NT11,Controls,rh,5.0,prcus-a,43.607783449151576
NT11,Controls,rh,10.0,prcus-a,35.319041673139516
NT11,Controls,rh,2.5,mcgs,49.31188828623245
NT11,Controls,rh,5.0,mcgs,54.54890322048854
NT11,Controls,rh,10.0,mcgs,48.46647614001738
NT11,Controls,rh,2.5,pos,13.715322493681793
NT11,Controls,rh,5.0,pos,9.37517147129569
NT11,Controls,rh,10.0,pos,14.62967829813656
NT11,Controls,rh,2.5,prculs-d,11.852948580958142
NT11,Controls,rh,5.0,prculs-d,5.759234958312891
NT11,Controls,rh,10.0,prculs-d,12.216790922974637
NT12,Controls,lh,2.5,prcus-p,22.51705681582128
NT12,Controls,lh,5.0,prcus-p,21.3989622002532
NT12,Controls,lh,10.0,prcus-p,23.138688474822263
NT12,Controls,lh,2.5,prcus-i,35.68183625691393
NT12,Controls,lh,5.0,prcus-i,34.56374164134586
NT12,Controls,lh,10.0,prcus-i,36.30346791591492
NT12,Controls,lh,2.5,prcus-a,51.456071286200455
NT12,Controls,lh,5.0,prcus-a,51.63371060243291
NT12,Controls,lh,10.0,prcus-a,50.08726965430233
NT12,Controls,lh,2.5,mcgs,82.26336515752097
NT12,Controls,lh,5.0,mcgs,82.44100447375342
NT12,Controls,lh,10.0,mcgs,80.89456352562284
NT12,Controls,lh,2.5,pos,15.859463111205294
NT12,Controls,lh,5.0,pos,15.604992048678389
NT12,Controls,lh,10.0,pos,17.22826474310342
NT12,Controls,lh,2.5,prculs-d,5.7387428149775745
NT12,Controls,lh,5.0,prculs-d,6.856837430545653
NT12,Controls,lh,10.0,prculs-d,5.879514326750833
NT12,Controls,rh,2.5,prcus-p,18.072230039789936
NT12,Controls,rh,5.0,prcus-p,18.063009247488587
NT12,Controls,rh,10.0,prcus-p,18.04157399916939
NT12,Controls,rh,2.5,prcus-i,33.76705280504242
NT12,Controls,rh,5.0,prcus-i,33.75783201274107
NT12,Controls,rh,10.0,prcus-i,33.73639676442187
NT12,Controls,rh,2.5,prcus-a,46.27046570963101
NT12,Controls,rh,5.0,prcus-a,46.261244917329655
NT12,Controls,rh,10.0,prcus-a,46.23980966901046
NT12,Controls,rh,2.5,mcgs,75.82198292278224
NT12,Controls,rh,5.0,mcgs,75.81276213048089
NT12,Controls,rh,10.0,mcgs,75.7913268821617
NT12,Controls,rh,2.5,pos,24.51198461030722
NT12,Controls,rh,5.0,pos,24.040289423494688
NT12,Controls,rh,10.0,pos,23.83071806175283
NT12,Controls,rh,2.5,prculs-d,2.0677979829993474
NT12,Controls,rh,5.0,prculs-d,1.2987674824452815
NT12,Controls,rh,10.0,prculs-d,0.5409595854370752
NT13,Controls,lh,2.5,prcus-p,4.534341137462041
NT13,Controls,lh,5.0,prcus-p,1.0233631037308146
NT13,Controls,lh,10.0,prcus-p,1.612899961460622
NT13,Controls,lh,2.5,prcus-i,24.310896640701756
NT13,Controls,lh,5.0,prcus-i,26.93868480869217
NT13,Controls,lh,10.0,prcus-i,27.528221666421977
NT13,Controls,lh,2.5,prcus-a,51.0689833659672
NT13,Controls,lh,5.0,prcus-a,53.191499537432094
NT13,Controls,lh,10.0,prcus-a,53.930808467374945
NT13,Controls,lh,2.5,mcgs,81.57646250448681
NT13,Controls,lh,5.0,mcgs,86.69190359492131
NT13,Controls,lh,10.0,mcgs,86.43187738291815
NT13,Controls,lh,2.5,pos,35.75101315984418
NT13,Controls,lh,5.0,pos,34.22243611763131
NT13,Controls,lh,10.0,pos,33.226073944867785
NT13,Controls,lh,2.5,prculs-d,37.06677452892046
NT13,Controls,lh,5.0,prculs-d,33.30812385421601
NT13,Controls,lh,10.0,prculs-d,32.804785855815474
NT13,Controls,rh,2.5,prcus-p,22.061435526134197
NT13,Controls,rh,5.0,prcus-p,21.970698850674765
NT13,Controls,rh,10.0,prcus-p,23.25321672054999
NT13,Controls,rh,2.5,prcus-i,25.704010877948143
NT13,Controls,rh,5.0,prcus-i,24.60323482567327
NT13,Controls,rh,10.0,prcus-i,21.282028205551747
NT13,Controls,rh,2.5,prcus-a,42.62682507062102
NT13,Controls,rh,5.0,prcus-a,41.94726083938437
NT13,Controls,rh,10.0,prcus-a,39.708456710596934
NT13,Controls,rh,2.5,mcgs,58.454763518449035
NT13,Controls,rh,5.0,mcgs,57.832715513670834
NT13,Controls,rh,10.0,mcgs,55.5939113848834
NT13,Controls,rh,2.5,pos,49.998297060193416
NT13,Controls,rh,5.0,pos,49.93161397768954
NT13,Controls,rh,10.0,pos,52.84390625652911
NT13,Controls,rh,2.5,prculs-d,30.20625986669164
NT13,Controls,rh,5.0,prculs-d,30.139576784187756
NT13,Controls,rh,10.0,prculs-d,32.544696825618246
DP11,DPs,lh,2.5,prcus-p,5.582252758603429
DP11,DPs,lh,5.0,prcus-p,3.9638944124650344
DP11,DPs,lh,10.0,prcus-p,2.4326758915347693
DP11,DPs,lh,2.5,prcus-i,17.274655875687227
DP11,DPs,lh,5.0,prcus-i,18.407585767379945
DP11,DPs,lh,10.0,prcus-i,21.7782995287298
DP11,DPs,lh,2.5,prcus-a,28.562250701832415
DP11,DPs,lh,5.0,prcus-a,28.27088127855691
DP11,DPs,lh,10.0,prcus-a,25.11209646468552
DP11,DPs,lh,2.5,mcgs,58.795785592622885
DP11,DPs,lh,5.0,mcgs,58.50441616934738
DP11,DPs,lh,10.0,mcgs,55.34563135547599
DP11,DPs,lh,2.5,pos,22.150009926054228
DP11,DPs,lh,5.0,pos,22.38795487710696
DP11,DPs,lh,10.0,pos,28.087441027936137
DP11,DPs,lh,2.5,prculs-d,25.94981407383547
DP11,DPs,lh,5.0,prculs-d,26.997361931392778
DP11,DPs,lh,10.0,prculs-d,33.09501433659548
DP11,DPs,rh,2.5,prcus-p,8.796800133906602
DP11,DPs,rh,5.0,prcus-p,5.106286492234002
DP11,DPs,rh,10.0,prcus-p,3.5102976198738745
DP11,DPs,rh,2.5,prcus-i,23.5375716871504
DP11,DPs,rh,5.0,prcus-i,19.672912323194257
DP11,DPs,rh,10.0,prcus-i,18.370119172297
DP11,DPs,rh,2.5,prcus-a,23.618519043072617
DP11,DPs,rh,5.0,prcus-a,23.80794790672125
DP11,DPs,rh,10.0,prcus-a,21.820989313216465
DP11,DPs,rh,2.5,mcgs,57.3474721166536
DP11,DPs,rh,5.0,mcgs,58.16445336318469
DP11,DPs,rh,10.0,mcgs,56.1774947696799
DP11,DPs,rh,2.5,pos,26.237197492467743
DP11,DPs,rh,5.0,pos,23.463985097952012
DP11,DPs,rh,10.0,pos,25.406550311356924
DP11,DPs,rh,2.5,prculs-d,30.991285721243404
DP11,DPs,rh,5.0,prculs-d,26.554256304203
DP11,DPs,rh,10.0,prculs-d,26.056835157625557
NT14,Controls,lh,2.5,prcus-p,4.886012517900953
NT14,Controls,lh,5.0,prcus-p,3.8213292911159185
NT14,Controls,lh,10.0,prcus-p,3.8213292911159185
NT14,Controls,lh,2.5,prcus-i,11.740156834236
NT14,Controls,lh,5.0,prcus-i,14.83084385437998
NT14,Controls,lh,10.0,prcus-i,14.83084385437998
NT14,Controls,lh,2.5,prcus-a,45.85507850281162
NT14,Controls,lh,5.0,prcus-a,48.1643296328797
NT14,Controls,lh,10.0,prcus-a,48.1643296328797
NT14,Controls,lh,2.5,mcgs,58.441343952382375
NT14,Controls,lh,5.0,mcgs,60.75059508245046
NT14,Controls,lh,10.0,mcgs,60.75059508245046
NT14,Controls,lh,2.5,pos,33.095636471726685
NT14,Controls,lh,5.0,pos,30.325489390725014
NT14,Controls,lh,10.0,pos,30.325489390725014
NT14,Controls,lh,2.5,prculs-d,21.67695081001124
NT14,Controls,lh,5.0,prculs-d,18.906803729009564
NT14,Controls,lh,10.0,prculs-d,18.906803729009564
NT14,Controls,rh,2.5,prcus-p,45.46318827151568
NT14,Controls,rh,5.0,prcus-p,45.106126290583376
NT14,Controls,rh,10.0,prcus-p,44.47119405186667
NT14,Controls,rh,2.5,prcus-i,23.7371485288179
NT14,Controls,rh,5.0,prcus-i,22.883835252035823
NT14,Controls,rh,10.0,prcus-i,23.581221317453497
NT14,Controls,rh,2.5,prcus-a,29.82710987539417
NT14,Controls,rh,5.0,prcus-a,28.567111491995036
NT14,Controls,rh,10.0,prcus-a,35.24126972970454
NT14,Controls,rh,2.5,mcgs,20.890532938437364
NT14,Controls,rh,5.0,mcgs,20.01341976911006
NT14,Controls,rh,10.0,mcgs,26.919816945670817
NT14,Controls,rh,2.5,pos,70.63243840996952
NT14,Controls,rh,5.0,pos,70.54383130014527
NT14,Controls,rh,10.0,pos,66.39230580102416
NT14,Controls,rh,2.5,prculs-d,62.998483594609176
NT14,Controls,rh,5.0,prculs-d,62.71369228856067
NT14,Controls,rh,10.0,prculs-d,60.91557604503687
DP12,DPs,lh,2.5,prcus-p,7.596610907598852
DP12,DPs,lh,5.0,prcus-p,11.895215620940611
DP12,DPs,lh,10.0,prcus-p,13.26608882605582
DP12,DPs,lh,2.5,prcus-i,25.48274783991775
DP12,DPs,lh,5.0,prcus-i,26.97549781138588
DP12,DPs,lh,10.0,prcus-i,25.00033637438248
DP12,DPs,lh,2.5,prcus-a,40.62814744635029
DP12,DPs,lh,5.0,prcus-a,44.06797828905141
DP12,DPs,lh,10.0,prcus-a,44.49498509645001
DP12,DPs,lh,2.5,mcgs,66.41385406462919
DP12,DPs,lh,5.0,mcgs,68.1678952679656
DP12,DPs,lh,10.0,mcgs,66.19273383096221
DP12,DPs,lh,2.5,pos,36.160948587370854
DP12,DPs,lh,5.0,pos,32.68723191489261
DP12,DPs,lh,10.0,pos,32.7450414856906
DP12,DPs,lh,2.5,prculs-d,22.050237352522732
DP12,DPs,lh,5.0,prculs-d,19.51140442811586
DP12,DPs,lh,10.0,prculs-d,21.02042644106291
DP12,DPs,rh,2.5,prcus-p,8.964513183518651
DP12,DPs,rh,5.0,prcus-p,9.357142132347423
DP12,DPs,rh,10.0,prcus-p,10.33241402888647
DP12,DPs,rh,2.5,prcus-i,18.91935435920393
DP12,DPs,rh,5.0,prcus-i,19.73135072473029
DP12,DPs,rh,10.0,prcus-i,20.379320277670445
DP12,DPs,rh,2.5,prcus-a,41.793020448261835
DP12,DPs,rh,5.0,prcus-a,40.84266213457053
DP12,DPs,rh,10.0,prcus-a,40.43120455226794
DP12,DPs,rh,2.5,mcgs,50.96925243512384
DP12,DPs,rh,5.0,mcgs,50.01889412143253
DP12,DPs,rh,10.0,mcgs,49.60743653912995
DP12,DPs,rh,2.5,pos,36.74558153598566
DP12,DPs,rh,5.0,pos,37.29000083302983
DP12,DPs,rh,10.0,pos,38.26527272956888
DP12,DPs,rh,2.5,prculs-d,26.33827363212977
DP12,DPs,rh,5.0,prculs-d,26.745352899208992
DP12,DPs,rh,10.0,prculs-d,27.530038312879206
NT3,Controls,lh,2.5,prcus-p,17.574957365050114
NT3,Controls,lh,5.0,prcus-p,18.128142916424384
NT3,Controls,lh,10.0,prcus-p,18.909099781079785
NT3,Controls,lh,2.5,prcus-i,21.12229140345875
NT3,Controls,lh,5.0,prcus-i,21.299777339520706
NT3,Controls,lh,10.0,prcus-i,22.409237701070808
NT3,Controls,lh,2.5,prcus-a,39.13706641743062
NT3,Controls,lh,5.0,prcus-a,38.466111138425056
NT3,Controls,lh,10.0,prcus-a,39.81973632511004
NT3,Controls,lh,2.5,mcgs,52.67649587634503
NT3,Controls,lh,5.0,mcgs,52.85398181240698
NT3,Controls,lh,10.0,mcgs,53.96344217395709
NT3,Controls,lh,2.5,pos,19.496991996352357
NT3,Controls,lh,5.0,pos,20.942351355446423
NT3,Controls,lh,10.0,pos,19.588726168761443
NT3,Controls,lh,2.5,prculs-d,7.077554518945094
NT3,Controls,lh,5.0,prculs-d,6.621916342569987
NT3,Controls,lh,10.0,prculs-d,5.743412102915425
NT3,Controls,rh,2.5,prcus-p,25.80508522131005
NT3,Controls,rh,5.0,prcus-p,25.878336358408017
NT3,Controls,rh,10.0,prcus-p,24.68757394583395
NT3,Controls,rh,2.5,prcus-i,51.41980127881152
NT3,Controls,rh,5.0,prcus-i,51.49305241590949
NT3,Controls,rh,10.0,prcus-i,49.10201009248351
NT3,Controls,rh,2.5,prcus-a,42.34091905452802
NT3,Controls,rh,5.0,prcus-a,42.414170191625985
NT3,Controls,rh,10.0,prcus-a,40.22183799942695
NT3,Controls,rh,2.5,mcgs,63.2774079667747
NT3,Controls,rh,5.0,mcgs,63.35065910387267
NT3,Controls,rh,10.0,mcgs,61.15832691167365
NT3,Controls,rh,2.5,pos,14.725813478519886
NT3,Controls,rh,5.0,pos,15.880796581598192
NT3,Controls,rh,10.0,pos,21.424688226334755
NT3,Controls,rh,2.5,prculs-d,16.742610014924413
NT3,Controls,rh,5.0,prculs-d,15.46206245321324
NT3,Controls,rh,10.0,prculs-d,12.658996860437291
NT16,Controls,lh,2.5,prcus-p,10.41816130038852
NT16,Controls,lh,5.0,prcus-p,10.008322543465692
NT16,Controls,lh,10.0,prcus-p,16.41805022182707
NT16,Controls,lh,2.5,prcus-i,17.197874295111866
NT16,Controls,lh,5.0,prcus-i,18.26563287006409
NT16,Controls,lh,10.0,prcus-i,9.76177595972576
NT16,Controls,lh,2.5,prcus-a,30.195023694412026
NT16,Controls,lh,5.0,prcus-a,31.262782269364244
NT16,Controls,lh,10.0,prcus-a,22.76594886433231
NT16,Controls,lh,2.5,mcgs,43.0394425866309
NT16,Controls,lh,5.0,mcgs,44.10720116158312
NT16,Controls,lh,10.0,mcgs,35.66520723229852
NT16,Controls,lh,2.5,pos,58.56720309167376
NT16,Controls,lh,5.0,pos,57.84006423541631
NT16,Controls,lh,10.0,pos,65.63490865637553
NT16,Controls,lh,2.5,prculs-d,48.54855054782669
NT16,Controls,lh,5.0,prculs-d,47.82141169156923
NT16,Controls,lh,10.0,prculs-d,55.53641997512917
NT16,Controls,rh,2.5,prcus-p,14.486564049476634
NT16,Controls,rh,5.0,prcus-p,13.890103321180748
NT16,Controls,rh,10.0,prcus-p,12.6708392969264
NT16,Controls,rh,2.5,prcus-i,6.2933894132429
NT16,Controls,rh,5.0,prcus-i,5.76816137938943
NT16,Controls,rh,10.0,prcus-i,3.953951062135917
NT16,Controls,rh,2.5,prcus-a,24.347334698704053
NT16,Controls,rh,5.0,prcus-a,24.54113341315265
NT16,Controls,rh,10.0,prcus-a,24.47636612948245
NT16,Controls,rh,2.5,mcgs,53.943425449110194
NT16,Controls,rh,5.0,mcgs,54.1372241635588
NT16,Controls,rh,10.0,mcgs,54.0794025539491
NT16,Controls,rh,2.5,pos,38.41942069531418
NT16,Controls,rh,5.0,pos,38.45075204730228
NT16,Controls,rh,10.0,pos,38.61427708678399
NT16,Controls,rh,2.5,prculs-d,43.862464785299935
NT16,Controls,rh,5.0,prculs-d,44.3500769783578
NT16,Controls,rh,10.0,prculs-d,45.36305554856702
NT17,Controls,lh,2.5,prcus-p,8.950051637149762
NT17,Controls,lh,5.0,prcus-p,4.751830017592042
NT17,Controls,lh,10.0,prcus-p,3.7269064285161466
NT17,Controls,lh,2.5,prcus-i,24.875918180462424
NT17,Controls,lh,5.0,prcus-i,20.115409123463383
NT17,Controls,lh,10.0,prcus-i,19.685069968672853
NT17,Controls,lh,2.5,prcus-a,21.982792040987945
NT17,Controls,lh,5.0,prcus-a,19.939879245530193
NT17,Controls,lh,10.0,prcus-a,21.201952931624376
NT17,Controls,lh,2.5,mcgs,44.812571472830015
NT17,Controls,lh,5.0,mcgs,43.73814789748579
NT17,Controls,lh,10.0,mcgs,45.00022158357997
NT17,Controls,lh,2.5,pos,37.13534019184262
NT17,Controls,lh,5.0,pos,35.99652763464911
NT17,Controls,lh,10.0,pos,34.73445394855493
NT17,Controls,lh,2.5,prculs-d,28.06986512270042
NT17,Controls,lh,5.0,prculs-d,26.403050113011226
NT17,Controls,lh,10.0,prculs-d,25.14097642691704
NT17,Controls,rh,2.5,prcus-p,18.536167345522145
NT17,Controls,rh,5.0,prcus-p,18.536167345522145
NT17,Controls,rh,10.0,prcus-p,19.43514096695816
NT17,Controls,rh,2.5,prcus-i,36.539601809584546
NT17,Controls,rh,5.0,prcus-i,36.539601809584546
NT17,Controls,rh,10.0,prcus-i,37.43857543102056
NT17,Controls,rh,2.5,prcus-a,40.391507038912046
NT17,Controls,rh,5.0,prcus-a,40.391507038912046
NT17,Controls,rh,10.0,prcus-a,41.29048066034806
NT17,Controls,rh,2.5,mcgs,55.46914263565518
NT17,Controls,rh,5.0,mcgs,55.46914263565518
NT17,Controls,rh,10.0,mcgs,56.368116257091195
NT17,Controls,rh,2.5,pos,21.229538427795003
NT17,Controls,rh,5.0,pos,21.229538427795003
NT17,Controls,rh,10.0,pos,20.33056480635899
NT17,Controls,rh,2.5,prculs-d,26.686138781551033
NT17,Controls,rh,5.0,prculs-d,26.686138781551033
NT17,Controls,rh,10.0,prculs-d,26.619331177361893
DP13,DPs,lh,2.5,prcus-p,13.101107600861123
DP13,DPs,lh,5.0,prcus-p,17.789740091970657
DP13,DPs,lh,10.0,prcus-p,6.055615044831249
DP13,DPs,lh,2.5,prcus-i,30.78055053770629
DP13,DPs,lh,5.0,prcus-i,31.161043029570905
DP13,DPs,lh,10.0,prcus-i,27.500269775405272
DP13,DPs,lh,2.5,prcus-a,44.90342414382224
DP13,DPs,lh,5.0,prcus-a,25.59345215414958
DP13,DPs,lh,10.0,prcus-a,30.29617206056888
DP13,DPs,lh,2.5,mcgs,69.40351876952059
DP13,DPs,lh,5.0,mcgs,54.68726904718694
DP13,DPs,lh,10.0,mcgs,59.65899879119596
DP13,DPs,lh,2.5,pos,41.750823916222494
DP13,DPs,lh,5.0,pos,45.18769816469798
DP13,DPs,lh,10.0,pos,39.309649283438205
DP13,DPs,lh,2.5,prculs-d,25.580399688371255
DP13,DPs,lh,5.0,prculs-d,24.087627083988284
DP13,DPs,lh,10.0,prculs-d,18.57575761706668
DP13,DPs,rh,2.5,prcus-p,17.374853174090006
DP13,DPs,rh,5.0,prcus-p,15.649015432546824
DP13,DPs,rh,10.0,prcus-p,12.007651855891474
DP13,DPs,rh,2.5,prcus-i,31.667316401833403
DP13,DPs,rh,5.0,prcus-i,30.38307558588456
DP13,DPs,rh,10.0,prcus-i,26.741712009229207
DP13,DPs,rh,2.5,prcus-a,40.27234545037532
DP13,DPs,rh,5.0,prcus-a,39.974345377492305
DP13,DPs,rh,10.0,prcus-a,39.418856519982754
DP13,DPs,rh,2.5,mcgs,63.40437864047155
DP13,DPs,rh,5.0,mcgs,63.00746995938381
DP13,DPs,rh,10.0,mcgs,60.89896845799559
DP13,DPs,rh,2.5,pos,22.393392781893017
DP13,DPs,rh,5.0,pos,24.6068580043244
DP13,DPs,rh,10.0,pos,27.45805211865051
DP13,DPs,rh,2.5,prculs-d,25.63077985981121
DP13,DPs,rh,5.0,prculs-d,26.257881350975907
DP13,DPs,rh,10.0,prculs-d,29.63107620477145
NT18,Controls,lh,2.5,prcus-p,17.124699573048197
NT18,Controls,lh,5.0,prcus-p,12.055269958436243
NT18,Controls,lh,10.0,prcus-p,10.918431123949514
NT18,Controls,lh,2.5,prcus-i,31.971985342501256
NT18,Controls,lh,5.0,prcus-i,32.35307811425083
NT18,Controls,lh,10.0,prcus-i,31.438921893733895
NT18,Controls,lh,2.5,prcus-a,45.62717067577697
NT18,Controls,lh,5.0,prcus-a,46.58445903872415
NT18,Controls,lh,10.0,prcus-a,45.67030281820722
NT18,Controls,lh,2.5,mcgs,73.02232279671182
NT18,Controls,lh,5.0,mcgs,73.97961115965899
NT18,Controls,lh,10.0,mcgs,73.06545493914207
NT18,Controls,lh,2.5,pos,24.01292950678907
NT18,Controls,lh,5.0,pos,24.873444801043213
NT18,Controls,lh,10.0,pos,25.34695722592712
NT18,Controls,lh,2.5,prculs-d,23.28923096316305
NT18,Controls,lh,5.0,prculs-d,18.255295386336066
NT18,Controls,lh,10.0,prculs-d,18.72880781121997
NT18,Controls,rh,2.5,prcus-p,13.91724890836299
NT18,Controls,rh,5.0,prcus-p,18.75097243166366
NT18,Controls,rh,10.0,prcus-p,6.802038435238654
NT18,Controls,rh,2.5,prcus-i,28.231226806881168
NT18,Controls,rh,5.0,prcus-i,38.371430768672454
NT18,Controls,rh,10.0,prcus-i,27.081905511431984
NT18,Controls,rh,2.5,prcus-a,30.853066521667024
NT18,Controls,rh,5.0,prcus-a,37.760645526564176
NT18,Controls,rh,10.0,prcus-a,25.649658090076883
NT18,Controls,rh,2.5,mcgs,46.20991639443564
NT18,Controls,rh,5.0,mcgs,53.01702852745611
NT18,Controls,rh,10.0,mcgs,40.906041090968834
NT18,Controls,rh,2.5,pos,59.37466393089757
NT18,Controls,rh,5.0,pos,50.0149878390537
NT18,Controls,rh,10.0,pos,56.233375164139005
NT18,Controls,rh,2.5,prculs-d,18.967869744062497
NT18,Controls,rh,5.0,prculs-d,11.736952579225562
NT18,Controls,rh,10.0,prculs-d,24.264744015186483
DP14,DPs,lh,2.5,prcus-p,26.754530507510204
DP14,DPs,lh,5.0,prcus-p,26.314000992223892
DP14,DPs,lh,10.0,prcus-p,23.820693270634475
DP14,DPs,lh,2.5,prcus-i,46.312870706316744
DP14,DPs,lh,5.0,prcus-i,45.87234119103043
DP14,DPs,lh,10.0,prcus-i,43.615577642894415
DP14,DPs,lh,2.5,prcus-a,52.62524885694622
DP14,DPs,lh,5.0,prcus-a,52.45626526830078
DP14,DPs,lh,10.0,prcus-a,48.380919103611554
DP14,DPs,lh,2.5,mcgs,72.38490470895123
DP14,DPs,lh,5.0,mcgs,72.21592112030584
DP14,DPs,lh,10.0,mcgs,68.14057495561659
DP14,DPs,lh,2.5,pos,17.985907888746013
DP14,DPs,lh,5.0,pos,18.847868026589612
DP14,DPs,lh,10.0,pos,18.466823831546673
DP14,DPs,lh,2.5,prculs-d,0.8889848647874414
DP14,DPs,lh,5.0,prculs-d,0.7087858732502431
DP14,DPs,lh,10.0,prculs-d,6.433134631623115
DP14,DPs,rh,2.5,prcus-p,23.476680751960103
DP14,DPs,rh,5.0,prcus-p,16.71210839618696
DP14,DPs,rh,10.0,prcus-p,16.25101255739713
DP14,DPs,rh,2.5,prcus-i,42.14260310916989
DP14,DPs,rh,5.0,prcus-i,31.468162135321194
DP14,DPs,rh,10.0,prcus-i,34.732136432093036
DP14,DPs,rh,2.5,prcus-a,29.360460770687784
DP14,DPs,rh,5.0,prcus-a,36.19929410921508
DP14,DPs,rh,10.0,prcus-a,35.4389768660843
DP14,DPs,rh,2.5,mcgs,54.98597688904885
DP14,DPs,rh,5.0,mcgs,55.91412790973136
DP14,DPs,rh,10.0,mcgs,55.94305717072124
DP14,DPs,rh,2.5,pos,53.9313044035818
DP14,DPs,rh,5.0,pos,52.180417211072225
DP14,DPs,rh,10.0,pos,48.74775182831127
DP14,DPs,rh,2.5,prculs-d,40.600632758539405
DP14,DPs,rh,5.0,prculs-d,26.24582176527346
DP14,DPs,rh,10.0,prculs-d,26.53550997162718
DP15,DPs,lh,2.5,prcus-p,34.78086581444617
DP15,DPs,lh,5.0,prcus-p,34.34903308449269
DP15,DPs,lh,10.0,prcus-p,25.356036363685
DP15,DPs,lh,2.5,prcus-i,31.419361959084817
DP15,DPs,lh,5.0,prcus-i,30.98752922913132
DP15,DPs,lh,10.0,prcus-i,21.994532508323637
DP15,DPs,lh,2.5,prcus-a,22.913848864171896
DP15,DPs,lh,5.0,prcus-a,22.543597942321572
DP15,DPs,lh,10.0,prcus-a,23.153310248923063
DP15,DPs,lh,2.5,mcgs,35.52323454311294
DP15,DPs,lh,5.0,mcgs,35.70565722151498
DP15,DPs,lh,10.0,mcgs,37.53780752459048
DP15,DPs,lh,2.5,pos,40.20601794323379
DP15,DPs,lh,5.0,pos,40.328817520574745
DP15,DPs,lh,10.0,pos,36.89505184246937
DP15,DPs,lh,2.5,prculs-d,54.22527342663113
DP15,DPs,lh,5.0,prculs-d,53.79344069667764
DP15,DPs,lh,10.0,prculs-d,44.80044397586997
DP15,DPs,rh,2.5,prcus-p,10.704227238898302
DP15,DPs,rh,5.0,prcus-p,9.53592367818822
DP15,DPs,rh,10.0,prcus-p,18.987875671876
DP15,DPs,rh,2.5,prcus-i,24.74057116082255
DP15,DPs,rh,5.0,prcus-i,23.994587898306953
DP15,DPs,rh,10.0,prcus-i,26.620637087860988
DP15,DPs,rh,2.5,prcus-a,30.216981333008125
DP15,DPs,rh,5.0,prcus-a,28.95610627044879
DP15,DPs,rh,10.0,prcus-a,40.19076201700773
DP15,DPs,rh,2.5,mcgs,47.03043777683323
DP15,DPs,rh,5.0,mcgs,45.7695627142739
DP15,DPs,rh,10.0,mcgs,57.11053999852243
DP15,DPs,rh,2.5,pos,40.578535187403126
DP15,DPs,rh,5.0,pos,41.76866994111294
DP15,DPs,rh,10.0,pos,30.940540699240316
DP15,DPs,rh,2.5,prculs-d,20.58673682369299
DP15,DPs,rh,5.0,prculs-d,21.551773412870563
DP15,DPs,rh,10.0,prculs-d,11.01773759987304
DP3,DPs,lh,2.5,prcus-p,5.745508075936026
DP3,DPs,lh,5.0,prcus-p,3.9589088134574233
DP3,DPs,lh,10.0,prcus-p,3.7031960468813145
DP3,DPs,lh,2.5,prcus-i,22.380834751825876
DP3,DPs,lh,5.0,prcus-i,23.893710308927176
DP3,DPs,lh,10.0,prcus-i,27.259820547471957
DP3,DPs,lh,2.5,prcus-a,21.829897049120547
DP3,DPs,lh,5.0,prcus-a,22.033230599622343
DP3,DPs,lh,10.0,prcus-a,22.42320022821397
DP3,DPs,lh,2.5,mcgs,46.81661115309893
DP3,DPs,lh,5.0,mcgs,46.6399603986646
DP3,DPs,lh,10.0,mcgs,43.300168667421254
DP3,DPs,lh,2.5,pos,32.52852971789595
DP3,DPs,lh,5.0,pos,33.13510844943745
DP3,DPs,lh,10.0,pos,37.023766519377325
DP3,DPs,lh,2.5,prculs-d,29.398388613410955
DP3,DPs,lh,5.0,prculs-d,30.55250171415012
DP3,DPs,lh,10.0,prculs-d,35.50493330704867
DP3,DPs,rh,2.5,prcus-p,5.21899164009509
DP3,DPs,rh,5.0,prcus-p,8.96662862963691
DP3,DPs,rh,10.0,prcus-p,7.393656391887026
DP3,DPs,rh,2.5,prcus-i,13.849075020703228
DP3,DPs,rh,5.0,prcus-i,12.60543719657276
DP3,DPs,rh,10.0,prcus-i,15.602468345004356
DP3,DPs,rh,2.5,prcus-a,25.32495047291844
DP3,DPs,rh,5.0,prcus-a,26.976030975472273
DP3,DPs,rh,10.0,prcus-a,28.86977438307152
DP3,DPs,rh,2.5,mcgs,34.25378461787968
DP3,DPs,rh,5.0,mcgs,36.48955683402502
DP3,DPs,rh,10.0,mcgs,38.383300241624255
DP3,DPs,rh,2.5,pos,31.824209432341323
DP3,DPs,rh,5.0,pos,29.26831437998964
DP3,DPs,rh,10.0,pos,27.78483733812891
DP3,DPs,rh,2.5,prculs-d,32.380653073312764
DP3,DPs,rh,5.0,prculs-d,27.8330423933908
DP3,DPs,rh,10.0,prculs-d,28.73495957291028
DP16,DPs,lh,2.5,prcus-p,14.700473084098594
DP16,DPs,lh,5.0,prcus-p,9.290912208930758
DP16,DPs,lh,10.0,prcus-p,5.6354142528665125
DP16,DPs,lh,2.5,prcus-i,30.51494287623527
DP16,DPs,lh,5.0,prcus-i,26.92667642164497
DP16,DPs,lh,10.0,prcus-i,23.351545182472787
DP16,DPs,lh,2.5,prcus-a,48.11991900090999
DP16,DPs,lh,5.0,prcus-a,42.95647401159902
DP16,DPs,lh,10.0,prcus-a,38.27823935013882
DP16,DPs,lh,2.5,mcgs,56.38087890255318
DP16,DPs,lh,5.0,mcgs,51.439143523630726
DP16,DPs,lh,10.0,mcgs,46.76090886217053
DP16,DPs,lh,2.5,pos,20.841699632425858
DP16,DPs,lh,5.0,pos,24.194589067133364
DP16,DPs,lh,10.0,pos,28.481559923153316
DP16,DPs,lh,2.5,prculs-d,19.947564041111363
DP16,DPs,lh,5.0,prculs-d,26.743742435211963
DP16,DPs,lh,10.0,prculs-d,30.92966813988748
DP16,DPs,rh,2.5,prcus-p,9.450742448100778
DP16,DPs,rh,5.0,prcus-p,8.692392018845858
DP16,DPs,rh,10.0,prcus-p,6.8527219626125095
DP16,DPs,rh,2.5,prcus-i,27.53389673477324
DP16,DPs,rh,5.0,prcus-i,27.141485923909656
DP16,DPs,rh,10.0,prcus-i,22.96228592751947
DP16,DPs,rh,2.5,prcus-a,37.127485748250315
DP16,DPs,rh,5.0,prcus-a,36.735074937386734
DP16,DPs,rh,10.0,prcus-a,32.54826788963871
DP16,DPs,rh,2.5,mcgs,66.97044068882359
DP16,DPs,rh,5.0,mcgs,66.57802987795999
DP16,DPs,rh,10.0,mcgs,62.391222830211994
DP16,DPs,rh,2.5,pos,49.0596787194053
DP16,DPs,rh,5.0,pos,49.3700610953422
DP16,DPs,rh,10.0,pos,53.398431605586296
DP16,DPs,rh,2.5,prculs-d,29.966720820920788
DP16,DPs,rh,5.0,prculs-d,30.619020794130822
DP16,DPs,rh,10.0,prculs-d,34.12983861380456
NT19,Controls,lh,2.5,prcus-p,6.146334353341887
NT19,Controls,lh,5.0,prcus-p,5.590623780756304
NT19,Controls,lh,10.0,prcus-p,9.288730300589544
NT19,Controls,lh,2.5,prcus-i,17.258476458841837
NT19,Controls,lh,5.0,prcus-i,18.325611457303072
NT19,Controls,lh,10.0,prcus-i,13.664398038608422
NT19,Controls,lh,2.5,prcus-a,37.98853949734436
NT19,Controls,lh,5.0,prcus-a,39.0556744958056
NT19,Controls,lh,10.0,prcus-a,33.833778241940294
NT19,Controls,lh,2.5,mcgs,52.638037352489334
NT19,Controls,lh,5.0,mcgs,53.67748689483615
NT19,Controls,lh,10.0,mcgs,49.22765536568038
NT19,Controls,lh,2.5,pos,42.62843901286062
NT19,Controls,lh,5.0,pos,41.75042499407092
NT19,Controls,lh,10.0,pos,47.29553041781566
NT19,Controls,lh,2.5,prculs-d,25.88558868822768
NT19,Controls,lh,5.0,prculs-d,25.66605679731144
NT19,Controls,lh,10.0,prculs-d,29.256471138622324
NT19,Controls,rh,2.5,prcus-p,15.864421031099228
NT19,Controls,rh,5.0,prcus-p,23.520464519405916
NT19,Controls,rh,10.0,prcus-p,12.19156771473521
NT19,Controls,rh,2.5,prcus-i,5.270954347531038
NT19,Controls,rh,5.0,prcus-i,9.47814402110171
NT19,Controls,rh,10.0,prcus-i,3.8277850012988153
NT19,Controls,rh,2.5,prcus-a,27.412542976634654
NT19,Controls,rh,5.0,prcus-a,18.14115563941813
NT19,Controls,rh,10.0,prcus-a,28.584428052938858
NT19,Controls,rh,2.5,mcgs,39.751505579740176
NT19,Controls,rh,5.0,mcgs,30.46864811950342
NT19,Controls,rh,10.0,mcgs,40.97420270924149
NT19,Controls,rh,2.5,pos,55.30124409311959
NT19,Controls,rh,5.0,pos,64.56442956007233
NT19,Controls,rh,10.0,pos,53.52250381202831
NT19,Controls,rh,2.5,prculs-d,29.315840180346186
NT19,Controls,rh,5.0,prculs-d,36.206189656670205
NT19,Controls,rh,10.0,prculs-d,29.076443977041965
DP17,DPs,lh,2.5,prcus-p,38.14807748346648
DP17,DPs,lh,5.0,prcus-p,32.51187784758303
DP17,DPs,lh,10.0,prcus-p,22.93208574299201
DP17,DPs,lh,2.5,prcus-i,38.7544541644447
DP17,DPs,lh,5.0,prcus-i,35.03604504025155
DP17,DPs,lh,10.0,prcus-i,27.725651658212627
DP17,DPs,lh,2.5,prcus-a,27.38637738464903
DP17,DPs,lh,5.0,prcus-a,25.18598645321716
DP17,DPs,lh,10.0,prcus-a,28.4038540128838
DP17,DPs,lh,2.5,mcgs,54.920311317860055
DP17,DPs,lh,5.0,mcgs,54.812691346603806
DP17,DPs,lh,10.0,mcgs,60.56535995459665
DP17,DPs,lh,2.5,pos,53.114402034039095
DP17,DPs,lh,5.0,pos,48.11808547279574
DP17,DPs,lh,10.0,pos,40.83901084027572
DP17,DPs,lh,2.5,prculs-d,49.13160490973705
DP17,DPs,lh,5.0,prculs-d,43.8439451837173
DP17,DPs,lh,10.0,prculs-d,32.75545214984724
DP17,DPs,rh,2.5,prcus-p,21.94275174119184
DP17,DPs,rh,5.0,prcus-p,21.94275174119184
DP17,DPs,rh,10.0,prcus-p,13.30951767067518
DP17,DPs,rh,2.5,prcus-i,19.773074217148476
DP17,DPs,rh,5.0,prcus-i,19.773074217148476
DP17,DPs,rh,10.0,prcus-i,21.694954694555825
DP17,DPs,rh,2.5,prcus-a,6.950709514557784
DP17,DPs,rh,5.0,prcus-a,6.950709514557784
DP17,DPs,rh,10.0,prcus-a,37.51042351754223
DP17,DPs,rh,2.5,mcgs,40.830199238970195
DP17,DPs,rh,5.0,mcgs,40.830199238970195
DP17,DPs,rh,10.0,mcgs,59.13898895897777
DP17,DPs,rh,2.5,pos,43.3198571429177
DP17,DPs,rh,5.0,pos,43.3198571429177
DP17,DPs,rh,10.0,pos,38.664000286442544
DP17,DPs,rh,2.5,prculs-d,38.63951624717473
DP17,DPs,rh,5.0,prculs-d,38.63951624717473
DP17,DPs,rh,10.0,prculs-d,24.690211464345072
DP18,DPs,lh,2.5,prcus-p,15.92076089285051
DP18,DPs,lh,5.0,prcus-p,36.06626746483958
DP18,DPs,lh,10.0,prcus-p,36.01014271052126
DP18,DPs,lh,2.5,prcus-i,22.159867296894262
DP18,DPs,lh,5.0,prcus-i,14.37059108598458
DP18,DPs,lh,10.0,prcus-i,13.315550506045652
DP18,DPs,lh,2.5,prcus-a,40.952093364989686
DP18,DPs,lh,5.0,prcus-a,9.857885810279267
DP18,DPs,lh,10.0,prcus-a,8.468473300986908
DP18,DPs,lh,2.5,mcgs,68.75015123131952
DP18,DPs,lh,5.0,mcgs,35.246022145985265
DP18,DPs,lh,10.0,mcgs,35.0355420871148
DP18,DPs,lh,2.5,pos,28.910815641699184
DP18,DPs,lh,5.0,pos,54.36389435195649
DP18,DPs,lh,10.0,pos,54.31483622733275
DP18,DPs,lh,2.5,prculs-d,26.93809022782784
DP18,DPs,lh,5.0,prculs-d,45.05177119584525
DP18,DPs,lh,10.0,prculs-d,45.01459513612883
DP18,DPs,rh,2.5,prcus-p,10.645248189627996
DP18,DPs,rh,5.0,prcus-p,9.57157319324972
DP18,DPs,rh,10.0,prcus-p,8.798583017488822
DP18,DPs,rh,2.5,prcus-i,42.236016135047194
DP18,DPs,rh,5.0,prcus-i,40.72698003349566
DP18,DPs,rh,10.0,prcus-i,39.95398985773476
DP18,DPs,rh,2.5,prcus-a,27.39119229195896
DP18,DPs,rh,5.0,prcus-a,25.094436762899186
DP18,DPs,rh,10.0,prcus-a,24.616505522220436
DP18,DPs,rh,2.5,mcgs,50.5094800286134
DP18,DPs,rh,5.0,mcgs,48.88254621146386
DP18,DPs,rh,10.0,mcgs,48.109556035702965
DP18,DPs,rh,2.5,pos,20.465046254708735
DP18,DPs,rh,5.0,pos,22.21017464701072
DP18,DPs,rh,10.0,pos,22.98316482277162
DP18,DPs,rh,2.5,prculs-d,24.761029275664704
DP18,DPs,rh,5.0,prculs-d,26.811776650096903
DP18,DPs,rh,10.0,prculs-d,27.006668921818186
DP19,DPs,lh,2.5,prcus-p,13.53062551450191
DP19,DPs,lh,5.0,prcus-p,12.87115550317008
DP19,DPs,lh,10.0,prcus-p,11.168761724707617
DP19,DPs,lh,2.5,prcus-i,26.495443359629153
DP19,DPs,lh,5.0,prcus-i,25.238954668888383
DP19,DPs,lh,10.0,prcus-i,23.18286933951992
DP19,DPs,lh,2.5,prcus-a,46.571991056493
DP19,DPs,lh,5.0,prcus-a,45.18728500680876
DP19,DPs,lh,10.0,prcus-a,43.1311996774403
DP19,DPs,lh,2.5,mcgs,60.135558721412394
DP19,DPs,lh,5.0,mcgs,58.750852671728154
DP19,DPs,lh,10.0,mcgs,56.6947673423597
DP19,DPs,lh,2.5,pos,46.015750149915235
DP19,DPs,lh,5.0,pos,46.99615532126443
DP19,DPs,lh,10.0,pos,49.05224065063289
DP19,DPs,lh,2.5,prculs-d,26.810506582425056
DP19,DPs,lh,5.0,prculs-d,27.77670683248463
DP19,DPs,lh,10.0,prculs-d,29.447197628608897
DP19,DPs,rh,2.5,prcus-p,30.95370781563188
DP19,DPs,rh,5.0,prcus-p,26.422588609795145
DP19,DPs,rh,10.0,prcus-p,27.77861828559504
DP19,DPs,rh,2.5,prcus-i,37.67192647079709
DP19,DPs,rh,5.0,prcus-i,35.32497071929753
DP19,DPs,rh,10.0,prcus-i,46.084038166090366
DP19,DPs,rh,2.5,prcus-a,50.17887061536524
DP19,DPs,rh,5.0,prcus-a,47.83191486386568
DP19,DPs,rh,10.0,prcus-a,58.12931072684833
DP19,DPs,rh,2.5,mcgs,58.41790772210317
DP19,DPs,rh,5.0,mcgs,58.01531537787618
DP19,DPs,rh,10.0,mcgs,70.87922614307949
DP19,DPs,rh,2.5,pos,55.7250467109799
DP19,DPs,rh,5.0,pos,58.221720397176085
DP19,DPs,rh,10.0,pos,50.15033555174718
DP19,DPs,rh,2.5,prculs-d,34.16511283621385
DP19,DPs,rh,5.0,prculs-d,29.073518387993776
DP19,DPs,rh,10.0,prculs-d,14.695650400203782
DP4,DPs,lh,2.5,prcus-p,40.25294265321616
DP4,DPs,lh,5.0,prcus-p,40.25294265321616
DP4,DPs,lh,10.0,prcus-p,15.724110762423212
DP4,DPs,lh,2.5,prcus-i,20.812411820025712
DP4,DPs,lh,5.0,prcus-i,20.812411820025712
DP4,DPs,lh,10.0,prcus-i,14.377225333135348
DP4,DPs,lh,2.5,prcus-a,33.08864422043965
DP4,DPs,lh,5.0,prcus-a,33.08864422043965
DP4,DPs,lh,10.0,prcus-a,26.952965142084196
DP4,DPs,lh,2.5,mcgs,55.39255955816655
DP4,DPs,lh,5.0,mcgs,55.39255955816655
DP4,DPs,lh,10.0,mcgs,54.071095844410344
DP4,DPs,lh,2.5,pos,26.866256714957455
DP4,DPs,lh,5.0,pos,26.866256714957455
DP4,DPs,lh,10.0,pos,27.971229259234008
DP4,DPs,lh,2.5,prculs-d,41.86884645039182
DP4,DPs,lh,5.0,prculs-d,41.86884645039182
DP4,DPs,lh,10.0,prculs-d,28.9141813864027
DP4,DPs,rh,2.5,prcus-p,8.153424423853835
DP4,DPs,rh,5.0,prcus-p,8.97283867528279
DP4,DPs,rh,10.0,prcus-p,7.5293103230353715
DP4,DPs,rh,2.5,prcus-i,23.83200144424011
DP4,DPs,rh,5.0,prcus-i,24.575933209864605
DP4,DPs,rh,10.0,prcus-i,23.296270034947824
DP4,DPs,rh,2.5,prcus-a,33.52241436610431
DP4,DPs,rh,5.0,prcus-a,34.34182861753326
DP4,DPs,rh,10.0,prcus-a,32.98668295681202
DP4,DPs,rh,2.5,mcgs,62.036478582612276
DP4,DPs,rh,5.0,mcgs,62.85589283404123
DP4,DPs,rh,10.0,mcgs,61.500747173319986
DP4,DPs,rh,2.5,pos,24.53095159127049
DP4,DPs,rh,5.0,pos,24.390820500504155
DP4,DPs,rh,10.0,pos,25.063590054763775
DP4,DPs,rh,2.5,prculs-d,16.889924767461128
DP4,DPs,rh,5.0,prculs-d,16.749793676694793
DP4,DPs,rh,10.0,prculs-d,17.103919429164183
NT20,Controls,lh,2.5,prcus-p,2.6586005158788852
NT20,Controls,lh,5.0,prcus-p,2.7732243591470502
NT20,Controls,lh,10.0,prcus-p,1.2506020094562953
NT20,Controls,lh,2.5,prcus-i,27.189409432972813
NT20,Controls,lh,5.0,prcus-i,28.206642548323604
NT20,Controls,lh,10.0,prcus-i,27.26272913287318
NT20,Controls,lh,2.5,prcus-a,45.441208129361215
NT20,Controls,lh,5.0,prcus-a,45.17090653711101
NT20,Controls,lh,10.0,prcus-a,42.41787843033459
NT20,Controls,lh,2.5,mcgs,61.11750905764132
NT20,Controls,lh,5.0,mcgs,60.847207465391094
NT20,Controls,lh,10.0,mcgs,58.09417935861468
NT20,Controls,lh,2.5,pos,25.187627960231268
NT20,Controls,lh,5.0,pos,24.933151164401025
NT20,Controls,lh,10.0,pos,27.617676478811457
NT20,Controls,lh,2.5,prculs-d,29.53422859938907
NT20,Controls,lh,5.0,prculs-d,30.35270022384618
NT20,Controls,lh,10.0,prculs-d,32.70604720124363
NT20,Controls,rh,2.5,prcus-p,27.96200132134408
NT20,Controls,rh,5.0,prcus-p,28.30212943121789
NT20,Controls,rh,10.0,prcus-p,29.745606440320906
NT20,Controls,rh,2.5,prcus-i,23.591964654006553
NT20,Controls,rh,5.0,prcus-i,22.598410046887924
NT20,Controls,rh,10.0,prcus-i,23.282512723027075
NT20,Controls,rh,2.5,prcus-a,24.894908264194704
NT20,Controls,rh,5.0,prcus-a,20.75457021280632
NT20,Controls,rh,10.0,prcus-a,19.05248205621907
NT20,Controls,rh,2.5,mcgs,29.22901235726628
NT20,Controls,rh,5.0,mcgs,27.291759866469
NT20,Controls,rh,10.0,mcgs,24.762709522712733
NT20,Controls,rh,2.5,pos,75.09788178065583
NT20,Controls,rh,5.0,pos,75.43800989052966
NT20,Controls,rh,10.0,pos,76.4895723397116
NT20,Controls,rh,2.5,prculs-d,59.06722677532517
NT20,Controls,rh,5.0,prculs-d,59.49444610015476
NT20,Controls,rh,10.0,prculs-d,61.02471425159771
NT1,Controls,lh,2.5,prcus-p,20.072241153433964
NT1,Controls,lh,5.0,prcus-p,19.36934198757396
NT1,Controls,lh,10.0,prcus-p,18.422334238043415
NT1,Controls,lh,2.5,prcus-i,2.695856027800704
NT1,Controls,lh,5.0,prcus-i,2.6890807354897777
NT1,Controls,lh,10.0,prcus-i,3.474623845579419
NT1,Controls,lh,2.5,prcus-a,9.103068390212243
NT1,Controls,lh,5.0,prcus-a,10.059038792283427
NT1,Controls,lh,10.0,prcus-a,11.006046541813973
NT1,Controls,lh,2.5,mcgs,32.61037947336964
NT1,Controls,lh,5.0,mcgs,33.56442804446749
NT1,Controls,lh,10.0,mcgs,34.51143579399804
NT1,Controls,lh,2.5,pos,55.93955383008906
NT1,Controls,lh,5.0,pos,55.49384944958182
NT1,Controls,lh,10.0,pos,54.546841700051274
NT1,Controls,lh,2.5,prculs-d,45.064523223490106
NT1,Controls,lh,5.0,prculs-d,44.61881884298287
NT1,Controls,lh,10.0,prculs-d,43.67181109345232
NT1,Controls,rh,2.5,prcus-p,25.209655299120804
NT1,Controls,rh,5.0,prcus-p,25.915852044662728
NT1,Controls,rh,10.0,prcus-p,25.915852044662728
NT1,Controls,rh,2.5,prcus-i,18.14769666018005
NT1,Controls,rh,5.0,prcus-i,17.939126292474704
NT1,Controls,rh,10.0,prcus-i,17.939126292474704
NT1,Controls,rh,2.5,prcus-a,39.28458289650845
NT1,Controls,rh,5.0,prcus-a,38.202520518919115
NT1,Controls,rh,10.0,prcus-a,38.202520518919115
NT1,Controls,rh,2.5,mcgs,62.7268279150608
NT1,Controls,rh,5.0,mcgs,61.64476553747147
NT1,Controls,rh,10.0,mcgs,61.64476553747147
NT1,Controls,rh,2.5,pos,29.958424727161923
NT1,Controls,rh,5.0,pos,31.04048710475125
NT1,Controls,rh,10.0,pos,31.04048710475125
NT1,Controls,rh,2.5,prculs-d,17.204939682559086
NT1,Controls,rh,5.0,prculs-d,18.287002060148417
NT1,Controls,rh,10.0,prculs-d,18.287002060148417
DP20,DPs,lh,2.5,prcus-p,1.4650959308858806
DP20,DPs,lh,5.0,prcus-p,3.4422202206355497
DP20,DPs,lh,10.0,prcus-p,5.256760841606475
DP20,DPs,lh,2.5,prcus-i,26.56528018879625
DP20,DPs,lh,5.0,prcus-i,27.778243456641437
DP20,DPs,lh,10.0,prcus-i,31.537212868797987
DP20,DPs,lh,2.5,prcus-a,24.926575611714668
DP20,DPs,lh,5.0,prcus-a,26.90369990146434
DP20,DPs,lh,10.0,prcus-a,26.302167064781685
DP20,DPs,lh,2.5,mcgs,46.696306574479706
DP20,DPs,lh,5.0,mcgs,48.52588418578341
DP20,DPs,lh,10.0,mcgs,47.28548905178449
DP20,DPs,lh,2.5,pos,44.846958582208735
DP20,DPs,lh,5.0,pos,42.86983429245907
DP20,DPs,lh,10.0,pos,43.803243525641506
DP20,DPs,lh,2.5,prculs-d,37.90145113904832
DP20,DPs,lh,5.0,prculs-d,37.43863067811392
DP20,DPs,lh,10.0,prculs-d,40.44562885243089
DP20,DPs,rh,2.5,prcus-p,26.55871876117672
DP20,DPs,rh,5.0,prcus-p,27.53972548337406
DP20,DPs,rh,10.0,prcus-p,27.12291058785214
DP20,DPs,rh,2.5,prcus-i,3.8876606799252222
DP20,DPs,rh,5.0,prcus-i,4.683487548537872
DP20,DPs,rh,10.0,prcus-i,4.979437139495836
DP20,DPs,rh,2.5,prcus-a,19.785152649413295
DP20,DPs,rh,5.0,prcus-a,20.219606060819533
DP20,DPs,rh,10.0,prcus-a,20.87692910898391
DP20,DPs,rh,2.5,mcgs,36.5585596639376
DP20,DPs,rh,5.0,mcgs,35.87786820086727
DP20,DPs,rh,10.0,mcgs,37.02872741189528
DP20,DPs,rh,2.5,pos,42.7534720732948
DP20,DPs,rh,5.0,pos,42.76312617048931
DP20,DPs,rh,10.0,pos,41.66169561372419
DP20,DPs,rh,2.5,prculs-d,43.47863663455899
DP20,DPs,rh,5.0,prculs-d,43.863000689961936
DP20,DPs,rh,10.0,prculs-d,42.71214147893392
NT21,Controls,lh,2.5,prcus-p,24.234261646055486
NT21,Controls,lh,5.0,prcus-p,25.033714300957136
NT21,Controls,lh,10.0,prcus-p,17.119283101789186
NT21,Controls,lh,2.5,prcus-i,8.626703811533254
NT21,Controls,lh,5.0,prcus-i,9.53152253520342
NT21,Controls,lh,10.0,prcus-i,4.12032933075317
NT21,Controls,lh,2.5,prcus-a,20.0220498164296
NT21,Controls,lh,5.0,prcus-a,17.27002627360983
NT21,Controls,lh,10.0,prcus-a,27.14191664955409
NT21,Controls,lh,2.5,mcgs,42.8586415044987
NT21,Controls,lh,5.0,mcgs,40.28524987960234
NT21,Controls,lh,10.0,mcgs,50.215623550278245
NT21,Controls,lh,2.5,pos,44.050195802435184
NT21,Controls,lh,5.0,pos,46.96004669042398
NT21,Controls,lh,10.0,pos,37.91310086857764
NT21,Controls,lh,2.5,prculs-d,24.888345011316986
NT21,Controls,lh,5.0,prculs-d,27.798195899305775
NT21,Controls,lh,10.0,prculs-d,19.004929267034523
NT21,Controls,rh,2.5,prcus-p,9.426015204315163
NT21,Controls,rh,5.0,prcus-p,6.468627844229989
NT21,Controls,rh,10.0,prcus-p,5.241570063449469
NT21,Controls,rh,2.5,prcus-i,26.93442713986555
NT21,Controls,rh,5.0,prcus-i,23.977039779780373
NT21,Controls,rh,10.0,prcus-i,22.749981998999857
NT21,Controls,rh,2.5,prcus-a,39.364078068620664
NT21,Controls,rh,5.0,prcus-a,36.4066907085355
NT21,Controls,rh,10.0,prcus-a,34.903736599566066
NT21,Controls,rh,2.5,mcgs,60.95737943335906
NT21,Controls,rh,5.0,mcgs,58.0468749361336
NT21,Controls,rh,10.0,mcgs,56.312523287251
NT21,Controls,rh,2.5,pos,27.04911980323353
NT21,Controls,rh,5.0,pos,29.445150195579338
NT21,Controls,rh,10.0,pos,31.39471366285185
NT21,Controls,rh,2.5,prculs-d,13.45548742567923
NT21,Controls,rh,5.0,prculs-d,16.437778991938636
NT21,Controls,rh,10.0,prculs-d,18.077584772561927
DP21,DPs,lh,2.5,prcus-p,33.513669086855955
DP21,DPs,lh,5.0,prcus-p,30.981866483965824
DP21,DPs,lh,10.0,prcus-p,24.712650647589403
DP21,DPs,lh,2.5,prcus-i,21.05729512976455
DP21,DPs,lh,5.0,prcus-i,18.6182763951666
DP21,DPs,lh,10.0,prcus-i,8.552145046903684
DP21,DPs,lh,2.5,prcus-a,45.15840663150079
DP21,DPs,lh,5.0,prcus-a,42.62660402861066
DP21,DPs,lh,10.0,prcus-a,33.255757102185115
DP21,DPs,lh,2.5,mcgs,70.53893265238078
DP21,DPs,lh,5.0,mcgs,68.00713004949064
DP21,DPs,lh,10.0,mcgs,58.61475877304262
DP21,DPs,lh,2.5,pos,20.561917046942707
DP21,DPs,lh,5.0,pos,20.235788762297965
DP21,DPs,lh,10.0,pos,25.48219848007845
DP21,DPs,lh,2.5,prculs-d,8.354740214096951
DP21,DPs,lh,5.0,prculs-d,6.305950778581973
DP21,DPs,lh,10.0,prculs-d,10.445087280743689
DP21,DPs,rh,2.5,prcus-p,22.18810172076512
DP21,DPs,rh,5.0,prcus-p,21.270770215557786
DP21,DPs,rh,10.0,prcus-p,20.926754030214017
DP21,DPs,rh,2.5,prcus-i,40.743337831454056
DP21,DPs,rh,5.0,prcus-i,39.82600632624672
DP21,DPs,rh,10.0,prcus-i,39.333153141177725
DP21,DPs,rh,2.5,prcus-a,53.032761130154555
DP21,DPs,rh,5.0,prcus-a,52.11542962494722
DP21,DPs,rh,10.0,prcus-a,51.91522274026505
DP21,DPs,rh,2.5,mcgs,72.28850291162735
DP21,DPs,rh,5.0,mcgs,71.37117140642002
DP21,DPs,rh,10.0,mcgs,71.18580999538153
DP21,DPs,rh,2.5,pos,34.22268005386363
DP21,DPs,rh,5.0,pos,34.74603566934264
DP21,DPs,rh,10.0,pos,35.91870192362004
DP21,DPs,rh,2.5,prculs-d,3.6498553819507378
DP21,DPs,rh,5.0,prculs-d,2.732523876743403
DP21,DPs,rh,10.0,prculs-d,4.375847525369043
DP22,DPs,lh,2.5,prcus-p,33.918239130112966
DP22,DPs,lh,5.0,prcus-p,32.75291355585048
DP22,DPs,lh,10.0,prcus-p,16.529707340082165
DP22,DPs,lh,2.5,prcus-i,19.377760251688052
DP22,DPs,lh,5.0,prcus-i,19.927835037488222
DP22,DPs,lh,10.0,prcus-i,10.823631170503372
DP22,DPs,lh,2.5,prcus-a,23.740659362952712
DP22,DPs,lh,5.0,prcus-a,25.01439181052557
DP22,DPs,lh,10.0,prcus-a,25.669911849114712
DP22,DPs,lh,2.5,mcgs,43.70918156774611
DP22,DPs,lh,5.0,mcgs,44.98291401531897
DP22,DPs,lh,10.0,mcgs,46.23726408585823
DP22,DPs,lh,2.5,pos,46.28072084972337
DP22,DPs,lh,5.0,pos,45.00698840215051
DP22,DPs,lh,10.0,pos,46.632987524675904
DP22,DPs,lh,2.5,prculs-d,43.70133784375185
DP22,DPs,lh,5.0,prculs-d,42.53601226948937
DP22,DPs,lh,10.0,prculs-d,34.30500711886628
DP22,DPs,rh,2.5,prcus-p,33.33988408765466
DP22,DPs,rh,5.0,prcus-p,27.34664346254324
DP22,DPs,rh,10.0,prcus-p,27.34664346254324
DP22,DPs,rh,2.5,prcus-i,20.151913962849527
DP22,DPs,rh,5.0,prcus-i,22.948080277032577
DP22,DPs,rh,10.0,prcus-i,22.948080277032577
DP22,DPs,rh,2.5,prcus-a,38.34992867182962
DP22,DPs,rh,5.0,prcus-a,45.25048311937593
DP22,DPs,rh,10.0,prcus-a,45.25048311937593
DP22,DPs,rh,2.5,mcgs,35.64534995885187
DP22,DPs,rh,5.0,mcgs,44.38501171682906
DP22,DPs,rh,10.0,mcgs,44.38501171682906
DP22,DPs,rh,2.5,pos,43.37798625296848
DP22,DPs,rh,5.0,pos,34.51068401171943
DP22,DPs,rh,10.0,pos,34.51068401171943
DP22,DPs,rh,2.5,prculs-d,20.511576528977496
DP22,DPs,rh,5.0,prculs-d,11.503754365463593
DP22,DPs,rh,10.0,prculs-d,11.503754365463593
DP23,DPs,lh,2.5,prcus-p,28.577918298381498
DP23,DPs,lh,5.0,prcus-p,21.415719752640346
DP23,DPs,lh,10.0,prcus-p,20.13887816046903
DP23,DPs,lh,2.5,prcus-i,18.520044733740782
DP23,DPs,lh,5.0,prcus-i,12.531804136238163
DP23,DPs,lh,10.0,prcus-i,5.9709712867786795
DP23,DPs,lh,2.5,prcus-a,16.407126832937244
DP23,DPs,lh,5.0,prcus-a,21.12260948005006
DP23,DPs,lh,10.0,prcus-a,19.24184220717048
DP23,DPs,lh,2.5,mcgs,32.71423004652195
DP23,DPs,lh,5.0,mcgs,38.21396568243692
DP23,DPs,lh,10.0,mcgs,35.72513986610953
DP23,DPs,lh,2.5,pos,41.459156527645995
DP23,DPs,lh,5.0,pos,35.02081018370042
DP23,DPs,lh,10.0,pos,34.86492313056047
DP23,DPs,lh,2.5,prculs-d,47.44755331788619
DP23,DPs,lh,5.0,prculs-d,40.28535477214505
DP23,DPs,lh,10.0,prculs-d,38.86673637304313
DP23,DPs,rh,2.5,prcus-p,19.51665087129765
DP23,DPs,rh,5.0,prcus-p,4.711868285897597
DP23,DPs,rh,10.0,prcus-p,4.711868285897597
DP23,DPs,rh,2.5,prcus-i,30.355905161288273
DP23,DPs,rh,5.0,prcus-i,17.744040440058026
DP23,DPs,rh,10.0,prcus-i,17.744040440058026
DP23,DPs,rh,2.5,prcus-a,39.56854576870075
DP23,DPs,rh,5.0,prcus-a,24.952332262057304
DP23,DPs,rh,10.0,prcus-a,24.952332262057304
DP23,DPs,rh,2.5,mcgs,64.96058674030996
DP23,DPs,rh,5.0,mcgs,50.70906251528965
DP23,DPs,rh,10.0,mcgs,50.70906251528965
DP23,DPs,rh,2.5,pos,23.0189111256305
DP23,DPs,rh,5.0,pos,36.849362511968486
DP23,DPs,rh,10.0,pos,36.849362511968486
DP23,DPs,rh,2.5,prculs-d,13.591844810691066
DP23,DPs,rh,5.0,prculs-d,17.89627573104197
DP23,DPs,rh,10.0,prculs-d,17.89627573104197
NT22,Controls,lh,2.5,prcus-p,20.015774024847513
NT22,Controls,lh,5.0,prcus-p,16.79844794709247
NT22,Controls,lh,10.0,prcus-p,15.03391092103884
NT22,Controls,lh,2.5,prcus-i,14.141402045256584
NT22,Controls,lh,5.0,prcus-i,8.268349711054634
NT22,Controls,lh,10.0,prcus-i,2.9295719845834243
NT22,Controls,lh,2.5,prcus-a,21.198964620224626
NT22,Controls,lh,5.0,prcus-a,16.260104686434964
NT22,Controls,lh,10.0,prcus-a,13.2150775648167
NT22,Controls,lh,2.5,mcgs,56.7062123739377
NT22,Controls,lh,5.0,mcgs,51.64986102923396
NT22,Controls,lh,10.0,mcgs,48.07829033370877
NT22,Controls,lh,2.5,pos,46.266539577660474
NT22,Controls,lh,5.0,pos,47.20563840120922
NT22,Controls,lh,10.0,pos,45.586601800311946
NT22,Controls,lh,2.5,prculs-d,45.28531807603445
NT22,Controls,lh,5.0,prculs-d,47.59450258963942
NT22,Controls,lh,10.0,prculs-d,50.21496479033867
NT22,Controls,rh,2.5,prcus-p,15.24603727802179
NT22,Controls,rh,5.0,prcus-p,15.24603727802179
NT22,Controls,rh,10.0,prcus-p,9.48703376749672
NT22,Controls,rh,2.5,prcus-i,27.303938627649913
NT22,Controls,rh,5.0,prcus-i,27.303938627649913
NT22,Controls,rh,10.0,prcus-i,21.7956966323296
NT22,Controls,rh,2.5,prcus-a,28.86712406599539
NT22,Controls,rh,5.0,prcus-a,28.86712406599539
NT22,Controls,rh,10.0,prcus-a,28.991511339478684
NT22,Controls,rh,2.5,mcgs,61.26556066999216
NT22,Controls,rh,5.0,mcgs,61.26556066999216
NT22,Controls,rh,10.0,mcgs,67.19001817536339
NT22,Controls,rh,2.5,pos,55.14142069521525
NT22,Controls,rh,5.0,pos,55.14142069521525
NT22,Controls,rh,10.0,pos,58.927999997122754
NT22,Controls,rh,2.5,prculs-d,36.51317491715669
NT22,Controls,rh,5.0,prculs-d,36.51317491715669
NT22,Controls,rh,10.0,prculs-d,36.42217314181747
NT5,Controls,lh,2.5,prcus-p,11.625608519521933
NT5,Controls,lh,5.0,prcus-p,11.625608519521933
NT5,Controls,lh,10.0,prcus-p,11.677188026532884
NT5,Controls,lh,2.5,prcus-i,5.783977493406162
NT5,Controls,lh,5.0,prcus-i,5.783977493406162
NT5,Controls,lh,10.0,prcus-i,5.71878446104723
NT5,Controls,lh,2.5,prcus-a,15.577249298477703
NT5,Controls,lh,5.0,prcus-a,15.577249298477703
NT5,Controls,lh,10.0,prcus-a,15.100239409730351
NT5,Controls,lh,2.5,mcgs,42.73262382735314
NT5,Controls,lh,5.0,mcgs,42.73262382735314
NT5,Controls,lh,10.0,mcgs,42.38512776085559
NT5,Controls,lh,2.5,pos,50.285982273410944
NT5,Controls,lh,5.0,pos,50.285982273410944
NT5,Controls,lh,10.0,pos,50.33756178042189
NT5,Controls,lh,2.5,prculs-d,27.488742223651
NT5,Controls,lh,5.0,prculs-d,27.488742223651
NT5,Controls,lh,10.0,prculs-d,27.54032173066195
NT5,Controls,rh,2.5,prcus-p,20.362757799260823
NT5,Controls,rh,5.0,prcus-p,20.362757799260823
NT5,Controls,rh,10.0,prcus-p,15.056335912958009
NT5,Controls,rh,2.5,prcus-i,5.00696996624534
NT5,Controls,rh,5.0,prcus-i,5.00696996624534
NT5,Controls,rh,10.0,prcus-i,0.7652877046296784
NT5,Controls,rh,2.5,prcus-a,13.533426392158582
NT5,Controls,rh,5.0,prcus-a,13.533426392158582
NT5,Controls,rh,10.0,prcus-a,18.64972597828529
NT5,Controls,rh,2.5,mcgs,44.57515108724907
NT5,Controls,rh,5.0,mcgs,44.57515108724907
NT5,Controls,rh,10.0,mcgs,46.683648302593795
NT5,Controls,rh,2.5,pos,34.35643290130111
NT5,Controls,rh,5.0,pos,34.35643290130111
NT5,Controls,rh,10.0,pos,29.050011014998297
NT5,Controls,rh,2.5,prculs-d,25.67407823088115
NT5,Controls,rh,5.0,prculs-d,25.67407823088115
NT5,Controls,rh,10.0,prculs-d,21.507344505897933
NT23,Controls,lh,2.5,prcus-p,31.551778436403815
NT23,Controls,lh,5.0,prcus-p,30.410382024760136
NT23,Controls,lh,10.0,prcus-p,25.60452633547174
NT23,Controls,lh,2.5,prcus-i,17.18126505256399
NT23,Controls,lh,5.0,prcus-i,16.03986864092031
NT23,Controls,lh,10.0,prcus-i,9.299283896111188
NT23,Controls,lh,2.5,prcus-a,24.064590861260527
NT23,Controls,lh,5.0,prcus-a,22.923194449616847
NT23,Controls,lh,10.0,prcus-a,19.887510747469463
NT23,Controls,lh,2.5,mcgs,41.5710480983483
NT23,Controls,lh,5.0,mcgs,40.429651686704624
NT23,Controls,lh,10.0,mcgs,36.5297874963348
NT23,Controls,lh,2.5,pos,58.40007031424907
NT23,Controls,lh,5.0,pos,58.206424344448585
NT23,Controls,lh,10.0,pos,57.057918528966475
NT23,Controls,lh,2.5,prculs-d,27.493659529566692
NT23,Controls,lh,5.0,prculs-d,27.300013559766207
NT23,Controls,lh,10.0,prculs-d,26.2501574224299
NT23,Controls,rh,2.5,prcus-p,28.134631910085897
NT23,Controls,rh,5.0,prcus-p,26.406077335010227
NT23,Controls,rh,10.0,prcus-p,15.312822509190577
NT23,Controls,rh,2.5,prcus-i,46.27182635893813
NT23,Controls,rh,5.0,prcus-i,44.54327178386246
NT23,Controls,rh,10.0,prcus-i,5.545301037273237
NT23,Controls,rh,2.5,prcus-a,70.02515681059306
NT23,Controls,rh,5.0,prcus-a,68.29660223551738
NT23,Controls,rh,10.0,prcus-a,29.46722919477755
NT23,Controls,rh,2.5,mcgs,83.31064496363406
NT23,Controls,rh,5.0,mcgs,81.76971521663623
NT23,Controls,rh,10.0,mcgs,44.458208884752466
NT23,Controls,rh,2.5,pos,13.740121563415338
NT23,Controls,rh,5.0,pos,15.455440529046266
NT23,Controls,rh,10.0,pos,55.25500034148237
NT23,Controls,rh,2.5,prculs-d,17.2438294226198
NT23,Controls,rh,5.0,prculs-d,16.449339500400043
NT23,Controls,rh,10.0,prculs-d,34.89137266337836
NT24,Controls,lh,2.5,prcus-p,10.770753644448227
NT24,Controls,lh,5.0,prcus-p,16.15978205428127
NT24,Controls,lh,10.0,prcus-p,15.04241147147971
NT24,Controls,lh,2.5,prcus-i,24.84901027146976
NT24,Controls,lh,5.0,prcus-i,10.496422734552056
NT24,Controls,lh,10.0,prcus-i,11.102248122025916
NT24,Controls,lh,2.5,prcus-a,31.05004637805025
NT24,Controls,lh,5.0,prcus-a,18.23595224288226
NT24,Controls,lh,10.0,prcus-a,18.841777630356116
NT24,Controls,lh,2.5,mcgs,45.26750944455899
NT24,Controls,lh,5.0,mcgs,34.02122943456112
NT24,Controls,lh,10.0,mcgs,34.697180811438066
NT24,Controls,lh,2.5,pos,19.70670412807811
NT24,Controls,lh,5.0,pos,32.07820609009694
NT24,Controls,lh,10.0,pos,30.79434537241754
NT24,Controls,lh,2.5,prculs-d,31.61957564536949
NT24,Controls,lh,5.0,prculs-d,28.88081096443076
NT24,Controls,lh,10.0,prculs-d,28.506991676629525
NT24,Controls,rh,2.5,prcus-p,16.30630854434907
NT24,Controls,rh,5.0,prcus-p,10.584032140109873
NT24,Controls,rh,10.0,prcus-p,7.548690354125328
NT24,Controls,rh,2.5,prcus-i,33.41713627086973
NT24,Controls,rh,5.0,prcus-i,27.535656088774736
NT24,Controls,rh,10.0,prcus-i,24.500314302790187
NT24,Controls,rh,2.5,prcus-a,43.07341843632707
NT24,Controls,rh,5.0,prcus-a,36.6092490071721
NT24,Controls,rh,10.0,prcus-a,33.12257640906836
NT24,Controls,rh,2.5,mcgs,52.26791997265962
NT24,Controls,rh,5.0,mcgs,52.10607941992111
NT24,Controls,rh,10.0,mcgs,50.3846065714414
NT24,Controls,rh,2.5,pos,44.5223241711725
NT24,Controls,rh,5.0,pos,46.28075657208829
NT24,Controls,rh,10.0,pos,47.04095345440295
NT24,Controls,rh,2.5,prculs-d,21.424146901920498
NT24,Controls,rh,5.0,prculs-d,15.819024990415585
NT24,Controls,rh,10.0,prculs-d,14.751955527224364
NT25,Controls,lh,2.5,prcus-p,26.910379080502565
NT25,Controls,lh,5.0,prcus-p,28.494229487973683
NT25,Controls,lh,10.0,prcus-p,20.878250804338258
NT25,Controls,lh,2.5,prcus-i,30.574317130335597
NT25,Controls,lh,5.0,prcus-i,32.3645389149973
NT25,Controls,lh,10.0,prcus-i,25.69710420090739
NT25,Controls,lh,2.5,prcus-a,40.40782900486126
NT25,Controls,lh,5.0,prcus-a,42.19805078952295
NT25,Controls,lh,10.0,prcus-a,35.91046786402111
NT25,Controls,lh,2.5,mcgs,62.93814213159108
NT25,Controls,lh,5.0,mcgs,64.72836391625276
NT25,Controls,lh,10.0,mcgs,58.44078099075092
NT25,Controls,lh,2.5,pos,21.011220688171154
NT25,Controls,lh,5.0,pos,18.35717316878206
NT25,Controls,lh,10.0,pos,25.128072737263203
NT25,Controls,lh,2.5,prculs-d,0.6551962679263486
NT25,Controls,lh,5.0,prculs-d,2.971686151407263
NT25,Controls,lh,10.0,prculs-d,7.401504863958065
NT25,Controls,rh,2.5,prcus-p,17.174580636918297
NT25,Controls,rh,5.0,prcus-p,17.849155792806393
NT25,Controls,rh,10.0,prcus-p,19.232098912601476
NT25,Controls,rh,2.5,prcus-i,30.36722523375129
NT25,Controls,rh,5.0,prcus-i,30.858846350285056
NT25,Controls,rh,10.0,prcus-i,32.13835521147826
NT25,Controls,rh,2.5,prcus-a,46.39662736312219
NT25,Controls,rh,5.0,prcus-a,47.065687125450395
NT25,Controls,rh,10.0,prcus-a,48.448630245245475
NT25,Controls,rh,2.5,mcgs,76.31015062844068
NT25,Controls,rh,5.0,mcgs,76.98472578432877
NT25,Controls,rh,10.0,mcgs,78.36766890412386
NT25,Controls,rh,2.5,pos,16.798019358078527
NT25,Controls,rh,5.0,pos,16.9736793044107
NT25,Controls,rh,10.0,pos,16.273393663380283
NT25,Controls,rh,2.5,prculs-d,11.357576478127168
NT25,Controls,rh,5.0,prculs-d,10.496767259268376
NT25,Controls,rh,10.0,prculs-d,10.731675627275411
NT26,Controls,lh,2.5,prcus-p,3.0802633301158777
NT26,Controls,lh,5.0,prcus-p,3.0409233876751713
NT26,Controls,lh,10.0,prcus-p,1.7800466115225833
NT26,Controls,lh,2.5,prcus-i,27.027727920577085
NT26,Controls,lh,5.0,prcus-i,26.70028137254194
NT26,Controls,lh,10.0,prcus-i,24.382204302736625
NT26,Controls,lh,2.5,prcus-a,44.22557581665825
NT26,Controls,lh,5.0,prcus-a,43.86767781751103
NT26,Controls,lh,10.0,prcus-a,41.54960074770572
NT26,Controls,lh,2.5,mcgs,69.19815803413883
NT26,Controls,lh,5.0,mcgs,68.87071148610367
NT26,Controls,lh,10.0,mcgs,66.55263441629836
NT26,Controls,lh,2.5,pos,32.60852752846485
NT26,Controls,lh,5.0,pos,31.711632821059982
NT26,Controls,lh,10.0,pos,32.94526693875902
NT26,Controls,lh,2.5,prculs-d,28.37168494899478
NT26,Controls,lh,5.0,prculs-d,28.4789019304828
NT26,Controls,lh,10.0,prculs-d,29.980476924664675
NT26,Controls,rh,2.5,prcus-p,13.262897043458748
NT26,Controls,rh,5.0,prcus-p,11.530298813554657
NT26,Controls,rh,10.0,prcus-p,23.23445177534228
NT26,Controls,rh,2.5,prcus-i,35.324545268055545
NT26,Controls,rh,5.0,prcus-i,31.356593281773133
NT26,Controls,rh,10.0,prcus-i,38.32036015566387
NT26,Controls,rh,2.5,prcus-a,56.51855576519073
NT26,Controls,rh,5.0,prcus-a,52.475062630619185
NT26,Controls,rh,10.0,prcus-a,59.15834102281242
NT26,Controls,rh,2.5,mcgs,65.0873218626066
NT26,Controls,rh,5.0,mcgs,62.282273843584925
NT26,Controls,rh,10.0,mcgs,69.3935726793649
NT26,Controls,rh,2.5,pos,49.2389604668974
NT26,Controls,rh,5.0,pos,51.991118012177914
NT26,Controls,rh,10.0,pos,45.64715655536238
NT26,Controls,rh,2.5,prculs-d,19.410914417915873
NT26,Controls,rh,5.0,prculs-d,18.79941520404515
NT26,Controls,rh,10.0,prculs-d,6.642469640531907
DP24,DPs,lh,2.5,prcus-p,3.7500850685735863
DP24,DPs,lh,5.0,prcus-p,8.3363420922757
DP24,DPs,lh,10.0,prcus-p,8.3363420922757
DP24,DPs,lh,2.5,prcus-i,28.35241734211006
DP24,DPs,lh,5.0,prcus-i,34.23399806356997
DP24,DPs,lh,10.0,prcus-i,34.23399806356997
DP24,DPs,lh,2.5,prcus-a,38.19585618496601
DP24,DPs,lh,5.0,prcus-a,45.0629301615858
DP24,DPs,lh,10.0,prcus-a,45.0629301615858
DP24,DPs,lh,2.5,mcgs,54.585919234838336
DP24,DPs,lh,5.0,mcgs,61.45299321145812
DP24,DPs,lh,10.0,mcgs,61.45299321145812
DP24,DPs,lh,2.5,pos,41.278698138895805
DP24,DPs,lh,5.0,pos,36.81149751924204
DP24,DPs,lh,10.0,pos,36.81149751924204
DP24,DPs,lh,2.5,prculs-d,14.329722552959907
DP24,DPs,lh,5.0,prculs-d,9.472248420436124
DP24,DPs,lh,10.0,prculs-d,9.472248420436124
DP24,DPs,rh,2.5,prcus-p,19.984263578221316
DP24,DPs,rh,5.0,prcus-p,12.714353223872951
DP24,DPs,rh,10.0,prcus-p,17.587403509435063
DP24,DPs,rh,2.5,prcus-i,38.32199860492151
DP24,DPs,rh,5.0,prcus-i,32.15350115056334
DP24,DPs,rh,10.0,prcus-i,36.54794257773847
DP24,DPs,rh,2.5,prcus-a,52.68492715416509
DP24,DPs,rh,5.0,prcus-a,46.253517894096696
DP24,DPs,rh,10.0,prcus-a,50.743271524084555
DP24,DPs,rh,2.5,mcgs,64.17711866203877
DP24,DPs,rh,5.0,mcgs,58.008621207680626
DP24,DPs,rh,10.0,mcgs,62.403062634855765
DP24,DPs,rh,2.5,pos,27.013764562343184
DP24,DPs,rh,5.0,pos,23.051755659805703
DP24,DPs,rh,10.0,pos,18.244186628163536
DP24,DPs,rh,2.5,prculs-d,9.592390690347592
DP24,DPs,rh,5.0,prculs-d,12.461357792540523
DP24,DPs,rh,10.0,prculs-d,11.125792767313795
DP2,DPs,lh,2.5,prcus-p,14.402795999643974
DP2,DPs,lh,5.0,prcus-p,13.392874953464052
DP2,DPs,lh,10.0,prcus-p,12.551422311645414
DP2,DPs,lh,2.5,prcus-i,21.94843224677109
DP2,DPs,lh,5.0,prcus-i,21.771670472983445
DP2,DPs,lh,10.0,prcus-i,21.19568805917499
DP2,DPs,lh,2.5,prcus-a,29.959468401871582
DP2,DPs,lh,5.0,prcus-a,29.782706628083936
DP2,DPs,lh,10.0,prcus-a,29.20672421427549
DP2,DPs,lh,2.5,mcgs,58.576212299140195
DP2,DPs,lh,5.0,mcgs,58.39945052535255
DP2,DPs,lh,10.0,mcgs,57.8234681115441
DP2,DPs,lh,2.5,pos,24.314579263085736
DP2,DPs,lh,5.0,pos,25.32450030926566
DP2,DPs,lh,10.0,pos,26.29395981250683
DP2,DPs,lh,2.5,prculs-d,33.203817283256704
DP2,DPs,lh,5.0,prculs-d,34.21373832943663
DP2,DPs,lh,10.0,prculs-d,35.183197832677806
DP2,DPs,rh,2.5,prcus-p,9.937137756611332
DP2,DPs,rh,5.0,prcus-p,9.28215061257664
DP2,DPs,rh,10.0,prcus-p,18.807533590131825
DP2,DPs,rh,2.5,prcus-i,29.3088906091566
DP2,DPs,rh,5.0,prcus-i,28.44665369998107
DP2,DPs,rh,10.0,prcus-i,37.488519451926166
DP2,DPs,rh,2.5,prcus-a,37.614204157995445
DP2,DPs,rh,5.0,prcus-a,36.75196724881992
DP2,DPs,rh,10.0,prcus-a,45.708858801320574
DP2,DPs,rh,2.5,mcgs,57.88493116095221
DP2,DPs,rh,5.0,mcgs,57.20415427821965
DP2,DPs,rh,10.0,mcgs,66.62090477294417
DP2,DPs,rh,2.5,pos,20.991435297858697
DP2,DPs,rh,5.0,pos,21.85367220703423
DP2,DPs,rh,10.0,pos,16.970118708273727
DP2,DPs,rh,2.5,prculs-d,13.045763011183016
DP2,DPs,rh,5.0,prculs-d,13.653902089678091
DP2,DPs,rh,10.0,prculs-d,4.4461779866140265
DP5,DPs,lh,2.5,prcus-p,26.432146507932444
DP5,DPs,lh,5.0,prcus-p,16.49525740377058
DP5,DPs,lh,10.0,prcus-p,18.31126268449278
DP5,DPs,lh,2.5,prcus-i,15.279197299615074
DP5,DPs,lh,5.0,prcus-i,11.492784373224495
DP5,DPs,lh,10.0,prcus-i,7.52790028868195
DP5,DPs,lh,2.5,prcus-a,11.508073635165768
DP5,DPs,lh,5.0,prcus-a,23.2898779770707
DP5,DPs,lh,10.0,prcus-a,13.206110802573104
DP5,DPs,lh,2.5,mcgs,30.509764430256116
DP5,DPs,lh,5.0,mcgs,43.742671552174194
DP5,DPs,lh,10.0,mcgs,38.62980712363094
DP5,DPs,lh,2.5,pos,44.17550478912115
DP5,DPs,lh,5.0,pos,27.555106378522343
DP5,DPs,lh,10.0,pos,38.49156994065446
DP5,DPs,lh,2.5,prculs-d,38.75842683639366
DP5,DPs,lh,5.0,prculs-d,22.13802842579485
DP5,DPs,lh,10.0,prculs-d,32.45030598994411
DP5,DPs,rh,2.5,prcus-p,10.199135141021372
DP5,DPs,rh,5.0,prcus-p,9.216692852871915
DP5,DPs,rh,10.0,prcus-p,6.130976960262688
DP5,DPs,rh,2.5,prcus-i,15.604374295903847
DP5,DPs,rh,5.0,prcus-i,15.669196022219694
DP5,DPs,rh,10.0,prcus-i,16.129773339248857
DP5,DPs,rh,2.5,prcus-a,29.555349973603295
DP5,DPs,rh,5.0,prcus-a,29.074868937948064
DP5,DPs,rh,10.0,prcus-a,26.56651739802916
DP5,DPs,rh,2.5,mcgs,42.9842343981862
DP5,DPs,rh,5.0,mcgs,43.04905612450206
DP5,DPs,rh,10.0,mcgs,43.50963344153123
DP5,DPs,rh,2.5,pos,34.50659446792064
DP5,DPs,rh,5.0,pos,33.91527236884173
DP5,DPs,rh,10.0,pos,32.80377551587994
DP5,DPs,rh,2.5,prculs-d,15.321888783215805
DP5,DPs,rh,5.0,prculs-d,15.952532964116564
DP5,DPs,rh,10.0,prculs-d,18.68642563304663
NT27,Controls,lh,2.5,prcus-p,10.510252322188038
NT27,Controls,lh,5.0,prcus-p,11.550967899392155
NT27,Controls,lh,10.0,prcus-p,14.088842632048776
NT27,Controls,lh,2.5,prcus-i,14.371349407891008
NT27,Controls,lh,5.0,prcus-i,15.49900424650134
NT27,Controls,lh,10.0,prcus-i,3.8064052961346864
NT27,Controls,lh,2.5,prcus-a,30.258730381427352
NT27,Controls,lh,5.0,prcus-a,31.386385220037685
NT27,Controls,lh,10.0,prcus-a,19.210362093764175
NT27,Controls,lh,2.5,mcgs,68.37437317198446
NT27,Controls,lh,5.0,mcgs,69.50202801059478
NT27,Controls,lh,10.0,mcgs,57.32600488432126
NT27,Controls,lh,2.5,pos,36.26189698972717
NT27,Controls,lh,5.0,pos,36.4556688409455
NT27,Controls,lh,10.0,pos,46.143459047849625
NT27,Controls,lh,2.5,prculs-d,22.94402625033772
NT27,Controls,lh,5.0,prculs-d,23.225583442275365
NT27,Controls,lh,10.0,prculs-d,31.890104541063348
NT27,Controls,rh,2.5,prcus-p,16.78296123080208
NT27,Controls,rh,5.0,prcus-p,19.686863028622216
NT27,Controls,rh,10.0,prcus-p,20.601250522023353
NT27,Controls,rh,2.5,prcus-i,19.44454854645415
NT27,Controls,rh,5.0,prcus-i,20.89285706933109
NT27,Controls,rh,10.0,prcus-i,20.605961078940844
NT27,Controls,rh,2.5,prcus-a,37.93202107663729
NT27,Controls,rh,5.0,prcus-a,39.98204844507031
NT27,Controls,rh,10.0,prcus-a,39.776920336113434
NT27,Controls,rh,2.5,mcgs,65.44711625595141
NT27,Controls,rh,5.0,mcgs,66.31386366175654
NT27,Controls,rh,10.0,mcgs,65.9300855144318
NT27,Controls,rh,2.5,pos,28.668642933010577
NT27,Controls,rh,5.0,pos,30.63622991832571
NT27,Controls,rh,10.0,pos,31.767309785801913
NT27,Controls,rh,2.5,prculs-d,18.919011709010075
NT27,Controls,rh,5.0,prculs-d,21.300525506888057
NT27,Controls,rh,10.0,prculs-d,22.431605374364253
