sub,dataset,group,age,sex,CFMT
NT7,1,Controls,49,M,60.0
DP7,1,DPs,61,M,41.0
NT8,1,Controls,52,F,60.0
DP8,1,DPs,47,F,40.0
NT9,1,Controls,55,M,57.0
DP9,1,DPs,41,F,45.0
NT6,1,Controls,44,M,
DP10,1,DPs,45,F,38.0
NT15,1,Controls,49,F,55.0
NT10,1,Controls,21,M,55.0
NT11,1,Controls,48,M,55.0
NT12,1,Controls,25,F,70.0
NT13,1,Controls,41,M,64.0
DP11,1,DPs,54,M,28.0
NT14,1,Controls,48,F,50.0
DP12,1,DPs,32,F,41.0
NT3,1,Controls,45,F,63.0
NT16,1,Controls,34,M,71.0
NT17,1,Controls,52,F,64.0
DP13,1,DPs,34,M,33.0
NT18,1,Controls,50,F,58.0
DP14,1,DPs,62,M,41.0
DP15,1,DPs,36,M,44.0
DP3,1,DPs,25,F,42.0
DP16,1,DPs,60,F,37.0
NT19,1,Controls,50,F,54.0
DP17,1,DPs,48,M,33.0
DP18,1,DPs,42,F,39.0
DP19,1,DPs,41,F,34.0
DP4,1,DPs,31,F,43.0
NT20,1,Controls,43,F,63.0
NT1,1,Controls,33,M,50.0
DP20,1,DPs,58,M,36.0
NT21,1,Controls,39,F,71.0
DP21,1,DPs,46,F,42.0
DP22,1,DPs,25,F,45.0
DP23,1,DPs,29,F,36.0
NT22,1,Controls,23,F,56.0
NT5,1,Controls,53,F,71.0
NT23,1,Controls,51,F,58.0
NT24,1,Controls,49,F,51.0
NT25,1,Controls,26,M,60.0
NT26,1,Controls,41,M,54.0
DP24,1,DPs,26,F,37.0
DP2,1,DPs,47,F,45.0
DP5,1,DPs,32,F,39.0
NT27,1,Controls,37,F,62.0
DP6,2,DPs,35,M,40.0
NT28,2,Controls,26,F,69.0
NT29,2,Controls,28,M,69.0
NT30,2,Controls,23,F,69.0
NT31,2,Controls,27,M,66.0
NT32,2,Controls,28,M,61.0
DP25,2,DPs,30,M,35.0
DP26,2,DPs,33,M,37.0
DP27,2,DPs,29,F,26.0
DP28,2,DPs,27,F,36.0
NT33,2,Controls,38,F,58.0
DP29,2,DPs,24,F,37.0
DP30,2,DPs,43,M,32.0
NT34,2,Controls,25,F,68.0
NT35,2,Controls,36,F,63.0
NT36,2,Controls,35,M,59.0
NT37,2,Controls,28,F,60.0
DP31,2,DPs,31,F,43.0
DP32,2,DPs,20,F,32.0
NT2,2,Controls,26,F,63.0
DP33,2,DPs,24,F,36.0
NT38,2,Controls,28,M,72.0
DP34,2,DPs,42,F,37.0
NT39,2,Controls,25,M,60.0
DP35,2,DPs,22,M,34.0
NT40,2,Controls,23,F,70.0
DP1,2,DPs,32,F,41.0
DP36,2,DPs,25,F,28.0
NT41,2,Controls,23,F,55.0
NT4,2,Controls,43,F,69.0
NT42,2,Controls,33,F,60.0
DP37,2,DPs,46,F,38.0
DP38,2,DPs,27,F,41.0
DP39,2,DPs,36,M,29.0
NT43,2,Controls,26,M,66.0
