sub,group,hemi,threshold_pct,n_pmc_vertices,n_suprathreshold_vertices,n_components,top_component_mass_fraction,top_component_vertices,top_component_area_cm2
NT7,Controls,lh,2.5,9196,230,5,0.6805884889269809,152,0.8846432547460938
NT7,Controls,lh,5.0,9196,461,5,0.662279872560836,304,1.8790246930955037
NT7,Controls,lh,10.0,9196,921,8,0.5871339715613134,523,3.263905777115883
NT7,Controls,rh,2.5,9855,247,2,0.5253416291329761,115,0.7862571055353377
NT7,Controls,rh,5.0,9855,493,2,0.6059299891204295,327,2.2306661631792997
NT7,Controls,rh,10.0,9855,986,4,0.9464225433302044,907,6.140533421867662
DP7,DPs,lh,2.5,9699,243,4,0.9702584873735812,234,1.4966232358432154
DP7,DPs,lh,5.0,9699,485,2,0.8832765402851904,421,2.7500272496738463
DP7,DPs,lh,10.0,9699,970,5,0.921355572533108,880,5.994171454826641
DP7,DPs,rh,2.5,10153,254,3,0.8128949008478279,213,1.4102718299486394
DP7,DPs,rh,5.0,10153,508,4,0.6800788487907102,328,2.2708510622824742
DP7,DPs,rh,10.0,10153,1016,8,0.5550448901752004,504,3.4597672699019597
NT8,Controls,lh,2.5,8357,209,2,0.97600955999125,204,1.3411255797910702
NT8,Controls,lh,5.0,8357,418,3,0.8007331919077293,308,2.0479863541091556
NT8,Controls,lh,10.0,8357,836,5,0.7375932135913745,561,3.791333202253039
NT8,Controls,rh,2.5,8380,210,3,0.959773077652799,200,1.3476492331691186
NT8,Controls,rh,5.0,8380,419,5,0.8958766304877165,358,2.455132693629322
NT8,Controls,rh,10.0,8380,838,3,0.9850714715512652,820,5.578713285072806
DP8,DPs,lh,2.5,8026,201,3,0.9285997255463516,176,1.1775372734362888
DP8,DPs,lh,5.0,8026,402,5,0.7534287599999474,273,1.868125824061582
DP8,DPs,lh,10.0,8026,804,5,0.6953503371644599,509,3.5493538473908792
DP8,DPs,rh,2.5,8101,203,5,0.3749435143966104,72,0.5865039586324028
DP8,DPs,rh,5.0,8101,406,10,0.309072247072202,110,0.8693857588971879
DP8,DPs,rh,10.0,8101,811,11,0.5135319965731279,395,2.8404045558516717
NT9,Controls,lh,2.5,8841,222,5,0.6446163516114297,133,0.90721768209968
NT9,Controls,lh,5.0,8841,444,2,0.7465378288060929,321,2.103820532124141
NT9,Controls,lh,10.0,8841,885,3,0.7719425932780076,673,4.387638442627707
NT9,Controls,rh,2.5,8750,219,3,0.5385853917965449,112,0.7557635886068533
NT9,Controls,rh,5.0,8750,438,3,0.4739745876317049,219,1.585842700320549
NT9,Controls,rh,10.0,8750,875,1,1.0,875,6.025841708982797
DP9,DPs,lh,2.5,6976,175,3,0.8960740489409965,159,1.0067282819373915
DP9,DPs,lh,5.0,6976,349,3,0.8857905305584315,312,1.988190544939621
DP9,DPs,lh,10.0,6976,698,3,0.9772958482865016,677,4.55947324158891
DP9,DPs,rh,2.5,7341,184,2,0.9858556895252658,180,1.1151071806331418
DP9,DPs,rh,5.0,7341,368,3,0.932598082415472,332,2.128572417144584
DP9,DPs,rh,10.0,7341,735,2,0.8589396436938774,610,4.075914962191779
NT6,Controls,lh,2.5,9256,232,5,0.5454251692929525,114,0.8095608657863527
NT6,Controls,lh,5.0,9256,463,10,0.4285242472414513,170,1.1840221001271238
NT6,Controls,lh,10.0,9256,926,13,0.6252882657341821,501,3.411106896583243
NT6,Controls,rh,2.5,10005,251,3,0.8689513624533652,213,1.5397209315979672
NT6,Controls,rh,5.0,10005,501,8,0.6827153604102187,322,2.292781766714997
NT6,Controls,rh,10.0,10005,1002,12,0.4850962804829019,398,2.8248201571561378
DP10,DPs,lh,2.5,7288,183,1,1.0,183,1.188660664051247
DP10,DPs,lh,5.0,7288,365,6,0.8247449536596569,296,2.0196023658827262
DP10,DPs,lh,10.0,7288,729,6,0.6478241382657558,450,3.183370412831961
DP10,DPs,rh,2.5,7218,181,3,0.7283287748385241,132,0.8302371678221013
DP10,DPs,rh,5.0,7218,361,4,0.5848739552219743,211,1.3375624828717811
DP10,DPs,rh,10.0,7218,722,8,0.6869345245130246,493,3.2247692141913467
NT15,Controls,lh,2.5,6892,173,1,1.0,173,1.0403895186773833
NT15,Controls,lh,5.0,6892,345,1,1.0,345,2.2417861940076795
NT15,Controls,lh,10.0,6892,690,1,1.0,690,4.565995680083248
NT15,Controls,rh,2.5,7170,180,1,1.0,180,1.1493512017585972
NT15,Controls,rh,5.0,7170,359,3,0.958003678104488,337,2.404692202739315
NT15,Controls,rh,10.0,7170,717,2,0.9840003282433524,702,4.8974715088515435
NT10,Controls,lh,2.5,10433,261,3,0.5438909111224545,143,0.9408070924955814
NT10,Controls,lh,5.0,10433,523,1,1.0,523,3.3040954977683388
NT10,Controls,lh,10.0,10433,1044,6,0.8365077260884746,833,5.274017975996335
NT10,Controls,rh,2.5,11691,293,2,0.5861307571182023,178,1.1594807445455868
NT10,Controls,rh,5.0,11691,585,4,0.5068946274152264,290,1.9761908507099968
NT10,Controls,rh,10.0,11691,1170,4,0.7031346662538204,745,5.440051878515735
NT11,Controls,lh,2.5,7136,179,6,0.4649004125092376,76,0.5923275449454263
NT11,Controls,lh,5.0,7136,357,8,0.3382345906265355,107,0.8266019355566783
NT11,Controls,lh,10.0,7136,715,5,0.632557268426289,431,3.1805439514809577
NT11,Controls,rh,2.5,7491,189,5,0.6914333472532257,115,0.8470020871001167
NT11,Controls,rh,5.0,7491,375,7,0.5634389631567744,192,1.38177148525998
NT11,Controls,rh,10.0,7491,750,4,0.8768000063081459,669,4.572546757199201
NT12,Controls,lh,2.5,8017,201,3,0.7898373507748783,147,1.0703141860285492
NT12,Controls,lh,5.0,8017,401,4,0.5937146846440376,197,1.4516574596739371
NT12,Controls,lh,10.0,8017,802,5,0.678465327093367,476,3.5619401404249253
NT12,Controls,rh,2.5,8670,217,4,0.5417084406138191,113,0.7905456577602104
NT12,Controls,rh,5.0,8670,434,6,0.5404097605183502,227,1.5527018353085635
NT12,Controls,rh,10.0,8670,867,7,0.4306111478978412,342,2.305006252707938
NT13,Controls,lh,2.5,9372,235,4,0.5309883943729836,131,0.8324186055176372
NT13,Controls,lh,5.0,9372,469,2,0.8172656106734756,387,2.565124613190489
NT13,Controls,lh,10.0,9372,938,3,0.7821474801450169,713,4.729171052219511
NT13,Controls,rh,2.5,9693,243,4,0.7287581967911325,175,1.2523962712271226
NT13,Controls,rh,5.0,9693,485,5,0.5606728206934778,261,1.8075740849292468
NT13,Controls,rh,10.0,9693,971,2,0.5539886814919123,524,3.488305110020349
DP11,DPs,lh,2.5,8399,210,2,0.9021703514231418,182,1.3017056280585289
DP11,DPs,lh,5.0,8399,420,5,0.7993019970987882,318,2.178914485084698
DP11,DPs,lh,10.0,8399,841,6,0.9039475024508552,757,5.026911489068912
DP11,DPs,rh,2.5,8062,202,3,0.5632439586006556,106,0.821970239862766
DP11,DPs,rh,5.0,8062,404,2,0.6842807214546317,278,1.906215255981258
DP11,DPs,rh,10.0,8062,807,2,0.7020827662229526,558,3.8290498925935794
NT14,Controls,lh,2.5,6889,173,5,0.4793928189841742,93,0.5463858309196759
NT14,Controls,lh,5.0,6889,345,7,0.5984739512416334,219,1.3840023981144478
NT14,Controls,lh,10.0,6889,689,10,0.5256305255776015,360,2.3806530089794613
NT14,Controls,rh,2.5,7341,184,6,0.5745469322047296,83,0.5391630462920215
NT14,Controls,rh,5.0,7341,368,9,0.3847702371068313,93,0.60462292969596
NT14,Controls,rh,10.0,7341,735,13,0.3650751550811454,166,1.0756424802898965
DP12,DPs,lh,2.5,9572,240,2,0.9598934894341123,230,1.7026620830388135
DP12,DPs,lh,5.0,9572,479,2,0.9631176393534838,458,3.28907195283625
DP12,DPs,lh,10.0,9572,959,4,0.9123348051545596,861,6.027503904009861
DP12,DPs,rh,2.5,8670,217,3,0.6877972039507226,135,0.8619849592341435
DP12,DPs,rh,5.0,8670,434,8,0.5239789686425314,209,1.3889873451930177
DP12,DPs,rh,10.0,8670,867,8,0.4341289664062415,360,2.3900759751627088
NT3,Controls,lh,2.5,7459,187,3,0.5522224189816157,110,0.7307666297753813
NT3,Controls,lh,5.0,7459,373,3,0.7434668579396297,294,1.8637558646197327
NT3,Controls,lh,10.0,7459,746,7,0.6542549117111638,476,3.093391313055916
NT3,Controls,rh,2.5,7756,194,3,0.9405021575029248,178,1.2459068349671285
NT3,Controls,rh,5.0,7756,388,5,0.772564137904803,290,1.9529307476944968
NT3,Controls,rh,10.0,7756,776,7,0.8179749881784261,636,4.195204861309507
NT16,Controls,lh,2.5,9461,237,1,1.0,237,1.5616071987239868
NT16,Controls,lh,5.0,9461,477,2,0.9390667778572378,441,3.002968435438747
NT16,Controls,lh,10.0,9461,947,6,0.8596371780874749,778,5.477007949916022
NT16,Controls,rh,2.5,9431,236,3,0.9809791741559392,230,1.6158374081766411
NT16,Controls,rh,5.0,9431,472,5,0.8166446116105996,359,2.445343327453015
NT16,Controls,rh,10.0,9431,944,6,0.7576147175436718,679,4.565120399234518
NT17,Controls,lh,2.5,7281,183,3,0.8453338197833192,148,0.9847479924691434
NT17,Controls,lh,5.0,7281,365,2,0.9052864319242626,325,2.1940792210640354
NT17,Controls,lh,10.0,7281,729,7,0.8424809290865068,571,3.8724850055156024
NT17,Controls,rh,2.5,7715,193,2,0.7530256827754622,138,0.8882111516365829
NT17,Controls,rh,5.0,7715,386,2,0.6142998101341846,218,1.4218769547332266
NT17,Controls,rh,10.0,7715,772,6,0.4703467607688035,307,2.0685028629101594
DP13,DPs,lh,2.5,8667,219,3,0.4134948374975487,90,0.6125614920519304
DP13,DPs,lh,5.0,8667,434,4,0.3916511757079368,193,1.1915687978063214
DP13,DPs,lh,10.0,8667,867,3,0.9960094663184762,860,5.8131765897928505
DP13,DPs,rh,2.5,9829,246,2,0.93814085589869,231,1.5225212663177792
DP13,DPs,rh,5.0,9829,492,3,0.854637229876393,409,2.797180393048059
DP13,DPs,rh,10.0,9829,983,5,0.9114175001197532,876,5.889426957935082
NT18,Controls,lh,2.5,8040,201,3,0.8421213764372124,167,1.0739431996525048
NT18,Controls,lh,5.0,8040,402,5,0.8872268935508336,356,2.279702983482746
NT18,Controls,lh,10.0,8040,805,4,0.6979268413534069,537,3.387743168654461
NT18,Controls,rh,2.5,7954,199,3,0.5915896683334856,114,0.879228900491302
NT18,Controls,rh,5.0,7954,398,1,1.0,398,2.916949682293307
NT18,Controls,rh,10.0,7954,796,1,1.0,796,5.763536463785446
DP14,DPs,lh,2.5,7973,200,4,0.7421422002481682,142,0.9422491440359738
DP14,DPs,lh,5.0,7973,399,7,0.5874328826556825,217,1.5236470594511091
DP14,DPs,lh,10.0,7973,798,7,0.8785801227087239,685,4.718182729514268
DP14,DPs,rh,2.5,8659,217,2,0.5228275528533375,113,0.7622626737214135
DP14,DPs,rh,5.0,8659,433,5,0.5595112552525455,249,1.8102467073211557
DP14,DPs,rh,10.0,8659,866,3,0.950771394706242,813,5.573737962014829
DP15,DPs,lh,2.5,7166,180,1,1.0,180,1.2349681827573145
DP15,DPs,lh,5.0,7166,359,1,1.0,359,2.297690373972178
DP15,DPs,lh,10.0,7166,717,3,0.9453662660335987,654,4.169148664512934
DP15,DPs,rh,2.5,7340,184,3,0.7285175323929668,133,0.8878492069865215
DP15,DPs,rh,5.0,7340,367,3,0.6403484670246825,224,1.6241185705191057
DP15,DPs,rh,10.0,7340,734,2,0.8350461756950716,594,4.209677960079038
DP3,DPs,lh,2.5,8401,212,2,0.8758210614288239,182,1.243412771934188
DP3,DPs,lh,5.0,8401,422,4,0.7786895161374712,323,2.175244298712248
DP3,DPs,lh,10.0,8401,841,4,0.8057049710418288,675,4.624245769840141
DP3,DPs,rh,2.5,8318,208,3,0.5027147128861754,101,0.7142781805209617
DP3,DPs,rh,5.0,8318,416,1,1.0,416,2.7431479750762793
DP3,DPs,rh,10.0,8318,832,4,0.9280199429543606,752,4.938086247441694
DP16,DPs,lh,2.5,7624,191,4,0.6062062728399854,118,0.8261027730779058
DP16,DPs,lh,5.0,7624,382,4,0.5791721309780341,228,1.576633093784548
DP16,DPs,lh,10.0,7624,763,5,0.7531023837716015,576,4.065271005024466
DP16,DPs,rh,2.5,8495,213,3,0.6408898791396457,122,0.7709082624273248
DP16,DPs,rh,5.0,8495,425,5,0.494279971211759,195,1.1904163253259004
DP16,DPs,rh,10.0,8495,850,8,0.5262968762744151,434,2.8453994372043945
NT19,Controls,lh,2.5,8185,205,2,0.8326778114658857,165,1.2542943175349524
NT19,Controls,lh,5.0,8185,410,5,0.6979130933616418,275,1.9100402921769437
NT19,Controls,lh,10.0,8185,819,5,0.8201160583703678,656,4.504049234952316
NT19,Controls,rh,2.5,8514,214,5,0.7600263082596466,158,1.1001193032147285
NT19,Controls,rh,5.0,8514,428,3,0.6890599269200607,282,1.937624756745269
NT19,Controls,rh,10.0,8514,852,4,0.5767982808819999,445,2.9056769648388285
DP17,DPs,lh,2.5,10517,265,7,0.2598706109305137,64,0.3745049809108627
DP17,DPs,lh,5.0,10517,526,8,0.5863782566950235,302,1.9371225982489853
DP17,DPs,lh,10.0,10517,1053,11,0.5767612913053037,582,3.934656891044894
DP17,DPs,rh,2.5,11170,280,7,0.4642064689810997,126,0.88764306221046
DP17,DPs,rh,5.0,11170,561,10,0.3825493790592504,198,1.4103846122184904
DP17,DPs,rh,10.0,11170,1117,8,0.4558771726275629,524,3.5831277922389484
DP18,DPs,lh,2.5,8522,214,4,0.4848471198793889,93,0.6518657616216272
DP18,DPs,lh,5.0,8522,427,6,0.5308595407097363,230,1.5414546724141636
DP18,DPs,lh,10.0,8522,854,8,0.4281980783852081,348,2.4003629409524185
DP18,DPs,rh,2.5,8349,209,3,0.8177410330779978,174,1.1632069403345349
DP18,DPs,rh,5.0,8349,418,2,0.944342579951396,401,2.7194018705240044
DP18,DPs,rh,10.0,8349,835,4,0.9495736749484104,803,5.39541259284255
DP19,DPs,lh,2.5,7826,196,3,0.8135591800892934,162,1.1366990938011456
DP19,DPs,lh,5.0,7826,392,4,0.7400303324879548,285,1.932412731539391
DP19,DPs,lh,10.0,7826,783,3,0.736737409917094,558,3.7245441731242113
DP19,DPs,rh,2.5,8679,217,2,0.7949375434628495,165,1.1089985429998557
DP19,DPs,rh,5.0,8679,434,2,0.9498834858517275,408,2.8345920945589262
DP19,DPs,rh,10.0,8679,868,2,0.9894671680275414,857,6.00259474555097
DP4,DPs,lh,2.5,6831,171,3,0.5179348412924527,79,0.5460316476220428
DP4,DPs,lh,5.0,6831,342,5,0.3826234345073683,108,0.7628275082706544
DP4,DPs,lh,10.0,6831,685,8,0.3487620018184846,248,1.7270706471481807
DP4,DPs,rh,2.5,7576,190,3,0.6390166698926334,118,0.826693306102651
DP4,DPs,rh,5.0,7576,379,1,1.0,379,2.5483349660566166
DP4,DPs,rh,10.0,7576,758,5,0.9480609415906216,696,4.529553240395989
NT20,Controls,lh,2.5,9587,240,2,0.8663486043378517,213,1.3843768969076466
NT20,Controls,lh,5.0,9587,480,4,0.7831097527407777,375,2.462468328965654
NT20,Controls,lh,10.0,9587,960,4,0.9401170762331704,876,5.882632244030023
NT20,Controls,rh,2.5,9420,236,8,0.3396630080871728,78,0.4449571438323966
NT20,Controls,rh,5.0,9420,471,9,0.3760398550912781,179,1.0941622633352803
NT20,Controls,rh,10.0,9420,942,8,0.4370575430889195,397,2.6946715679003166
NT1,Controls,lh,2.5,7670,192,3,0.7560737210584328,140,1.0327929340795037
NT1,Controls,lh,5.0,7670,385,3,0.7110487413237409,261,1.859668681912672
NT1,Controls,lh,10.0,7670,767,4,0.6380844037453268,470,3.1601851682573705
NT1,Controls,rh,2.5,8197,205,2,0.8213830092887402,162,1.0835850127934672
NT1,Controls,rh,5.0,8197,410,5,0.6278109736030111,235,1.616512582324176
NT1,Controls,rh,10.0,8197,820,4,0.4534124609402086,308,2.166907250715894
DP20,DPs,lh,2.5,9235,231,4,0.4065499696739708,94,0.6485959737973854
DP20,DPs,lh,5.0,9235,463,4,0.7031082056317705,329,2.200500361284784
DP20,DPs,lh,10.0,9235,924,2,0.9920132396021122,915,5.963746787693908
DP20,DPs,rh,2.5,10229,256,2,0.9632248460100838,245,1.6996847110695854
DP20,DPs,rh,5.0,10229,512,3,0.8225012312465051,397,2.752881451031003
DP20,DPs,rh,10.0,10229,1023,3,0.6011553846555421,566,3.785524225035117
NT21,Controls,lh,2.5,8111,203,4,0.4826613265100733,87,0.6019491615728882
NT21,Controls,lh,5.0,8111,406,3,0.4288142786050325,163,1.164676157394561
NT21,Controls,lh,10.0,8111,812,4,0.973577420973259,783,5.586947810701981
NT21,Controls,rh,2.5,8009,201,2,0.6616426789037596,133,0.9341301331364764
NT21,Controls,rh,5.0,8009,401,1,1.0,401,2.857145065792395
NT21,Controls,rh,10.0,8009,801,2,0.9976126111283938,796,5.644358620833272
DP21,DPs,lh,2.5,7213,181,4,0.7236309981709383,138,0.9235519875701248
DP21,DPs,lh,5.0,7213,361,7,0.5402139134502195,203,1.2923337244280604
DP21,DPs,lh,10.0,7213,722,8,0.6445309693146073,468,3.1687702557417787
DP21,DPs,rh,2.5,6888,174,2,0.9524522901187495,165,1.0465768434727152
DP21,DPs,rh,5.0,6888,345,8,0.8183339381588671,271,1.828460217469222
DP21,DPs,rh,10.0,6888,689,7,0.6725126773588385,424,2.892912998996085
DP22,DPs,lh,2.5,6632,166,3,0.4270616377057226,69,0.553505010722887
DP22,DPs,lh,5.0,6632,332,3,0.4750129546937016,154,1.169618095178853
DP22,DPs,lh,10.0,6632,664,2,0.58883900608432,402,2.7598243658777744
DP22,DPs,rh,2.5,7036,176,2,0.8487933454705635,138,0.9014877682853852
DP22,DPs,rh,5.0,7036,352,2,0.9909121842132352,348,2.1936105442711495
DP22,DPs,rh,10.0,7036,704,2,0.841892566589222,570,3.7081751185419782
DP23,DPs,lh,2.5,6565,165,5,0.7597660544005655,106,0.6871925302117811
DP23,DPs,lh,5.0,6565,329,3,0.7752674125973599,237,1.5468349791521712
DP23,DPs,lh,10.0,6565,657,4,0.8443371506050049,541,3.4491508797479424
DP23,DPs,rh,2.5,6711,168,8,0.2931056764767933,42,0.2906881937999047
DP23,DPs,rh,5.0,6711,336,5,0.7182003057714542,241,1.6083538878283132
DP23,DPs,rh,10.0,6711,672,6,0.6524944542243801,432,2.8407908521705116
NT22,Controls,lh,2.5,9634,242,6,0.402588243102107,96,0.6837503162607907
NT22,Controls,lh,5.0,9634,482,6,0.5397677609150598,262,1.8444310581546175
NT22,Controls,lh,10.0,9634,966,6,0.8020629787924359,788,5.29295871156238
NT22,Controls,rh,2.5,10391,261,2,0.7428173682287069,179,1.18550088629535
NT22,Controls,rh,5.0,10391,520,3,0.618623504021721,277,1.884510709425962
NT22,Controls,rh,10.0,10391,1041,2,0.9424595849203125,953,6.456602470927692
NT5,Controls,lh,2.5,7443,187,1,1.0,187,1.246931674857929
NT5,Controls,lh,5.0,7443,373,3,0.9499649935372052,354,2.40385897154263
NT5,Controls,lh,10.0,7443,745,6,0.7773642023549898,556,3.729289279945368
NT5,Controls,rh,2.5,7284,183,1,1.0,183,1.1736449301011205
NT5,Controls,rh,5.0,7284,365,2,0.9418873102189116,342,2.3124492345636187
NT5,Controls,rh,10.0,7284,729,2,0.8700101050226837,619,4.2072313181392955
NT23,Controls,lh,2.5,7029,176,4,0.6557822379525573,103,0.6765671556300373
NT23,Controls,lh,5.0,7029,352,7,0.4703915382164412,141,0.915415065607846
NT23,Controls,lh,10.0,7029,703,11,0.4781013438021365,314,1.9881337987729233
NT23,Controls,rh,2.5,7434,186,3,0.5016754069299267,90,0.5580177523197757
NT23,Controls,rh,5.0,7434,372,4,0.4265481199883723,146,0.9660508586901908
NT23,Controls,rh,10.0,7434,744,4,0.3631220718325412,291,1.7468047386045635
NT24,Controls,lh,2.5,7266,182,2,0.5771137120062699,99,0.6163061403887105
NT24,Controls,lh,5.0,7266,364,3,0.5486305196199007,205,1.442003375105819
NT24,Controls,lh,10.0,7266,727,8,0.5332853998436771,387,2.6821399782000337
NT24,Controls,rh,2.5,7381,185,3,0.745917382775491,136,0.8946614177577122
NT24,Controls,rh,5.0,7381,370,2,0.8703351577281648,308,2.1126436751803994
NT24,Controls,rh,10.0,7381,739,7,0.7804203305045198,542,3.679928451699769
NT25,Controls,lh,2.5,9219,231,2,0.8692791236617778,200,1.340666881424912
NT25,Controls,lh,5.0,9219,461,5,0.7384714290547635,320,2.2338820147146072
NT25,Controls,lh,10.0,9219,922,5,0.8240371779053293,717,4.762397081780069
NT25,Controls,rh,2.5,10735,269,3,0.5908150225122334,161,1.0690574993230628
NT25,Controls,rh,5.0,10735,537,5,0.4794249734488774,254,1.7072945941336957
NT25,Controls,rh,10.0,10735,1074,7,0.4579098346887564,494,3.289545355138382
NT26,Controls,lh,2.5,9407,237,4,0.7731772323728752,186,1.189294809255939
NT26,Controls,lh,5.0,9407,471,6,0.6701426990596541,315,2.074635365002586
NT26,Controls,lh,10.0,9407,941,7,0.7942748600905276,735,4.831938867843523
NT26,Controls,rh,2.5,8981,225,4,0.4068315673226966,110,0.7014302687163577
NT26,Controls,rh,5.0,8981,450,3,0.5747794475908102,272,1.8963422122513025
NT26,Controls,rh,10.0,8981,899,6,0.8013825262879773,695,4.725435206372698
DP24,DPs,lh,2.5,8673,217,2,0.9815227504894584,213,1.4532178029838068
DP24,DPs,lh,5.0,8673,434,4,0.903604554388001,393,2.6131883754612364
DP24,DPs,lh,10.0,8673,868,7,0.7614037601037782,624,4.02201861133928
DP24,DPs,rh,2.5,9283,233,3,0.6565122440008906,137,1.0029329214419704
DP24,DPs,rh,5.0,9283,465,4,0.8449561329706553,385,2.5488065377976987
DP24,DPs,rh,10.0,9283,929,9,0.7805057652508688,702,4.569122075109953
DP2,DPs,lh,2.5,7860,197,2,0.9502626386532976,182,1.264530988162088
DP2,DPs,lh,5.0,7860,393,4,0.8560549755565143,329,2.31012082219144
DP2,DPs,lh,10.0,7860,786,6,0.7772399394347861,594,3.8839335035336817
DP2,DPs,rh,2.5,7770,195,2,0.5947610284354173,116,0.7836144742849724
DP2,DPs,rh,5.0,7770,390,2,0.5748877898327404,222,1.4911423391208252
DP2,DPs,rh,10.0,7770,777,6,0.57911640435511,444,3.0284781413447024
DP5,DPs,lh,2.5,6661,167,4,0.4010684124153041,56,0.4634200425587122
DP5,DPs,lh,5.0,6661,334,4,0.5481329770845418,206,1.3169134777653329
DP5,DPs,lh,10.0,6661,667,4,0.8486089684478082,562,4.009118175876064
DP5,DPs,rh,2.5,6259,157,3,0.6976528661405386,103,0.7686159792878238
DP5,DPs,rh,5.0,6259,313,5,0.691236393103295,202,1.47653592483958
DP5,DPs,rh,10.0,6259,626,4,0.6853447902707275,406,2.8356113652814843
NT27,Controls,lh,2.5,8331,209,4,0.6073744835683923,124,0.7599156260803863
NT27,Controls,lh,5.0,8331,418,5,0.4920456401947855,197,1.2487486047431366
NT27,Controls,lh,10.0,8331,834,5,0.910913427371215,760,4.976524280126934
NT27,Controls,rh,2.5,8950,224,2,0.9390488551669274,209,1.5055948969360111
NT27,Controls,rh,5.0,8950,448,1,1.0,448,3.3106841093216484
NT27,Controls,rh,10.0,8950,895,5,0.8644211688272614,736,5.2904639620812715
