sub,group,hemi,sulcus,mean_face_activation
NT7,Controls,lh,mcgs,-0.1782361
NT7,Controls,lh,pos,-0.54663664
NT7,Controls,lh,prculs-d,0.05686229
NT7,Controls,lh,prcus-a,-0.111531675
NT7,Controls,lh,prcus-i,0.11408228
NT7,Controls,lh,prcus-p,0.36421615
NT7,Controls,lh,sbps,0.06707234
NT7,Controls,lh,prculs-v,-0.28069717
NT7,Controls,lh,sspls-v,0.007408765
NT7,Controls,lh,ifrms,-0.1783443
NT7,Controls,rh,mcgs,-0.3177872
NT7,Controls,rh,pos,-0.5262722
NT7,Controls,rh,prculs-d,-0.08455088
NT7,Controls,rh,prcus-a,-0.11666935
NT7,Controls,rh,prcus-i,0.17505597
NT7,Controls,rh,prcus-p,0.42544413
NT7,Controls,rh,sbps,0.08493539
NT7,Controls,rh,prculs-v,0.27838647
NT7,Controls,rh,icgs-p,-0.04768565
NT7,Controls,rh,ifrms,-0.08536587
DP7,DPs,lh,mcgs,-0.05028381
DP7,DPs,lh,pos,-0.08796209
DP7,DPs,lh,prculs-d,-0.12281051
DP7,DPs,lh,prcus-a,0.09585434
DP7,DPs,lh,prcus-i,0.4625173
DP7,DPs,lh,prcus-p,0.17331201
DP7,DPs,lh,sbps,0.42253456
DP7,DPs,lh,sspls-v,-0.28408316
DP7,DPs,lh,icgs-p,-0.029615646
DP7,DPs,lh,ifrms,0.023229338
DP7,DPs,lh,sspls-d,0.03634217
DP7,DPs,rh,mcgs,-0.019910004
DP7,DPs,rh,pos,-0.091565
DP7,DPs,rh,prculs-d,0.15131524
DP7,DPs,rh,prcus-a,0.058738448
DP7,DPs,rh,prcus-i,0.2609728
DP7,DPs,rh,prcus-p,0.39054492
DP7,DPs,rh,sbps,0.3513018
DP7,DPs,rh,icgs-p,-0.17241237
DP7,DPs,rh,ifrms,-0.16110285
DP7,DPs,rh,sspls-d,0.3153221
NT8,Controls,lh,mcgs,-0.27774394
NT8,Controls,lh,pos,-0.4486568
NT8,Controls,lh,prculs-d,-0.2823495
NT8,Controls,lh,prcus-a,-0.035713237
NT8,Controls,lh,prcus-i,-0.06680877
NT8,Controls,lh,prcus-p,0.036639024
NT8,Controls,lh,sbps,-0.04646429
NT8,Controls,lh,ifrms,-0.17416121
NT8,Controls,rh,mcgs,-0.17006801
NT8,Controls,rh,pos,-0.23918195
NT8,Controls,rh,prculs-d,0.09613273
NT8,Controls,rh,prcus-a,-0.03412354
NT8,Controls,rh,prcus-i,0.4715591
NT8,Controls,rh,prcus-p,0.9125638
NT8,Controls,rh,sbps,0.19297121
NT8,Controls,rh,ifrms,0.13662869
NT8,Controls,rh,sspls-d,0.18033677
DP8,DPs,lh,mcgs,0.023581143
DP8,DPs,lh,pos,-0.2899313
DP8,DPs,lh,prculs-d,-0.109021805
DP8,DPs,lh,prcus-a,0.45282182
DP8,DPs,lh,prcus-i,-0.12671347
DP8,DPs,lh,prcus-p,0.06632972
DP8,DPs,lh,sbps,0.0338691
DP8,DPs,lh,prculs-v,0.15677406
DP8,DPs,lh,sspls-v,-0.050299026
DP8,DPs,lh,icgs-p,-0.20247531
DP8,DPs,lh,ifrms,-0.055319797
DP8,DPs,rh,mcgs,0.041763872
DP8,DPs,rh,pos,-0.21763843
DP8,DPs,rh,prculs-d,-0.09841647
DP8,DPs,rh,prcus-a,0.18767507
DP8,DPs,rh,prcus-i,0.18879022
DP8,DPs,rh,prcus-p,-0.024476087
DP8,DPs,rh,sbps,0.067965314
DP8,DPs,rh,sspls-v,0.3522059
DP8,DPs,rh,icgs-p,-0.322642
DP8,DPs,rh,ifrms,-0.05656147
NT9,Controls,lh,mcgs,-0.20523146
NT9,Controls,lh,pos,-0.37940535
NT9,Controls,lh,prculs-d,0.064442396
NT9,Controls,lh,prcus-a,-0.13747908
NT9,Controls,lh,prcus-i,0.4534819
NT9,Controls,lh,prcus-p,0.22165577
NT9,Controls,lh,sbps,-0.18741265
NT9,Controls,lh,sspls-v,-0.031418227
NT9,Controls,lh,icgs-p,-0.19905002
NT9,Controls,lh,ifrms,-0.42179656
NT9,Controls,rh,mcgs,-0.15471347
NT9,Controls,rh,pos,-0.16669379
NT9,Controls,rh,prculs-d,0.111979276
NT9,Controls,rh,prcus-a,-0.15126665
NT9,Controls,rh,prcus-i,-0.118586
NT9,Controls,rh,prcus-p,0.47109807
NT9,Controls,rh,sbps,0.05085415
NT9,Controls,rh,sspls-v,0.91217506
NT9,Controls,rh,ifrms,-0.39718413
DP9,DPs,lh,mcgs,0.061117794
DP9,DPs,lh,pos,-0.17736585
DP9,DPs,lh,prculs-d,-0.101129
DP9,DPs,lh,prcus-a,-0.06628113
DP9,DPs,lh,prcus-i,0.14563106
DP9,DPs,lh,prcus-p,0.5773805
DP9,DPs,lh,sbps,0.4646535
DP9,DPs,lh,sspls-v,0.06993499
DP9,DPs,lh,icgs-p,0.17839324
DP9,DPs,lh,ifrms,-0.01721276
DP9,DPs,lh,sspls-d,0.40054947
DP9,DPs,rh,mcgs,0.011637073
DP9,DPs,rh,pos,-0.18835892
DP9,DPs,rh,prculs-d,-0.06691145
DP9,DPs,rh,prcus-a,-0.12832427
DP9,DPs,rh,prcus-i,0.23408042
DP9,DPs,rh,prcus-p,0.21214335
DP9,DPs,rh,sbps,0.19810154
DP9,DPs,rh,ifrms,0.059000988
DP9,DPs,rh,sspls-d,0.2605862
NT6,Controls,lh,mcgs,-0.070513144
NT6,Controls,lh,pos,-0.13640672
NT6,Controls,lh,prculs-d,-0.04734362
NT6,Controls,lh,prcus-a,-0.18133187
NT6,Controls,lh,prcus-i,-0.033878457
NT6,Controls,lh,prcus-p,-0.05317432
NT6,Controls,lh,sbps,-0.121160686
NT6,Controls,lh,prculs-v,0.23835963
NT6,Controls,lh,sspls-v,-0.27847347
NT6,Controls,lh,icgs-p,-0.22787912
NT6,Controls,lh,ifrms,-0.13931216
NT6,Controls,lh,sspls-d,0.061239243
NT6,Controls,rh,mcgs,0.006956181
NT6,Controls,rh,pos,0.052078236
NT6,Controls,rh,prculs-d,0.11137404
NT6,Controls,rh,prcus-a,-0.14183019
NT6,Controls,rh,prcus-i,0.060685158
NT6,Controls,rh,prcus-p,0.46073285
NT6,Controls,rh,sbps,0.19842927
NT6,Controls,rh,sspls-v,-0.042717922
NT6,Controls,rh,icgs-p,0.015183941
NT6,Controls,rh,ifrms,-0.040269837
DP10,DPs,lh,mcgs,-0.0037208472
DP10,DPs,lh,pos,-0.089492075
DP10,DPs,lh,prculs-d,0.20188284
DP10,DPs,lh,prcus-a,0.13471067
DP10,DPs,lh,prcus-i,0.22117126
DP10,DPs,lh,prcus-p,0.3940555
DP10,DPs,lh,sbps,0.32020482
DP10,DPs,lh,icgs-p,0.30029827
DP10,DPs,lh,ifrms,0.065668255
DP10,DPs,lh,sspls-d,0.41364083
DP10,DPs,rh,mcgs,-0.07348704
DP10,DPs,rh,pos,0.125468
DP10,DPs,rh,prculs-d,0.540311
DP10,DPs,rh,prcus-a,0.11110108
DP10,DPs,rh,prcus-i,-0.0064741657
DP10,DPs,rh,prcus-p,0.2527826
DP10,DPs,rh,sbps,0.2846166
DP10,DPs,rh,ifrms,0.29828864
NT15,Controls,lh,mcgs,-0.13348372
NT15,Controls,lh,pos,-0.040312424
NT15,Controls,lh,prculs-d,-0.13362879
NT15,Controls,lh,prcus-a,-0.1063531
NT15,Controls,lh,prcus-i,0.22591883
NT15,Controls,lh,prcus-p,0.17779447
NT15,Controls,lh,sbps,0.64285433
NT15,Controls,lh,sspls-v,0.24668406
NT15,Controls,lh,ifrms,0.07571293
NT15,Controls,lh,sspls-d,0.707608
NT15,Controls,rh,mcgs,0.077022344
NT15,Controls,rh,pos,-0.07597997
NT15,Controls,rh,prculs-d,-0.48365006
NT15,Controls,rh,prcus-a,-0.20391433
NT15,Controls,rh,prcus-i,0.0985859
NT15,Controls,rh,prcus-p,0.39523104
NT15,Controls,rh,sbps,0.5730922
NT15,Controls,rh,sspls-v,0.82637227
NT15,Controls,rh,ifrms,0.30913994
NT10,Controls,lh,mcgs,-0.046354696
NT10,Controls,lh,pos,-0.2532688
NT10,Controls,lh,prculs-d,0.098594084
NT10,Controls,lh,prcus-a,0.14035276
NT10,Controls,lh,prcus-i,0.25199932
NT10,Controls,lh,prcus-p,1.3010561
NT10,Controls,lh,sbps,0.6405408
NT10,Controls,lh,sspls-v,0.6104539
NT10,Controls,lh,icgs-p,0.1447082
NT10,Controls,lh,ifrms,-0.04630069
NT10,Controls,lh,sspls-d,0.69085455
NT10,Controls,rh,mcgs,-0.0440036
NT10,Controls,rh,pos,-0.3064175
NT10,Controls,rh,prculs-d,0.6328077
NT10,Controls,rh,prcus-a,-0.17461377
NT10,Controls,rh,prcus-i,0.19131285
NT10,Controls,rh,prcus-p,0.5374187
NT10,Controls,rh,sbps,0.2787637
NT10,Controls,rh,sspls-v,1.3779215
NT10,Controls,rh,icgs-p,0.05275631
NT10,Controls,rh,ifrms,0.15240139
NT10,Controls,rh,sspls-d,0.3686788
NT11,Controls,lh,mcgs,-0.15986793
NT11,Controls,lh,pos,-0.11592908
NT11,Controls,lh,prculs-d,0.5193215
NT11,Controls,lh,prcus-a,-0.08598566
NT11,Controls,lh,prcus-i,0.1437555
NT11,Controls,lh,prcus-p,0.6549443
NT11,Controls,lh,sbps,0.15587515
NT11,Controls,lh,sspls-v,0.38575217
NT11,Controls,lh,ifrms,0.48982725
NT11,Controls,rh,mcgs,-0.064329185
NT11,Controls,rh,pos,-0.14084235
NT11,Controls,rh,prculs-d,0.49120337
NT11,Controls,rh,prcus-a,-0.05624743
NT11,Controls,rh,prcus-i,0.079206094
NT11,Controls,rh,prcus-p,0.49748412
NT11,Controls,rh,sbps,0.4578733
NT11,Controls,rh,ifrms,0.2202962
NT12,Controls,lh,mcgs,-0.10234144
NT12,Controls,lh,pos,-0.15140392
NT12,Controls,lh,prculs-d,0.19672304
NT12,Controls,lh,prcus-a,0.0152229965
NT12,Controls,lh,prcus-i,-0.19127503
NT12,Controls,lh,prcus-p,0.0647564
NT12,Controls,lh,sbps,-0.042728268
NT12,Controls,lh,sspls-v,-0.10232013
NT12,Controls,lh,ifrms,0.09663975
NT12,Controls,rh,mcgs,-0.075568326
NT12,Controls,rh,pos,-0.022839064
NT12,Controls,rh,prculs-d,0.62053335
NT12,Controls,rh,prcus-a,0.34431833
NT12,Controls,rh,prcus-i,-0.01717218
NT12,Controls,rh,prcus-p,0.2252507
NT12,Controls,rh,sbps,-0.028599694
NT12,Controls,rh,sspls-v,0.9419623
NT12,Controls,rh,ifrms,0.57060176
NT12,Controls,rh,sspls-d,0.13334921
NT13,Controls,lh,mcgs,-0.23091088
NT13,Controls,lh,pos,-0.47347453
NT13,Controls,lh,prculs-d,-0.1265448
NT13,Controls,lh,prcus-a,-0.6582299
NT13,Controls,lh,prcus-i,-0.05688062
NT13,Controls,lh,prcus-p,0.4775069
NT13,Controls,lh,sbps,-0.026234021
NT13,Controls,lh,sspls-v,-0.10329003
NT13,Controls,lh,ifrms,0.1473785
NT13,Controls,rh,mcgs,-0.28102404
NT13,Controls,rh,pos,-0.47064644
NT13,Controls,rh,prculs-d,-0.16687435
NT13,Controls,rh,prcus-a,-0.4913177
NT13,Controls,rh,prcus-i,0.1348332
NT13,Controls,rh,prcus-p,0.64768195
NT13,Controls,rh,sbps,0.32032102
NT13,Controls,rh,sspls-v,0.7394294
NT13,Controls,rh,ifrms,-0.08227024
DP11,DPs,lh,mcgs,-0.13891686
DP11,DPs,lh,pos,-0.11199041
DP11,DPs,lh,prculs-d,0.04411086
DP11,DPs,lh,prcus-a,0.23858438
DP11,DPs,lh,prcus-i,0.43130374
DP11,DPs,lh,prcus-p,0.95386016
DP11,DPs,lh,sbps,0.38571146
DP11,DPs,lh,sspls-v,0.27859458
DP11,DPs,lh,ifrms,0.6217843
DP11,DPs,rh,mcgs,-0.1391216
DP11,DPs,rh,pos,-0.21782471
DP11,DPs,rh,prculs-d,0.2796669
DP11,DPs,rh,prcus-a,0.6054155
DP11,DPs,rh,prcus-i,0.42835376
DP11,DPs,rh,prcus-p,0.82401055
DP11,DPs,rh,sbps,0.5899681
DP11,DPs,rh,sspls-v,0.43483183
DP11,DPs,rh,icgs-p,0.18214223
DP11,DPs,rh,ifrms,0.43417242
NT14,Controls,lh,mcgs,0.05891219
NT14,Controls,lh,pos,-0.38769874
NT14,Controls,lh,prculs-d,-0.10030478
NT14,Controls,lh,prcus-a,-0.024652828
NT14,Controls,lh,prcus-i,0.104267575
NT14,Controls,lh,prcus-p,0.41958427
NT14,Controls,lh,sbps,0.044284362
NT14,Controls,lh,sspls-v,-0.10452981
NT14,Controls,lh,icgs-p,0.25069165
NT14,Controls,lh,ifrms,-0.045559045
NT14,Controls,rh,mcgs,0.035602298
NT14,Controls,rh,pos,-0.2673506
NT14,Controls,rh,prculs-d,-0.21204726
NT14,Controls,rh,prcus-a,-0.22230484
NT14,Controls,rh,prcus-i,0.04691625
NT14,Controls,rh,prcus-p,-0.16019362
NT14,Controls,rh,sbps,-0.12833779
NT14,Controls,rh,prculs-v,0.2700368
NT14,Controls,rh,icgs-p,-0.028884906
NT14,Controls,rh,ifrms,-0.3239649
DP12,DPs,lh,mcgs,-0.1772178
DP12,DPs,lh,pos,-0.13276498
DP12,DPs,lh,prculs-d,0.24293232
DP12,DPs,lh,prcus-a,0.07035284
DP12,DPs,lh,prcus-i,0.5517412
DP12,DPs,lh,prcus-p,0.6848664
DP12,DPs,lh,sbps,0.30470306
DP12,DPs,lh,prculs-v,0.6243942
DP12,DPs,lh,sspls-v,0.54750204
DP12,DPs,lh,icgs-p,0.5103435
DP12,DPs,lh,ifrms,0.3791114
DP12,DPs,lh,sspls-d,0.96211636
DP12,DPs,rh,mcgs,0.011060622
DP12,DPs,rh,pos,-0.33156332
DP12,DPs,rh,prculs-d,0.14719486
DP12,DPs,rh,prcus-a,0.33102036
DP12,DPs,rh,prcus-i,0.42465165
DP12,DPs,rh,prcus-p,0.6450731
DP12,DPs,rh,sbps,0.27021092
DP12,DPs,rh,sspls-v,0.52505195
DP12,DPs,rh,ifrms,0.17180769
DP12,DPs,rh,sspls-d,0.8259553
NT3,Controls,lh,mcgs,-0.16555984
NT3,Controls,lh,pos,-0.155616
NT3,Controls,lh,prculs-d,0.66804737
NT3,Controls,lh,prcus-a,-0.1465901
NT3,Controls,lh,prcus-i,0.1559383
NT3,Controls,lh,prcus-p,0.056028865
NT3,Controls,lh,sbps,-0.13730982
NT3,Controls,lh,ifrms,0.48458743
NT3,Controls,lh,sspls-d,-0.054785024
NT3,Controls,rh,mcgs,-0.073130935
NT3,Controls,rh,pos,0.118314885
NT3,Controls,rh,prculs-d,0.2856684
NT3,Controls,rh,prcus-a,-0.35140476
NT3,Controls,rh,prcus-i,-0.028559815
NT3,Controls,rh,prcus-p,0.2621015
NT3,Controls,rh,sbps,0.2769803
NT3,Controls,rh,ifrms,0.3421379
NT16,Controls,lh,mcgs,0.056968436
NT16,Controls,lh,pos,0.0814722
NT16,Controls,lh,prculs-d,-0.47506443
NT16,Controls,lh,prcus-a,0.13758613
NT16,Controls,lh,prcus-i,0.38841274
NT16,Controls,lh,prcus-p,0.2443285
NT16,Controls,lh,sbps,-0.017025972
NT16,Controls,lh,prculs-v,-0.27797174
NT16,Controls,lh,sspls-v,0.027804008
NT16,Controls,lh,ifrms,-0.37600356
NT16,Controls,lh,sspls-d,-0.27487868
NT16,Controls,rh,mcgs,0.028158765
NT16,Controls,rh,pos,-0.021235155
NT16,Controls,rh,prculs-d,-0.14891122
NT16,Controls,rh,prcus-a,0.025370806
NT16,Controls,rh,prcus-i,0.48383626
NT16,Controls,rh,prcus-p,0.08041108
NT16,Controls,rh,sbps,0.06452501
NT16,Controls,rh,prculs-v,0.3420127
NT16,Controls,rh,sspls-v,0.00036450298
NT16,Controls,rh,icgs-p,-0.19998284
NT16,Controls,rh,ifrms,-0.15323013
NT16,Controls,rh,sspls-d,-0.1983255
NT17,Controls,lh,mcgs,-0.028124856
NT17,Controls,lh,pos,-0.35953718
NT17,Controls,lh,prculs-d,-0.11538638
NT17,Controls,lh,prcus-a,0.21883394
NT17,Controls,lh,prcus-i,0.2650683
NT17,Controls,lh,prcus-p,0.5594276
NT17,Controls,lh,sbps,0.15734231
NT17,Controls,lh,sspls-v,0.2057651
NT17,Controls,lh,icgs-p,-0.3360332
NT17,Controls,lh,ifrms,-0.045320973
NT17,Controls,rh,mcgs,-0.25776485
NT17,Controls,rh,pos,-0.22692414
NT17,Controls,rh,prculs-d,-0.075365424
NT17,Controls,rh,prcus-a,0.14565182
NT17,Controls,rh,prcus-i,0.10645815
NT17,Controls,rh,prcus-p,0.37215775
NT17,Controls,rh,sbps,0.12510327
NT17,Controls,rh,prculs-v,0.33646467
NT17,Controls,rh,icgs-p,-0.088021144
NT17,Controls,rh,ifrms,-0.05756457
DP13,DPs,lh,mcgs,-0.16441861
DP13,DPs,lh,pos,-0.39977786
DP13,DPs,lh,prculs-d,0.121406466
DP13,DPs,lh,prcus-a,0.1449816
DP13,DPs,lh,prcus-i,0.114577055
DP13,DPs,lh,prcus-p,0.6165752
DP13,DPs,lh,sbps,0.4909876
DP13,DPs,lh,sspls-v,-0.10970654
DP13,DPs,lh,icgs-p,0.48587793
DP13,DPs,lh,ifrms,0.12710135
DP13,DPs,lh,sspls-d,0.27918497
DP13,DPs,rh,mcgs,-0.11833086
DP13,DPs,rh,pos,-0.41591617
DP13,DPs,rh,prculs-d,0.17706068
DP13,DPs,rh,prcus-a,-0.33923692
DP13,DPs,rh,prcus-i,-0.008628381
DP13,DPs,rh,prcus-p,0.5085898
DP13,DPs,rh,sbps,0.073426224
DP13,DPs,rh,icgs-p,-0.08100199
DP13,DPs,rh,ifrms,0.08687344
DP13,DPs,rh,sspls-d,0.09846238
NT18,Controls,lh,mcgs,-0.029248688
NT18,Controls,lh,pos,-0.45644087
NT18,Controls,lh,prculs-d,0.30824247
NT18,Controls,lh,prcus-a,0.23378439
NT18,Controls,lh,prcus-i,0.37634662
NT18,Controls,lh,prcus-p,0.39889678
NT18,Controls,lh,sbps,0.6026741
NT18,Controls,lh,prculs-v,1.104536
NT18,Controls,lh,sspls-v,0.13498418
NT18,Controls,lh,icgs-p,0.18768132
NT18,Controls,lh,ifrms,0.00523654
NT18,Controls,rh,mcgs,0.21384451
NT18,Controls,rh,pos,-0.2566452
NT18,Controls,rh,prculs-d,0.52888197
NT18,Controls,rh,prcus-a,-0.18491219
NT18,Controls,rh,prcus-i,-0.094990715
NT18,Controls,rh,prcus-p,0.64431715
NT18,Controls,rh,sbps,-0.0023379524
NT18,Controls,rh,prculs-v,1.0921549
NT18,Controls,rh,sspls-v,0.7270268
NT18,Controls,rh,ifrms,-0.2824167
NT18,Controls,rh,sspls-d,0.38815692
DP14,DPs,lh,mcgs,-0.16778979
DP14,DPs,lh,pos,-0.2705028
DP14,DPs,lh,prculs-d,0.21765356
DP14,DPs,lh,prcus-a,-0.25337547
DP14,DPs,lh,prcus-i,-0.011940265
DP14,DPs,lh,prcus-p,0.11097383
DP14,DPs,lh,sbps,0.06157368
DP14,DPs,lh,icgs-p,0.114064716
DP14,DPs,lh,ifrms,-0.12940814
DP14,DPs,lh,sspls-d,0.08953166
DP14,DPs,rh,mcgs,-0.11394743
DP14,DPs,rh,pos,-0.20793918
DP14,DPs,rh,prculs-d,0.10453436
DP14,DPs,rh,prcus-a,-0.0392472
DP14,DPs,rh,prcus-i,-0.17067605
DP14,DPs,rh,prcus-p,0.10908158
DP14,DPs,rh,sbps,0.20489761
DP14,DPs,rh,prculs-v,0.4664042
DP14,DPs,rh,icgs-p,0.12163312
DP14,DPs,rh,ifrms,-0.06558619
DP14,DPs,rh,sspls-d,-0.033615436
DP15,DPs,lh,mcgs,-0.44307762
DP15,DPs,lh,pos,-0.501447
DP15,DPs,lh,prculs-d,-0.4861783
DP15,DPs,lh,prcus-a,-0.07043454
DP15,DPs,lh,prcus-i,-0.022705097
DP15,DPs,lh,prcus-p,-0.104197614
DP15,DPs,lh,sbps,0.07622682
DP15,DPs,lh,sspls-v,-0.91320837
DP15,DPs,lh,ifrms,-0.15275209
DP15,DPs,rh,mcgs,-0.32498276
DP15,DPs,rh,pos,-0.34339544
DP15,DPs,rh,prculs-d,0.44940135
DP15,DPs,rh,prcus-a,-0.606379
DP15,DPs,rh,prcus-i,0.012501331
DP15,DPs,rh,prcus-p,0.08468163
DP15,DPs,rh,sbps,0.14113632
DP15,DPs,rh,prculs-v,0.23672952
DP15,DPs,rh,icgs-p,-0.13987991
DP15,DPs,rh,ifrms,-0.19432934
DP15,DPs,rh,sspls-d,-0.030207263
DP3,DPs,lh,mcgs,-0.14759056
DP3,DPs,lh,pos,-0.16166313
DP3,DPs,lh,prculs-d,0.12463247
DP3,DPs,lh,prcus-a,0.054317534
DP3,DPs,lh,prcus-i,0.014767653
DP3,DPs,lh,prcus-p,0.7414692
DP3,DPs,lh,sbps,0.27491358
DP3,DPs,lh,ifrms,0.0059770923
DP3,DPs,rh,mcgs,-0.20179169
DP3,DPs,rh,pos,-0.019623553
DP3,DPs,rh,prculs-d,0.053597067
DP3,DPs,rh,prcus-a,-0.26717117
DP3,DPs,rh,prcus-i,-0.078810446
DP3,DPs,rh,prcus-p,0.89271843
DP3,DPs,rh,sbps,0.4412958
DP3,DPs,rh,icgs-p,0.095748745
DP3,DPs,rh,ifrms,-0.17229971
DP16,DPs,lh,mcgs,0.02909812
DP16,DPs,lh,pos,-0.12055006
DP16,DPs,lh,prculs-d,-0.13195886
DP16,DPs,lh,prcus-a,0.14924
DP16,DPs,lh,prcus-i,0.06160918
DP16,DPs,lh,prcus-p,0.34794185
DP16,DPs,lh,sbps,0.03370633
DP16,DPs,lh,prculs-v,0.17435403
DP16,DPs,lh,sspls-v,0.18482913
DP16,DPs,lh,icgs-p,-0.27249175
DP16,DPs,lh,ifrms,0.10182412
DP16,DPs,rh,mcgs,-0.042859912
DP16,DPs,rh,pos,-0.2653743
DP16,DPs,rh,prculs-d,-0.14565234
DP16,DPs,rh,prcus-a,-0.13616678
DP16,DPs,rh,prcus-i,-0.038166143
DP16,DPs,rh,prcus-p,0.19407612
DP16,DPs,rh,sbps,0.2505873
DP16,DPs,rh,prculs-v,0.21196924
DP16,DPs,rh,sspls-v,0.12954542
DP16,DPs,rh,icgs-p,-0.21059445
DP16,DPs,rh,ifrms,-0.075444706
NT19,Controls,lh,mcgs,-0.009781163
NT19,Controls,lh,pos,-0.13497348
NT19,Controls,lh,prculs-d,0.10406673
NT19,Controls,lh,prcus-a,0.10152125
NT19,Controls,lh,prcus-i,0.49895766
NT19,Controls,lh,prcus-p,0.7278305
NT19,Controls,lh,sbps,0.10348985
NT19,Controls,lh,prculs-v,0.384002
NT19,Controls,lh,icgs-p,0.16900441
NT19,Controls,lh,ifrms,-0.049067486
NT19,Controls,lh,sspls-d,0.05328337
NT19,Controls,rh,mcgs,-0.00017866508
NT19,Controls,rh,pos,-0.21194296
NT19,Controls,rh,prculs-d,0.021936838
NT19,Controls,rh,prcus-a,-0.014323207
NT19,Controls,rh,prcus-i,0.5576511
NT19,Controls,rh,prcus-p,0.7403523
NT19,Controls,rh,sbps,0.17028579
NT19,Controls,rh,ifrms,0.033296693
NT19,Controls,rh,sspls-d,0.25384048
DP17,DPs,lh,mcgs,-0.20291315
DP17,DPs,lh,pos,-0.29352877
DP17,DPs,lh,prculs-d,0.12908807
DP17,DPs,lh,prcus-a,-0.21787661
DP17,DPs,lh,prcus-i,0.09150958
DP17,DPs,lh,prcus-p,-0.018105444
DP17,DPs,lh,sbps,0.052122395
DP17,DPs,lh,prculs-v,0.21823831
DP17,DPs,lh,icgs-p,-0.108144574
DP17,DPs,lh,ifrms,-0.116628565
DP17,DPs,rh,mcgs,-0.17525952
DP17,DPs,rh,pos,-0.47736257
DP17,DPs,rh,prculs-d,0.2582884
DP17,DPs,rh,prcus-a,0.30089986
DP17,DPs,rh,prcus-i,0.22699188
DP17,DPs,rh,prcus-p,0.14604993
DP17,DPs,rh,sbps,0.22723642
DP17,DPs,rh,icgs-p,-0.01843676
DP17,DPs,rh,ifrms,0.12745577
DP17,DPs,rh,sspls-d,-0.36816472
DP18,DPs,lh,mcgs,-0.1532415
DP18,DPs,lh,pos,-0.053016476
DP18,DPs,lh,prculs-d,0.21037784
DP18,DPs,lh,prcus-a,0.24104576
DP18,DPs,lh,prcus-i,0.13971889
DP18,DPs,lh,prcus-p,0.30125886
DP18,DPs,lh,sbps,0.24125376
DP18,DPs,lh,sspls-v,0.10462651
DP18,DPs,lh,icgs-p,0.06663453
DP18,DPs,lh,ifrms,0.2631368
DP18,DPs,rh,mcgs,-0.1122878
DP18,DPs,rh,pos,-0.025034808
DP18,DPs,rh,prculs-d,0.14339891
DP18,DPs,rh,prcus-a,0.35754466
DP18,DPs,rh,prcus-i,-0.13434498
DP18,DPs,rh,prcus-p,0.52704686
DP18,DPs,rh,sbps,0.30077976
DP18,DPs,rh,sspls-v,0.33743617
DP18,DPs,rh,ifrms,0.015259956
DP19,DPs,lh,mcgs,-0.103332445
DP19,DPs,lh,pos,-0.31612897
DP19,DPs,lh,prculs-d,0.13190573
DP19,DPs,lh,prcus-a,-0.029762154
DP19,DPs,lh,prcus-i,0.21212177
DP19,DPs,lh,prcus-p,0.5831279
DP19,DPs,lh,sbps,0.2582652
DP19,DPs,lh,ifrms,0.51390254
DP19,DPs,lh,sspls-d,0.58015895
DP19,DPs,rh,mcgs,-0.029301403
DP19,DPs,rh,pos,-0.40229893
DP19,DPs,rh,prculs-d,0.25324497
DP19,DPs,rh,prcus-a,-0.05565383
DP19,DPs,rh,prcus-i,0.2526534
DP19,DPs,rh,prcus-p,0.3539558
DP19,DPs,rh,sbps,0.33867761
DP19,DPs,rh,icgs-p,0.3048412
DP19,DPs,rh,ifrms,0.18856028
DP19,DPs,rh,sspls-d,-0.12900211
DP4,DPs,lh,mcgs,-0.17450821
DP4,DPs,lh,pos,-0.23301686
DP4,DPs,lh,prculs-d,-0.2317106
DP4,DPs,lh,prcus-a,0.115510054
DP4,DPs,lh,prcus-i,0.023718547
DP4,DPs,lh,prcus-p,0.13392691
DP4,DPs,lh,sbps,0.024504501
DP4,DPs,lh,icgs-p,0.035319958
DP4,DPs,lh,ifrms,0.00411258
DP4,DPs,rh,mcgs,-0.11235946
DP4,DPs,rh,pos,-0.15108421
DP4,DPs,rh,prculs-d,0.13290367
DP4,DPs,rh,prcus-a,-0.15752725
DP4,DPs,rh,prcus-i,0.13777627
DP4,DPs,rh,prcus-p,0.36514223
DP4,DPs,rh,sbps,-0.012584982
DP4,DPs,rh,prculs-v,0.09403763
DP4,DPs,rh,sspls-v,-0.58943146
DP4,DPs,rh,icgs-p,0.017845664
DP4,DPs,rh,ifrms,-0.14394644
NT20,Controls,lh,mcgs,-0.14689618
NT20,Controls,lh,pos,-0.13025284
NT20,Controls,lh,prculs-d,0.15144193
NT20,Controls,lh,prcus-a,0.023973249
NT20,Controls,lh,prcus-i,0.116234526
NT20,Controls,lh,prcus-p,0.8791564
NT20,Controls,lh,sbps,0.23816794
NT20,Controls,lh,prculs-v,0.4381351
NT20,Controls,lh,sspls-v,-0.36063248
NT20,Controls,lh,icgs-p,0.29060066
NT20,Controls,lh,ifrms,-0.47262666
NT20,Controls,rh,mcgs,0.088046744
NT20,Controls,rh,pos,-0.15280493
NT20,Controls,rh,prculs-d,0.22134449
NT20,Controls,rh,prcus-a,-0.065430306
NT20,Controls,rh,prcus-i,0.18243942
NT20,Controls,rh,prcus-p,0.20709488
NT20,Controls,rh,sbps,-0.007122406
NT20,Controls,rh,prculs-v,0.42992118
NT20,Controls,rh,sspls-v,0.74651575
NT20,Controls,rh,icgs-p,0.087170914
NT20,Controls,rh,ifrms,-0.1647893
NT20,Controls,rh,sspls-d,0.06898276
NT1,Controls,lh,mcgs,-0.09360131
NT1,Controls,lh,pos,-0.2970247
NT1,Controls,lh,prculs-d,-0.23778592
NT1,Controls,lh,prcus-a,0.3736658
NT1,Controls,lh,prcus-i,0.90413946
NT1,Controls,lh,prcus-p,0.43176052
NT1,Controls,lh,sbps,0.25537345
NT1,Controls,lh,prculs-v,0.30398184
NT1,Controls,lh,sspls-v,-0.4072466
NT1,Controls,lh,icgs-p,-0.30709857
NT1,Controls,lh,ifrms,-0.18978438
NT1,Controls,lh,sspls-d,-0.19527537
NT1,Controls,rh,mcgs,-0.08003096
NT1,Controls,rh,pos,-0.12052524
NT1,Controls,rh,prculs-d,0.2550937
NT1,Controls,rh,prcus-a,0.6052715
NT1,Controls,rh,prcus-i,0.21511513
NT1,Controls,rh,prcus-p,-0.1011338
NT1,Controls,rh,sbps,0.24192828
NT1,Controls,rh,sspls-v,0.13578562
NT1,Controls,rh,icgs-p,-0.22974217
NT1,Controls,rh,ifrms,-0.00049895316
DP20,DPs,lh,mcgs,-0.025811324
DP20,DPs,lh,pos,0.11188548
DP20,DPs,lh,prculs-d,0.09087
DP20,DPs,lh,prcus-a,0.028078573
DP20,DPs,lh,prcus-i,0.04878235
DP20,DPs,lh,prcus-p,0.7807885
DP20,DPs,lh,sbps,0.26224446
DP20,DPs,lh,prculs-v,0.2569074
DP20,DPs,lh,sspls-v,0.108379245
DP20,DPs,lh,icgs-p,0.23106423
DP20,DPs,lh,ifrms,0.03155759
DP20,DPs,lh,sspls-d,0.6714866
DP20,DPs,rh,mcgs,0.0044049723
DP20,DPs,rh,pos,-0.12525193
DP20,DPs,rh,prculs-d,0.14752226
DP20,DPs,rh,prcus-a,0.17189404
DP20,DPs,rh,prcus-i,0.86823803
DP20,DPs,rh,prcus-p,0.22812918
DP20,DPs,rh,sbps,0.36675552
DP20,DPs,rh,ifrms,0.09835193
NT21,Controls,lh,mcgs,-0.097158104
NT21,Controls,lh,pos,-0.36352095
NT21,Controls,lh,prculs-d,-0.14312534
NT21,Controls,lh,prcus-a,-0.082751356
NT21,Controls,lh,prcus-i,0.3195429
NT21,Controls,lh,prcus-p,-0.11800688
NT21,Controls,lh,sbps,0.07098388
NT21,Controls,lh,prculs-v,0.012018225
NT21,Controls,lh,sspls-v,-0.340095
NT21,Controls,lh,icgs-p,0.01626651
NT21,Controls,lh,ifrms,-0.103659086
NT21,Controls,rh,mcgs,-0.19376507
NT21,Controls,rh,pos,-0.33340606
NT21,Controls,rh,prculs-d,-0.037134916
NT21,Controls,rh,prcus-a,-0.28311527
NT21,Controls,rh,prcus-i,0.048679307
NT21,Controls,rh,prcus-p,0.5944708
NT21,Controls,rh,sbps,0.07765443
NT21,Controls,rh,sspls-v,0.02305955
NT21,Controls,rh,icgs-p,0.051169366
NT21,Controls,rh,ifrms,-0.01452287
NT21,Controls,rh,sspls-d,-0.08648294
DP21,DPs,lh,mcgs,0.12804045
DP21,DPs,lh,pos,-0.04472247
DP21,DPs,lh,prculs-d,0.54477143
DP21,DPs,lh,prcus-a,0.27914697
DP21,DPs,lh,prcus-i,0.24428108
DP21,DPs,lh,prcus-p,0.4143013
DP21,DPs,lh,sbps,0.1200445
DP21,DPs,lh,prculs-v,0.49781388
DP21,DPs,lh,sspls-v,0.21735506
DP21,DPs,lh,ifrms,0.22638299
DP21,DPs,rh,mcgs,-0.14381316
DP21,DPs,rh,pos,-0.16591856
DP21,DPs,rh,prculs-d,0.51942194
DP21,DPs,rh,prcus-a,0.2517824
DP21,DPs,rh,prcus-i,0.19849926
DP21,DPs,rh,prcus-p,0.3238127
DP21,DPs,rh,sbps,0.14570814
DP21,DPs,rh,ifrms,0.14052674
DP21,DPs,rh,sspls-d,0.32865426
DP22,DPs,lh,mcgs,-0.074100986
DP22,DPs,lh,pos,-0.29830483
DP22,DPs,lh,prculs-d,-0.35590747
DP22,DPs,lh,prcus-a,0.42260537
DP22,DPs,lh,prcus-i,0.6700564
DP22,DPs,lh,prcus-p,0.28519997
DP22,DPs,lh,sbps,0.5028304
DP22,DPs,lh,ifrms,0.043161806
DP22,DPs,rh,mcgs,-0.07190781
DP22,DPs,rh,pos,-0.21861319
DP22,DPs,rh,prculs-d,-0.42183357
DP22,DPs,rh,prcus-a,-0.093302295
DP22,DPs,rh,prcus-i,0.42605743
DP22,DPs,rh,prcus-p,0.05999461
DP22,DPs,rh,sbps,0.45770377
DP22,DPs,rh,prculs-v,0.7361403
DP22,DPs,rh,ifrms,0.052783445
DP23,DPs,lh,mcgs,-0.26702115
DP23,DPs,lh,pos,-0.21152435
DP23,DPs,lh,prculs-d,-0.39374265
DP23,DPs,lh,prcus-a,0.033152528
DP23,DPs,lh,prcus-i,0.15031032
DP23,DPs,lh,prcus-p,0.09229818
DP23,DPs,lh,sbps,0.08849713
DP23,DPs,lh,sspls-v,-0.35848594
DP23,DPs,lh,ifrms,-0.15005425
DP23,DPs,rh,mcgs,-0.31639656
DP23,DPs,rh,pos,-0.33479732
DP23,DPs,rh,prculs-d,-0.07787624
DP23,DPs,rh,prcus-a,-0.2422253
DP23,DPs,rh,prcus-i,0.29630947
DP23,DPs,rh,prcus-p,0.19014585
DP23,DPs,rh,sbps,-0.0473708
DP23,DPs,rh,prculs-v,-0.0041906834
DP23,DPs,rh,ifrms,-0.035508916
NT22,Controls,lh,mcgs,0.043023016
NT22,Controls,lh,pos,-0.28389385
NT22,Controls,lh,prculs-d,-0.22355267
NT22,Controls,lh,prcus-a,0.26365215
NT22,Controls,lh,prcus-i,0.4382538
NT22,Controls,lh,prcus-p,0.19614398
NT22,Controls,lh,sbps,0.31206158
NT22,Controls,lh,icgs-p,0.25221193
NT22,Controls,lh,ifrms,-0.038974877
NT22,Controls,rh,mcgs,0.019132929
NT22,Controls,rh,pos,-0.2661964
NT22,Controls,rh,prculs-d,-0.351471
NT22,Controls,rh,prcus-a,-0.041544322
NT22,Controls,rh,prcus-i,0.15325667
NT22,Controls,rh,prcus-p,0.23231535
NT22,Controls,rh,sbps,0.10503073
NT22,Controls,rh,sspls-v,0.23729482
NT22,Controls,rh,icgs-p,0.029603025
NT22,Controls,rh,ifrms,0.00340328
NT5,Controls,lh,mcgs,-0.045655496
NT5,Controls,lh,pos,-0.15286435
NT5,Controls,lh,prculs-d,0.39724585
NT5,Controls,lh,prcus-a,0.18758334
NT5,Controls,lh,prcus-i,0.89677346
NT5,Controls,lh,prcus-p,0.6519445
NT5,Controls,lh,sbps,0.28518772
NT5,Controls,lh,sspls-v,-0.779057
NT5,Controls,lh,icgs-p,0.13395813
NT5,Controls,lh,ifrms,0.23241653
NT5,Controls,lh,sspls-d,0.721246
NT5,Controls,rh,mcgs,0.019017205
NT5,Controls,rh,pos,-0.080446936
NT5,Controls,rh,prculs-d,0.4688449
NT5,Controls,rh,prcus-a,0.5275505
NT5,Controls,rh,prcus-i,1.0756168
NT5,Controls,rh,prcus-p,0.41762745
NT5,Controls,rh,sbps,0.34670818
NT5,Controls,rh,sspls-v,-0.18221323
NT5,Controls,rh,icgs-p,0.39156246
NT5,Controls,rh,ifrms,0.2594475
NT5,Controls,rh,sspls-d,0.46961933
NT23,Controls,lh,mcgs,0.13409784
NT23,Controls,lh,pos,0.14626807
NT23,Controls,lh,prculs-d,0.46404263
NT23,Controls,lh,prcus-a,0.19778924
NT23,Controls,lh,prcus-i,0.42752975
NT23,Controls,lh,prcus-p,0.6708208
NT23,Controls,lh,sbps,0.24267048
NT23,Controls,lh,ifrms,0.15149097
NT23,Controls,lh,sspls-d,0.09523364
NT23,Controls,rh,mcgs,0.14735499
NT23,Controls,rh,pos,0.15663528
NT23,Controls,rh,prculs-d,0.6301362
NT23,Controls,rh,prcus-a,0.18157738
NT23,Controls,rh,prcus-i,0.44555616
NT23,Controls,rh,prcus-p,0.35678643
NT23,Controls,rh,sbps,0.076809086
NT23,Controls,rh,sspls-v,0.3145421
NT23,Controls,rh,ifrms,0.06351316
NT24,Controls,lh,mcgs,-0.25879744
NT24,Controls,lh,pos,-0.31677294
NT24,Controls,lh,prculs-d,0.01661464
NT24,Controls,lh,prcus-a,0.09474121
NT24,Controls,lh,prcus-i,0.18063499
NT24,Controls,lh,prcus-p,0.1230418
NT24,Controls,lh,sbps,-0.18587828
NT24,Controls,lh,sspls-v,0.42165515
NT24,Controls,lh,ifrms,-0.5295881
NT24,Controls,lh,sspls-d,0.11713221
NT24,Controls,rh,mcgs,-0.069763154
NT24,Controls,rh,pos,-0.17220682
NT24,Controls,rh,prculs-d,0.07601548
NT24,Controls,rh,prcus-a,0.041681312
NT24,Controls,rh,prcus-i,0.19428235
NT24,Controls,rh,prcus-p,0.22873579
NT24,Controls,rh,sbps,-0.053848974
NT24,Controls,rh,prculs-v,0.33251178
NT24,Controls,rh,sspls-v,0.5418234
NT24,Controls,rh,icgs-p,-0.13899854
NT24,Controls,rh,ifrms,-0.15977104
NT25,Controls,lh,mcgs,-0.20160846
NT25,Controls,lh,pos,-0.28380898
NT25,Controls,lh,prculs-d,0.8483839
NT25,Controls,lh,prcus-a,0.1999949
NT25,Controls,lh,prcus-i,0.043189973
NT25,Controls,lh,prcus-p,0.5862939
NT25,Controls,lh,sbps,0.02434112
NT25,Controls,lh,prculs-v,0.43617666
NT25,Controls,lh,sspls-v,-0.90963584
NT25,Controls,lh,icgs-p,0.2404702
NT25,Controls,lh,ifrms,0.5325095
NT25,Controls,lh,sspls-d,0.42123526
NT25,Controls,rh,mcgs,-0.11901338
NT25,Controls,rh,pos,0.004327073
NT25,Controls,rh,prculs-d,0.6407717
NT25,Controls,rh,prcus-a,0.15042919
NT25,Controls,rh,prcus-i,0.2987779
NT25,Controls,rh,prcus-p,0.45162067
NT25,Controls,rh,sbps,-0.014576871
NT25,Controls,rh,sspls-v,0.047909245
NT25,Controls,rh,icgs-p,0.33294654
NT25,Controls,rh,ifrms,0.2352227
NT25,Controls,rh,sspls-d,-0.055959303
NT26,Controls,lh,mcgs,-0.06668068
NT26,Controls,lh,pos,-0.43806672
NT26,Controls,lh,prculs-d,-0.14420353
NT26,Controls,lh,prcus-a,0.050036967
NT26,Controls,lh,prcus-i,0.15359195
NT26,Controls,lh,prcus-p,0.24741745
NT26,Controls,lh,sbps,-0.18045394
NT26,Controls,lh,prculs-v,-0.28390497
NT26,Controls,lh,sspls-v,-0.038733978
NT26,Controls,lh,ifrms,0.06519536
NT26,Controls,lh,sspls-d,-0.108800165
NT26,Controls,rh,mcgs,-0.1417343
NT26,Controls,rh,pos,-0.30231783
NT26,Controls,rh,prculs-d,0.44274879
NT26,Controls,rh,prcus-a,-0.06356341
NT26,Controls,rh,prcus-i,-0.07388215
NT26,Controls,rh,prcus-p,0.29142556
NT26,Controls,rh,sbps,0.05128479
NT26,Controls,rh,prculs-v,0.94696593
NT26,Controls,rh,sspls-v,0.50335675
NT26,Controls,rh,ifrms,0.32565886
NT26,Controls,rh,sspls-d,-0.11924893
DP24,DPs,lh,mcgs,0.25545278
DP24,DPs,lh,pos,0.31898737
DP24,DPs,lh,prculs-d,0.6670336
DP24,DPs,lh,prcus-a,0.108679526
DP24,DPs,lh,prcus-i,0.12857425
DP24,DPs,lh,prcus-p,0.7719497
DP24,DPs,lh,sbps,-0.20364428
DP24,DPs,lh,sspls-v,-0.56870943
DP24,DPs,lh,icgs-p,0.1148135
DP24,DPs,lh,ifrms,-0.046973553
DP24,DPs,rh,mcgs,0.23563178
DP24,DPs,rh,pos,0.3273052
DP24,DPs,rh,prculs-d,0.7631876
DP24,DPs,rh,prcus-a,0.13676064
DP24,DPs,rh,prcus-i,0.22944224
DP24,DPs,rh,prcus-p,0.4244311
DP24,DPs,rh,sbps,0.04723836
DP24,DPs,rh,sspls-v,-0.025991583
DP24,DPs,rh,icgs-p,-0.20345381
DP24,DPs,rh,ifrms,0.012002604
DP2,DPs,lh,mcgs,-0.04299978
DP2,DPs,lh,pos,-0.13560632
DP2,DPs,lh,prculs-d,0.21446408
DP2,DPs,lh,prcus-a,0.27608132
DP2,DPs,lh,prcus-i,0.16842715
DP2,DPs,lh,prcus-p,0.10445898
DP2,DPs,lh,sbps,0.34067547
DP2,DPs,lh,prculs-v,0.5834228
DP2,DPs,lh,sspls-v,0.27803233
DP2,DPs,lh,ifrms,0.18140277
DP2,DPs,rh,mcgs,-0.06395559
DP2,DPs,rh,pos,-0.08055798
DP2,DPs,rh,prculs-d,0.5584219
DP2,DPs,rh,prcus-a,0.14866614
DP2,DPs,rh,prcus-i,0.355859
DP2,DPs,rh,prcus-p,0.49948305
DP2,DPs,rh,sbps,0.3480687
DP2,DPs,rh,prculs-v,0.17593737
DP2,DPs,rh,sspls-v,0.19116865
DP2,DPs,rh,ifrms,0.1999207
DP2,DPs,rh,sspls-d,0.23437066
DP5,DPs,lh,mcgs,-0.10904266
DP5,DPs,lh,pos,-0.4040896
DP5,DPs,lh,prculs-d,-0.41532955
DP5,DPs,lh,prcus-a,0.2656367
DP5,DPs,lh,prcus-i,0.30947888
DP5,DPs,lh,prcus-p,-0.078245565
DP5,DPs,lh,sbps,0.20069139
DP5,DPs,lh,sspls-v,-0.13482718
DP5,DPs,lh,ifrms,-0.13239095
DP5,DPs,lh,sspls-d,0.4215163
DP5,DPs,rh,mcgs,-0.14426635
DP5,DPs,rh,pos,-0.18449274
DP5,DPs,rh,prculs-d,0.16476306
DP5,DPs,rh,prcus-a,0.090004414
DP5,DPs,rh,prcus-i,-0.06611945
DP5,DPs,rh,prcus-p,0.40765792
DP5,DPs,rh,sbps,0.08188598
DP5,DPs,rh,prculs-v,0.38209
DP5,DPs,rh,sspls-v,0.042541984
DP5,DPs,rh,icgs-p,-0.104141235
DP5,DPs,rh,ifrms,0.42745966
NT27,Controls,lh,mcgs,-0.11500153
NT27,Controls,lh,pos,-0.31090057
NT27,Controls,lh,prculs-d,0.08130264
NT27,Controls,lh,prcus-a,0.36353588
NT27,Controls,lh,prcus-i,0.6434412
NT27,Controls,lh,prcus-p,0.6278188
NT27,Controls,lh,sbps,0.34656808
NT27,Controls,lh,sspls-v,-0.31768245
NT27,Controls,lh,ifrms,0.47010848
NT27,Controls,lh,sspls-d,0.10412413
NT27,Controls,rh,mcgs,-0.12237078
NT27,Controls,rh,pos,-0.15268116
NT27,Controls,rh,prculs-d,0.68292975
NT27,Controls,rh,prcus-a,0.17445621
NT27,Controls,rh,prcus-i,0.57988316
NT27,Controls,rh,prcus-p,0.37055576
NT27,Controls,rh,sbps,0.25800243
NT27,Controls,rh,sspls-v,0.3893479
NT27,Controls,rh,icgs-p,0.3559953
NT27,Controls,rh,ifrms,0.12804183
NT27,Controls,rh,sspls-d,0.32487485
100206,HCP_Controls,lh,mcgs,0.0035916736815124
100206,HCP_Controls,lh,pos,-1.189173579216
100206,HCP_Controls,lh,prculs-d,-0.608246028423309
100206,HCP_Controls,lh,prcus-a,0.811773896217346
100206,HCP_Controls,lh,prcus-i,0.371481895446777
100206,HCP_Controls,lh,prcus-p,1.92840731143951
100206,HCP_Controls,lh,sbps,0.533618271350861
100206,HCP_Controls,lh,prculs-v,2.86638355255127
100206,HCP_Controls,lh,sspls-v,1.0897296667099
100206,HCP_Controls,lh,ifrms,0.329395532608032
100206,HCP_Controls,lh,sspls-d,2.2375316619873
100206,HCP_Controls,rh,mcgs,-0.232107356190681
100206,HCP_Controls,rh,pos,-1.67925596237183
100206,HCP_Controls,rh,prculs-d,-0.399003893136978
100206,HCP_Controls,rh,prcus-a,-0.470212280750275
100206,HCP_Controls,rh,prcus-i,0.731367230415344
100206,HCP_Controls,rh,prcus-p,2.67465710639954
100206,HCP_Controls,rh,sbps,0.545314729213715
100206,HCP_Controls,rh,icgs-p,0.556046843528748
100206,HCP_Controls,rh,ifrms,-1.02159333229065
100206,HCP_Controls,rh,sspls-d,0.129046976566315
100307,HCP_Controls,lh,mcgs,0.531841099262238
100307,HCP_Controls,lh,pos,-0.517054080963135
100307,HCP_Controls,lh,prculs-d,0.0719280391931534
100307,HCP_Controls,lh,prcus-a,1.93084144592285
100307,HCP_Controls,lh,prcus-i,1.14502215385437
100307,HCP_Controls,lh,prcus-p,2.36998915672302
100307,HCP_Controls,lh,sbps,1.08195579051971
100307,HCP_Controls,lh,prculs-v,4.16125679016113
100307,HCP_Controls,lh,sspls-v,0.211413994431496
100307,HCP_Controls,lh,icgs-p,0.303676396608353
100307,HCP_Controls,lh,ifrms,0.0879447311162949
100307,HCP_Controls,rh,mcgs,0.0983827263116836
100307,HCP_Controls,rh,pos,-1.61876130104065
100307,HCP_Controls,rh,prculs-d,-1.86568534374237
100307,HCP_Controls,rh,prcus-a,-0.0398099720478058
100307,HCP_Controls,rh,prcus-i,0.768378615379333
100307,HCP_Controls,rh,prcus-p,0.825951933860779
100307,HCP_Controls,rh,sbps,1.02339935302734
100307,HCP_Controls,rh,ifrms,-0.93696266412735
100408,HCP_Controls,lh,mcgs,-0.542855679988861
100408,HCP_Controls,lh,pos,-1.07456529140472
100408,HCP_Controls,lh,prculs-d,-0.764974057674408
100408,HCP_Controls,lh,prcus-a,0.313138723373413
100408,HCP_Controls,lh,prcus-i,-0.391280055046082
100408,HCP_Controls,lh,prcus-p,-0.293888747692108
100408,HCP_Controls,lh,sbps,2.07769727706909
100408,HCP_Controls,lh,sspls-v,1.07800197601318
100408,HCP_Controls,lh,icgs-p,-0.774202108383179
100408,HCP_Controls,lh,ifrms,-1.53801012039185
100408,HCP_Controls,lh,sspls-d,-1.9853343963623
100408,HCP_Controls,rh,mcgs,-0.250429540872574
100408,HCP_Controls,rh,pos,-0.606485426425934
100408,HCP_Controls,rh,prculs-d,-1.50938951969147
100408,HCP_Controls,rh,prcus-a,0.699627220630646
100408,HCP_Controls,rh,prcus-i,1.02026093006134
100408,HCP_Controls,rh,prcus-p,0.708800673484802
100408,HCP_Controls,rh,sbps,0.818275928497314
100408,HCP_Controls,rh,icgs-p,-0.0245502721518278
100408,HCP_Controls,rh,ifrms,-0.54725992679596
100610,HCP_Controls,lh,mcgs,-0.793952584266663
100610,HCP_Controls,lh,pos,-1.57890462875366
100610,HCP_Controls,lh,prculs-d,-3.60681772232056
100610,HCP_Controls,lh,prcus-a,1.42214965820312
100610,HCP_Controls,lh,prcus-i,-0.678737461566925
100610,HCP_Controls,lh,prcus-p,1.03956651687622
100610,HCP_Controls,lh,sbps,0.914576172828674
100610,HCP_Controls,lh,prculs-v,2.66249752044678
100610,HCP_Controls,lh,sspls-v,0.113827720284462
100610,HCP_Controls,lh,ifrms,0.219212010502815
100610,HCP_Controls,rh,mcgs,-0.712174117565155
100610,HCP_Controls,rh,pos,-2.2161877155304
100610,HCP_Controls,rh,prculs-d,-0.227785035967827
100610,HCP_Controls,rh,prcus-a,1.90380680561066
100610,HCP_Controls,rh,prcus-i,0.65679258108139
100610,HCP_Controls,rh,prcus-p,2.39462971687317
100610,HCP_Controls,rh,sbps,1.54232704639435
100610,HCP_Controls,rh,icgs-p,-0.712361991405487
100610,HCP_Controls,rh,ifrms,-0.252342909574509
101006,HCP_Controls,lh,mcgs,-0.480523705482483
101006,HCP_Controls,lh,pos,-0.98688280582428
101006,HCP_Controls,lh,prculs-d,-1.30363237857819
101006,HCP_Controls,lh,prcus-a,0.288350820541382
101006,HCP_Controls,lh,prcus-i,0.104292795062065
101006,HCP_Controls,lh,prcus-p,1.67284834384918
101006,HCP_Controls,lh,sbps,0.0251304749399424
101006,HCP_Controls,lh,prculs-v,1.9128839969635
101006,HCP_Controls,lh,sspls-v,0.650069713592529
101006,HCP_Controls,lh,ifrms,-0.40496900677681
101006,HCP_Controls,lh,sspls-d,1.23404312133789
101006,HCP_Controls,rh,mcgs,-0.61077219247818
101006,HCP_Controls,rh,pos,-1.99984049797058
101006,HCP_Controls,rh,prculs-d,-1.29707407951355
101006,HCP_Controls,rh,prcus-a,-1.14710998535156
101006,HCP_Controls,rh,prcus-i,-0.682795882225037
101006,HCP_Controls,rh,prcus-p,-0.167820423841476
101006,HCP_Controls,rh,sbps,0.160253524780273
101006,HCP_Controls,rh,prculs-v,1.07090127468109
101006,HCP_Controls,rh,sspls-v,-1.09659850597382
101006,HCP_Controls,rh,icgs-p,-2.27954649925232
101006,HCP_Controls,rh,ifrms,-0.192948549985886
101107,HCP_Controls,lh,mcgs,0.120809763669968
101107,HCP_Controls,lh,pos,-0.780935406684875
101107,HCP_Controls,lh,prculs-d,-1.80697536468506
101107,HCP_Controls,lh,prcus-a,-0.0297219883650541
101107,HCP_Controls,lh,prcus-i,-1.08322691917419
101107,HCP_Controls,lh,prcus-p,0.385079443454742
101107,HCP_Controls,lh,sbps,-0.219818040728569
101107,HCP_Controls,lh,icgs-p,-0.203137889504433
101107,HCP_Controls,lh,ifrms,1.04276859760284
101107,HCP_Controls,rh,mcgs,1.20874762535095
101107,HCP_Controls,rh,pos,-0.756580471992493
101107,HCP_Controls,rh,prculs-d,-1.06517457962036
101107,HCP_Controls,rh,prcus-a,1.91587996482849
101107,HCP_Controls,rh,prcus-i,-0.172893360257149
101107,HCP_Controls,rh,prcus-p,0.52266252040863
101107,HCP_Controls,rh,sbps,0.770453453063965
101107,HCP_Controls,rh,prculs-v,0.0389559045433998
101107,HCP_Controls,rh,icgs-p,-0.340009123086929
101107,HCP_Controls,rh,ifrms,-1.01814484596252
180937,HCP_Controls,lh,mcgs,-0.38889279961586
180937,HCP_Controls,lh,pos,-2.1702938079834
180937,HCP_Controls,lh,prculs-d,-1.6679310798645
180937,HCP_Controls,lh,prcus-a,-0.644802093505859
180937,HCP_Controls,lh,prcus-i,1.1061784029007
180937,HCP_Controls,lh,prcus-p,0.820161163806915
180937,HCP_Controls,lh,sbps,-0.343083411455154
180937,HCP_Controls,lh,prculs-v,-0.497691333293915
180937,HCP_Controls,lh,icgs-p,-0.318942129611969
180937,HCP_Controls,lh,ifrms,-0.399710267782211
180937,HCP_Controls,lh,sspls-d,0.178839594125748
180937,HCP_Controls,rh,mcgs,-0.159335389733315
180937,HCP_Controls,rh,pos,-2.0105984210968
180937,HCP_Controls,rh,prculs-d,-2.6494824886322
180937,HCP_Controls,rh,prcus-a,0.176570773124695
180937,HCP_Controls,rh,prcus-i,0.0396112017333508
180937,HCP_Controls,rh,prcus-p,1.77875185012817
180937,HCP_Controls,rh,sbps,-0.250625312328339
180937,HCP_Controls,rh,prculs-v,-0.0293121132999659
180937,HCP_Controls,rh,icgs-p,-0.327106475830078
180937,HCP_Controls,rh,ifrms,-1.09252393245697
180937,HCP_Controls,rh,sspls-d,3.15580558776855
268749,HCP_Controls,lh,mcgs,-0.476808726787567
268749,HCP_Controls,lh,pos,-1.30266857147217
268749,HCP_Controls,lh,prculs-d,-0.176720544695854
268749,HCP_Controls,lh,prcus-a,0.156888216733932
268749,HCP_Controls,lh,prcus-i,0.874130368232727
268749,HCP_Controls,lh,prcus-p,0.723471283912659
268749,HCP_Controls,lh,sbps,0.102724947035313
268749,HCP_Controls,lh,icgs-p,1.150235414505
268749,HCP_Controls,lh,ifrms,1.45749378204346
268749,HCP_Controls,lh,sspls-d,-0.27166548371315
268749,HCP_Controls,rh,mcgs,-0.389152139425278
268749,HCP_Controls,rh,pos,-2.05250883102417
268749,HCP_Controls,rh,prculs-d,-0.851696074008942
268749,HCP_Controls,rh,prcus-a,-1.57503068447113
268749,HCP_Controls,rh,prcus-i,-0.0412812978029251
268749,HCP_Controls,rh,prcus-p,1.28598856925964
268749,HCP_Controls,rh,sbps,0.203486040234566
268749,HCP_Controls,rh,icgs-p,0.931092202663422
268749,HCP_Controls,rh,ifrms,-0.710146963596344
268749,HCP_Controls,rh,sspls-d,-0.810500919818878
365343,HCP_Controls,lh,mcgs,0.545923948287964
365343,HCP_Controls,lh,pos,-0.107735991477966
365343,HCP_Controls,lh,prculs-d,0.0355704165995121
365343,HCP_Controls,lh,prcus-a,0.904684841632843
365343,HCP_Controls,lh,prcus-i,2.27412247657776
365343,HCP_Controls,lh,prcus-p,1.87223720550537
365343,HCP_Controls,lh,sbps,-0.213352158665657
365343,HCP_Controls,lh,sspls-v,0.306675970554352
365343,HCP_Controls,lh,icgs-p,0.514105319976807
365343,HCP_Controls,lh,ifrms,-1.49947679042816
365343,HCP_Controls,lh,sspls-d,-0.142132610082626
365343,HCP_Controls,rh,mcgs,1.04565715789795
365343,HCP_Controls,rh,pos,-0.53605729341507
365343,HCP_Controls,rh,prculs-d,1.15886092185974
365343,HCP_Controls,rh,prcus-a,-0.792981803417206
365343,HCP_Controls,rh,prcus-i,2.34123849868774
365343,HCP_Controls,rh,prcus-p,1.37635850906372
365343,HCP_Controls,rh,sbps,0.543048083782196
365343,HCP_Controls,rh,sspls-v,1.18903505802155
365343,HCP_Controls,rh,icgs-p,-0.523586094379425
365343,HCP_Controls,rh,ifrms,-2.66304135322571
531536,HCP_Controls,lh,mcgs,1.36151599884033
531536,HCP_Controls,lh,pos,0.0322590619325638
531536,HCP_Controls,lh,prculs-d,0.329845935106277
531536,HCP_Controls,lh,prcus-a,1.11731398105621
531536,HCP_Controls,lh,prcus-i,1.62481510639191
531536,HCP_Controls,lh,prcus-p,2.00401854515076
531536,HCP_Controls,lh,sbps,3.34037089347839
531536,HCP_Controls,lh,prculs-v,3.91421031951904
531536,HCP_Controls,lh,sspls-v,2.56088829040527
531536,HCP_Controls,lh,ifrms,2.06984853744507
531536,HCP_Controls,lh,sspls-d,2.33888673782349
531536,HCP_Controls,rh,mcgs,0.896459937095642
531536,HCP_Controls,rh,pos,-0.688592374324799
531536,HCP_Controls,rh,prculs-d,0.844342172145844
531536,HCP_Controls,rh,prcus-a,0.531720399856567
531536,HCP_Controls,rh,prcus-i,0.0584320798516273
531536,HCP_Controls,rh,prcus-p,-0.153238967061043
531536,HCP_Controls,rh,sbps,1.76793456077576
531536,HCP_Controls,rh,prculs-v,3.87550139427185
531536,HCP_Controls,rh,sspls-v,0.6836878657341
531536,HCP_Controls,rh,icgs-p,2.97062587738037
531536,HCP_Controls,rh,ifrms,2.69799852371216
112920,HCP_Controls,lh,mcgs,-0.456760436296463
112920,HCP_Controls,lh,pos,-1.38705635070801
112920,HCP_Controls,lh,prculs-d,-0.659015536308289
112920,HCP_Controls,lh,prcus-a,-0.189179986715317
112920,HCP_Controls,lh,prcus-i,0.919183075428009
112920,HCP_Controls,lh,prcus-p,0.645020306110382
112920,HCP_Controls,lh,sbps,0.539186000823975
112920,HCP_Controls,lh,prculs-v,1.34265112876892
112920,HCP_Controls,lh,sspls-v,-1.18756484985352
112920,HCP_Controls,lh,icgs-p,-0.043433416634798
112920,HCP_Controls,lh,ifrms,0.590786635875702
112920,HCP_Controls,lh,sspls-d,1.46637856960297
112920,HCP_Controls,rh,mcgs,-0.372535765171051
112920,HCP_Controls,rh,pos,-1.86747741699219
112920,HCP_Controls,rh,prculs-d,-0.120164766907692
112920,HCP_Controls,rh,prcus-a,-0.933953642845154
112920,HCP_Controls,rh,prcus-i,0.839174270629883
112920,HCP_Controls,rh,prcus-p,2.07914471626282
112920,HCP_Controls,rh,sbps,1.67970490455627
112920,HCP_Controls,rh,prculs-v,1.37125563621521
112920,HCP_Controls,rh,sspls-v,2.73280358314514
112920,HCP_Controls,rh,icgs-p,0.666338503360748
112920,HCP_Controls,rh,ifrms,-1.1378470659256
112920,HCP_Controls,rh,sspls-d,1.27932965755463
176744,HCP_Controls,lh,mcgs,0.311610013246536
176744,HCP_Controls,lh,pos,-1.21069610118866
176744,HCP_Controls,lh,prculs-d,-0.626933217048645
176744,HCP_Controls,lh,prcus-a,0.583437621593475
176744,HCP_Controls,lh,prcus-i,-0.393029153347015
176744,HCP_Controls,lh,prcus-p,2.40093564987183
176744,HCP_Controls,lh,sbps,0.69307017326355
176744,HCP_Controls,lh,ifrms,1.1173050403595
176744,HCP_Controls,rh,mcgs,0.450017333030701
176744,HCP_Controls,rh,pos,-2.94044065475464
176744,HCP_Controls,rh,prculs-d,-1.51014029979706
176744,HCP_Controls,rh,prcus-a,-0.133519753813744
176744,HCP_Controls,rh,prcus-i,1.01953756809235
176744,HCP_Controls,rh,prcus-p,3.19360327720642
176744,HCP_Controls,rh,sbps,1.09310984611511
176744,HCP_Controls,rh,icgs-p,-1.04860925674438
176744,HCP_Controls,rh,ifrms,0.419907867908478
176744,HCP_Controls,rh,sspls-d,1.47343564033508
151425,HCP_Controls,lh,mcgs,-0.751570403575897
151425,HCP_Controls,lh,pos,-0.970016598701477
151425,HCP_Controls,lh,prculs-d,-0.27780294418335
151425,HCP_Controls,lh,prcus-a,-1.01646840572357
151425,HCP_Controls,lh,prcus-i,-1.57954037189484
151425,HCP_Controls,lh,prcus-p,0.885398864746094
151425,HCP_Controls,lh,sbps,1.51162922382355
151425,HCP_Controls,lh,prculs-v,2.65929484367371
151425,HCP_Controls,lh,icgs-p,0.282646715641022
151425,HCP_Controls,lh,ifrms,0.518082439899445
151425,HCP_Controls,lh,sspls-d,1.94497609138489
151425,HCP_Controls,rh,mcgs,-1.6702698469162
151425,HCP_Controls,rh,pos,-1.98601591587067
151425,HCP_Controls,rh,prculs-d,-1.08446609973907
151425,HCP_Controls,rh,prcus-a,-1.6746826171875
151425,HCP_Controls,rh,prcus-i,0.121864728629589
151425,HCP_Controls,rh,prcus-p,1.21822965145111
151425,HCP_Controls,rh,sbps,0.9904465675354
151425,HCP_Controls,rh,prculs-v,1.92184007167816
151425,HCP_Controls,rh,ifrms,0.695030152797699
644044,HCP_Controls,lh,mcgs,-0.46278914809227
644044,HCP_Controls,lh,pos,-0.499645799398422
644044,HCP_Controls,lh,prculs-d,-0.651432454586029
644044,HCP_Controls,lh,prcus-a,-0.694931626319885
644044,HCP_Controls,lh,prcus-i,-0.806771457195282
644044,HCP_Controls,lh,prcus-p,-0.434659123420715
644044,HCP_Controls,lh,sbps,0.253423869609833
644044,HCP_Controls,lh,sspls-v,-0.11302488297224
644044,HCP_Controls,lh,icgs-p,1.33674812316895
644044,HCP_Controls,lh,ifrms,1.24796998500824
644044,HCP_Controls,rh,mcgs,-1.6433322429657
644044,HCP_Controls,rh,pos,-1.63538300991058
644044,HCP_Controls,rh,prculs-d,0.167381301522255
644044,HCP_Controls,rh,prcus-a,-1.34445357322693
644044,HCP_Controls,rh,prcus-i,-0.216300413012505
644044,HCP_Controls,rh,prcus-p,-1.61330211162567
644044,HCP_Controls,rh,sbps,0.30339702963829
644044,HCP_Controls,rh,sspls-v,0.671088993549347
644044,HCP_Controls,rh,ifrms,1.43993103504181
128127,HCP_Controls,lh,mcgs,0.353403657674789
128127,HCP_Controls,lh,pos,-1.22260892391205
128127,HCP_Controls,lh,prculs-d,2.38112211227417
128127,HCP_Controls,lh,prcus-a,-0.580954253673553
128127,HCP_Controls,lh,prcus-i,1.48215901851654
128127,HCP_Controls,lh,prcus-p,2.93125057220459
128127,HCP_Controls,lh,sbps,1.93395149707794
128127,HCP_Controls,lh,prculs-v,3.64206743240356
128127,HCP_Controls,lh,sspls-v,0.812546908855438
128127,HCP_Controls,lh,ifrms,0.0981064662337303
128127,HCP_Controls,rh,mcgs,1.01145923137665
128127,HCP_Controls,rh,pos,-1.07804918289185
128127,HCP_Controls,rh,prculs-d,1.89805781841278
128127,HCP_Controls,rh,prcus-a,1.67100548744202
128127,HCP_Controls,rh,prcus-i,1.7009871006012
128127,HCP_Controls,rh,prcus-p,1.60467612743378
128127,HCP_Controls,rh,sbps,0.999329745769501
128127,HCP_Controls,rh,prculs-v,5.26478910446167
128127,HCP_Controls,rh,sspls-v,0.239077553153038
128127,HCP_Controls,rh,ifrms,-1.31256425380707
146937,HCP_Controls,lh,mcgs,0.968383848667145
146937,HCP_Controls,lh,pos,0.166410550475121
146937,HCP_Controls,lh,prculs-d,1.00969529151917
146937,HCP_Controls,lh,prcus-a,0.841684639453888
146937,HCP_Controls,lh,prcus-i,1.00234019756317
146937,HCP_Controls,lh,prcus-p,2.00918936729431
146937,HCP_Controls,lh,sbps,1.37210273742676
146937,HCP_Controls,lh,sspls-v,-0.392132192850113
146937,HCP_Controls,lh,icgs-p,0.339375704526901
146937,HCP_Controls,lh,ifrms,2.14747095108032
146937,HCP_Controls,lh,sspls-d,2.26668405532837
146937,HCP_Controls,rh,mcgs,1.29000532627106
146937,HCP_Controls,rh,pos,-0.153813406825066
146937,HCP_Controls,rh,prculs-d,0.749192774295807
146937,HCP_Controls,rh,prcus-a,0.479606926441193
146937,HCP_Controls,rh,prcus-i,1.02167856693268
146937,HCP_Controls,rh,prcus-p,2.38388729095459
146937,HCP_Controls,rh,sbps,-0.261625558137894
146937,HCP_Controls,rh,sspls-v,0.785415649414062
146937,HCP_Controls,rh,ifrms,0.437623500823975
585256,HCP_Controls,lh,mcgs,-0.726206660270691
585256,HCP_Controls,lh,pos,-0.197306200861931
585256,HCP_Controls,lh,prculs-d,0.6643505692482
585256,HCP_Controls,lh,prcus-a,0.849284589290619
585256,HCP_Controls,lh,prcus-i,0.808168888092041
585256,HCP_Controls,lh,prcus-p,1.05490052700043
585256,HCP_Controls,lh,sbps,-0.319064557552338
585256,HCP_Controls,lh,sspls-v,-1.03352952003479
585256,HCP_Controls,lh,ifrms,-2.10465979576111
585256,HCP_Controls,lh,sspls-d,-1.09945273399353
585256,HCP_Controls,rh,mcgs,0.298806041479111
585256,HCP_Controls,rh,pos,-0.615331292152405
585256,HCP_Controls,rh,prculs-d,1.30997455120087
585256,HCP_Controls,rh,prcus-a,1.54549336433411
585256,HCP_Controls,rh,prcus-i,0.79094672203064
585256,HCP_Controls,rh,prcus-p,1.20519530773163
585256,HCP_Controls,rh,sbps,1.36363935470581
585256,HCP_Controls,rh,prculs-v,2.01358866691589
585256,HCP_Controls,rh,sspls-v,2.48433518409729
585256,HCP_Controls,rh,ifrms,-1.06349468231201
867468,HCP_Controls,lh,mcgs,1.61793613433838
867468,HCP_Controls,lh,pos,0.173104718327522
867468,HCP_Controls,lh,prculs-d,1.66648352146149
867468,HCP_Controls,lh,prcus-a,2.2047278881073
867468,HCP_Controls,lh,prcus-i,1.71765184402466
867468,HCP_Controls,lh,prcus-p,2.23170399665833
867468,HCP_Controls,lh,sbps,1.50419235229492
867468,HCP_Controls,lh,prculs-v,3.61423063278198
867468,HCP_Controls,lh,sspls-v,2.20141363143921
867468,HCP_Controls,lh,icgs-p,0.261885941028595
867468,HCP_Controls,lh,ifrms,0.902025163173676
867468,HCP_Controls,rh,mcgs,1.21667397022247
867468,HCP_Controls,rh,pos,0.2371556609869
867468,HCP_Controls,rh,prculs-d,0.257072687149048
867468,HCP_Controls,rh,prcus-a,0.971004247665405
867468,HCP_Controls,rh,prcus-i,1.83290040493011
867468,HCP_Controls,rh,prcus-p,1.22035872936249
867468,HCP_Controls,rh,sbps,1.43901324272156
867468,HCP_Controls,rh,sspls-v,0.548957586288452
867468,HCP_Controls,rh,ifrms,-0.185732915997505
380036,HCP_Controls,lh,mcgs,-0.329462319612503
380036,HCP_Controls,lh,pos,-2.13977837562561
380036,HCP_Controls,lh,prculs-d,-0.936267077922821
380036,HCP_Controls,lh,prcus-a,-0.776114761829376
380036,HCP_Controls,lh,prcus-i,-0.183646589517593
380036,HCP_Controls,lh,prcus-p,0.185688316822052
380036,HCP_Controls,lh,sbps,0.78266304731369
380036,HCP_Controls,lh,prculs-v,2.80342221260071
380036,HCP_Controls,lh,sspls-v,0.352235406637192
380036,HCP_Controls,lh,icgs-p,0.46082866191864
380036,HCP_Controls,lh,ifrms,0.598649501800537
380036,HCP_Controls,lh,sspls-d,0.474173963069916
380036,HCP_Controls,rh,mcgs,-0.693476498126984
380036,HCP_Controls,rh,pos,-2.34681820869446
380036,HCP_Controls,rh,prculs-d,-1.50077652931213
380036,HCP_Controls,rh,prcus-a,0.0158504266291857
380036,HCP_Controls,rh,prcus-i,0.799860417842865
380036,HCP_Controls,rh,prcus-p,1.22471511363983
380036,HCP_Controls,rh,sbps,0.704792261123657
380036,HCP_Controls,rh,prculs-v,0.830745458602905
380036,HCP_Controls,rh,sspls-v,-1.13638722896576
380036,HCP_Controls,rh,icgs-p,-0.403898239135742
380036,HCP_Controls,rh,ifrms,-1.49241244792938
380036,HCP_Controls,rh,sspls-d,4.4317135810852
522434,HCP_Controls,lh,mcgs,0.69290953874588
522434,HCP_Controls,lh,pos,-0.406277179718018
522434,HCP_Controls,lh,prculs-d,2.1416597366333
522434,HCP_Controls,lh,prcus-a,0.925416767597198
522434,HCP_Controls,lh,prcus-i,4.30601453781128
522434,HCP_Controls,lh,prcus-p,1.73916661739349
522434,HCP_Controls,lh,sbps,1.86200833320618
522434,HCP_Controls,lh,icgs-p,0.309016853570938
522434,HCP_Controls,lh,ifrms,1.63660264015198
522434,HCP_Controls,rh,mcgs,0.427831739187241
522434,HCP_Controls,rh,pos,-1.05351161956787
522434,HCP_Controls,rh,prculs-d,1.65798223018646
522434,HCP_Controls,rh,prcus-a,-1.25420391559601
522434,HCP_Controls,rh,prcus-i,1.61552941799164
522434,HCP_Controls,rh,prcus-p,3.45386862754822
522434,HCP_Controls,rh,sbps,2.14455604553223
522434,HCP_Controls,rh,ifrms,0.650822699069977
522434,HCP_Controls,rh,sspls-d,1.06829118728638
214019,HCP_Controls,lh,mcgs,-0.857833981513977
214019,HCP_Controls,lh,pos,-1.19622898101807
214019,HCP_Controls,lh,prculs-d,0.271254897117615
214019,HCP_Controls,lh,prcus-a,0.110940173268318
214019,HCP_Controls,lh,prcus-i,0.265907317399979
214019,HCP_Controls,lh,prcus-p,2.18357419967651
214019,HCP_Controls,lh,sbps,0.761694967746735
214019,HCP_Controls,lh,sspls-v,-0.305545181035995
214019,HCP_Controls,lh,ifrms,1.30318653583527
214019,HCP_Controls,rh,mcgs,-0.956216871738434
214019,HCP_Controls,rh,pos,-1.5819079875946
214019,HCP_Controls,rh,prculs-d,-0.963822960853577
214019,HCP_Controls,rh,prcus-a,-0.039308812469244
214019,HCP_Controls,rh,prcus-i,1.12908172607422
214019,HCP_Controls,rh,prcus-p,-0.161874547600746
214019,HCP_Controls,rh,sbps,0.816501975059509
214019,HCP_Controls,rh,prculs-v,5.57757568359375
214019,HCP_Controls,rh,icgs-p,-0.447218239307404
214019,HCP_Controls,rh,ifrms,-0.1972386687994
185947,HCP_Controls,lh,mcgs,0.064414732158184
185947,HCP_Controls,lh,pos,-1.47591269016266
185947,HCP_Controls,lh,prculs-d,-0.733686327934265
185947,HCP_Controls,lh,prcus-a,0.273934245109558
185947,HCP_Controls,lh,prcus-i,1.62806761264801
185947,HCP_Controls,lh,prcus-p,3.19621753692627
185947,HCP_Controls,lh,sbps,1.68962490558624
185947,HCP_Controls,lh,sspls-v,0.416275352239609
185947,HCP_Controls,lh,icgs-p,0.789711892604828
185947,HCP_Controls,lh,ifrms,1.24935793876648
185947,HCP_Controls,rh,mcgs,-0.163869276642799
185947,HCP_Controls,rh,pos,-1.86653697490692
185947,HCP_Controls,rh,prculs-d,-1.26654350757599
185947,HCP_Controls,rh,prcus-a,3.14075660705566
185947,HCP_Controls,rh,prcus-i,0.306174695491791
185947,HCP_Controls,rh,prcus-p,0.40251687169075
185947,HCP_Controls,rh,sbps,1.86036717891693
185947,HCP_Controls,rh,prculs-v,1.90382897853851
185947,HCP_Controls,rh,icgs-p,1.18844413757324
185947,HCP_Controls,rh,ifrms,0.422611147165298
185947,HCP_Controls,rh,sspls-d,0.682396352291107
144125,HCP_Controls,lh,mcgs,2.4071536064148
144125,HCP_Controls,lh,pos,0.307649463415146
144125,HCP_Controls,lh,prculs-d,-0.120037831366062
144125,HCP_Controls,lh,prcus-a,3.3436336517334
144125,HCP_Controls,lh,prcus-i,0.83407711982727
144125,HCP_Controls,lh,prcus-p,1.20340943336487
144125,HCP_Controls,lh,sbps,3.67317938804626
144125,HCP_Controls,lh,prculs-v,5.7669825553894
144125,HCP_Controls,lh,ifrms,2.67848896980286
144125,HCP_Controls,rh,mcgs,0.696183741092682
144125,HCP_Controls,rh,pos,0.279531210660934
144125,HCP_Controls,rh,prculs-d,-0.935055375099182
144125,HCP_Controls,rh,prcus-a,2.20236825942993
144125,HCP_Controls,rh,prcus-i,0.139283940196037
144125,HCP_Controls,rh,prcus-p,0.216155335307121
144125,HCP_Controls,rh,sbps,1.79903733730316
144125,HCP_Controls,rh,sspls-v,3.95022702217102
144125,HCP_Controls,rh,icgs-p,0.891140103340149
144125,HCP_Controls,rh,ifrms,1.98033893108368
566454,HCP_Controls,lh,mcgs,0.179149821400642
566454,HCP_Controls,lh,pos,-0.686048686504364
566454,HCP_Controls,lh,prculs-d,-0.320762991905212
566454,HCP_Controls,lh,prcus-a,1.31137132644653
566454,HCP_Controls,lh,prcus-i,1.58671164512634
566454,HCP_Controls,lh,prcus-p,1.17878150939941
566454,HCP_Controls,lh,sbps,1.00901031494141
566454,HCP_Controls,lh,ifrms,1.82595801353455
566454,HCP_Controls,rh,mcgs,-0.0443106926977634
566454,HCP_Controls,rh,pos,-1.11913955211639
566454,HCP_Controls,rh,prculs-d,-0.0703411921858788
566454,HCP_Controls,rh,prcus-a,-0.402606755495071
566454,HCP_Controls,rh,prcus-i,-1.07922041416168
566454,HCP_Controls,rh,prcus-p,1.32634711265564
566454,HCP_Controls,rh,sbps,1.559734582901
566454,HCP_Controls,rh,icgs-p,-0.428334414958954
566454,HCP_Controls,rh,ifrms,0.496455013751984
566454,HCP_Controls,rh,sspls-d,1.31671667098999
151829,HCP_Controls,lh,mcgs,-0.0516816601157188
151829,HCP_Controls,lh,pos,-0.947851300239563
151829,HCP_Controls,lh,prculs-d,-0.055292434990406
151829,HCP_Controls,lh,prcus-a,-0.10365068167448
151829,HCP_Controls,lh,prcus-i,1.01294100284576
151829,HCP_Controls,lh,prcus-p,1.24278783798218
151829,HCP_Controls,lh,sbps,0.370040267705917
151829,HCP_Controls,lh,sspls-v,0.452232182025909
151829,HCP_Controls,lh,ifrms,-1.06200897693634
151829,HCP_Controls,lh,sspls-d,0.611041486263275
151829,HCP_Controls,rh,mcgs,-0.237444937229156
151829,HCP_Controls,rh,pos,-1.23342871665955
151829,HCP_Controls,rh,prculs-d,0.428719639778137
151829,HCP_Controls,rh,prcus-a,-0.520056486129761
151829,HCP_Controls,rh,prcus-i,1.15256953239441
151829,HCP_Controls,rh,prcus-p,0.441322535276413
151829,HCP_Controls,rh,sbps,-0.631930351257324
151829,HCP_Controls,rh,prculs-v,3.2707347869873
151829,HCP_Controls,rh,sspls-v,1.08386874198914
151829,HCP_Controls,rh,ifrms,0.119728796184063
151829,HCP_Controls,rh,sspls-d,-0.125088915228844
679770,HCP_Controls,lh,mcgs,1.45603013038635
679770,HCP_Controls,lh,pos,-1.68550109863281
679770,HCP_Controls,lh,prculs-d,-0.363752961158752
679770,HCP_Controls,lh,prcus-a,1.07317447662354
679770,HCP_Controls,lh,prcus-i,1.72357952594757
679770,HCP_Controls,lh,prcus-p,1.08842480182648
679770,HCP_Controls,lh,sbps,2.0731737613678
679770,HCP_Controls,lh,prculs-v,1.38013207912445
679770,HCP_Controls,lh,sspls-v,1.0300532579422
679770,HCP_Controls,lh,icgs-p,1.42167735099792
679770,HCP_Controls,lh,ifrms,-0.194421783089638
679770,HCP_Controls,rh,mcgs,1.16174721717834
679770,HCP_Controls,rh,pos,-1.58316814899445
679770,HCP_Controls,rh,prculs-d,0.0929143950343132
679770,HCP_Controls,rh,prcus-a,1.18293154239655
679770,HCP_Controls,rh,prcus-i,1.31445825099945
679770,HCP_Controls,rh,prcus-p,0.504658997058868
679770,HCP_Controls,rh,sbps,-0.243170872330666
679770,HCP_Controls,rh,icgs-p,2.2449643611908
679770,HCP_Controls,rh,ifrms,0.436859577894211
910241,HCP_Controls,lh,mcgs,-1.85317182540894
910241,HCP_Controls,lh,pos,-1.56958675384521
910241,HCP_Controls,lh,prculs-d,-1.63525092601776
910241,HCP_Controls,lh,prcus-a,-0.903742611408234
910241,HCP_Controls,lh,prcus-i,1.3951153755188
910241,HCP_Controls,lh,prcus-p,0.850914537906647
910241,HCP_Controls,lh,sbps,1.0760178565979
910241,HCP_Controls,lh,prculs-v,0.290304929018021
910241,HCP_Controls,lh,icgs-p,-0.878145456314087
910241,HCP_Controls,lh,ifrms,0.482257395982742
910241,HCP_Controls,rh,mcgs,-0.938731074333191
910241,HCP_Controls,rh,pos,-1.89564633369446
910241,HCP_Controls,rh,prculs-d,-1.99486517906189
910241,HCP_Controls,rh,prcus-a,-0.419914841651917
910241,HCP_Controls,rh,prcus-i,-1.79680788516998
910241,HCP_Controls,rh,prcus-p,0.345047682523727
910241,HCP_Controls,rh,sbps,0.788138270378113
910241,HCP_Controls,rh,prculs-v,0.499889999628067
910241,HCP_Controls,rh,icgs-p,-0.462720572948456
910241,HCP_Controls,rh,ifrms,-0.238784417510033
910241,HCP_Controls,rh,sspls-d,-0.449356287717819
107725,HCP_Controls,lh,mcgs,-0.13515517115593
107725,HCP_Controls,lh,pos,-1.23780429363251
107725,HCP_Controls,lh,prculs-d,-1.17699217796326
107725,HCP_Controls,lh,prcus-a,-0.911324858665466
107725,HCP_Controls,lh,prcus-i,0.0091102421283721
107725,HCP_Controls,lh,prcus-p,1.0302848815918
107725,HCP_Controls,lh,sbps,-2.49775385856628
107725,HCP_Controls,lh,sspls-v,-2.47643518447876
107725,HCP_Controls,lh,icgs-p,0.671086072921753
107725,HCP_Controls,lh,ifrms,-1.37848246097565
107725,HCP_Controls,lh,sspls-d,-0.989574313163757
107725,HCP_Controls,rh,mcgs,1.10024523735046
107725,HCP_Controls,rh,pos,-2.67014765739441
107725,HCP_Controls,rh,prculs-d,-0.401463210582733
107725,HCP_Controls,rh,prcus-a,2.09227871894836
107725,HCP_Controls,rh,prcus-i,1.38711929321289
107725,HCP_Controls,rh,prcus-p,-0.569498300552368
107725,HCP_Controls,rh,sbps,-0.84663200378418
107725,HCP_Controls,rh,prculs-v,1.91452729701996
107725,HCP_Controls,rh,sspls-v,-0.619454026222229
107725,HCP_Controls,rh,icgs-p,0.365034729242325
107725,HCP_Controls,rh,ifrms,0.323211938142776
959574,HCP_Controls,lh,mcgs,-1.08489716053009
959574,HCP_Controls,lh,pos,-2.57146215438843
959574,HCP_Controls,lh,prculs-d,-1.49731111526489
959574,HCP_Controls,lh,prcus-a,0.147084385156631
959574,HCP_Controls,lh,prcus-i,-0.751492738723755
959574,HCP_Controls,lh,prcus-p,0.894979059696198
959574,HCP_Controls,lh,sbps,0.532271981239319
959574,HCP_Controls,lh,sspls-v,-0.860353469848633
959574,HCP_Controls,lh,icgs-p,-1.09173846244812
959574,HCP_Controls,lh,ifrms,0.938295006752014
959574,HCP_Controls,lh,sspls-d,0.231385588645935
959574,HCP_Controls,rh,mcgs,-0.145136669278145
959574,HCP_Controls,rh,pos,-2.07965636253357
959574,HCP_Controls,rh,prculs-d,-1.8866879940033
959574,HCP_Controls,rh,prcus-a,0.331188559532166
959574,HCP_Controls,rh,prcus-i,-0.544760465621948
959574,HCP_Controls,rh,prcus-p,-0.554612636566162
959574,HCP_Controls,rh,sbps,-0.0073810508474707
959574,HCP_Controls,rh,prculs-v,0.324818819761276
959574,HCP_Controls,rh,sspls-v,-0.365380138158798
959574,HCP_Controls,rh,icgs-p,-0.965055167675018
959574,HCP_Controls,rh,ifrms,1.08218944072723
959574,HCP_Controls,rh,sspls-d,0.962126314640045
114924,HCP_Controls,lh,mcgs,0.98702883720398
114924,HCP_Controls,lh,pos,0.634430587291718
114924,HCP_Controls,lh,prculs-d,0.135706588625908
114924,HCP_Controls,lh,prcus-a,1.42567348480225
114924,HCP_Controls,lh,prcus-i,0.663949370384216
114924,HCP_Controls,lh,prcus-p,0.0975403934717178
114924,HCP_Controls,lh,sbps,1.08673143386841
114924,HCP_Controls,lh,sspls-v,-0.71525901556015
114924,HCP_Controls,lh,ifrms,0.598204076290131
114924,HCP_Controls,lh,sspls-d,1.68019378185272
114924,HCP_Controls,rh,mcgs,0.62274581193924
114924,HCP_Controls,rh,pos,-0.592451393604279
114924,HCP_Controls,rh,prculs-d,0.431152760982513
114924,HCP_Controls,rh,prcus-a,0.805231034755707
114924,HCP_Controls,rh,prcus-i,0.652533113956451
114924,HCP_Controls,rh,prcus-p,1.79785251617432
114924,HCP_Controls,rh,sbps,0.679386377334595
114924,HCP_Controls,rh,prculs-v,1.37245166301727
114924,HCP_Controls,rh,sspls-v,-0.360732913017273
114924,HCP_Controls,rh,ifrms,0.968910396099091
109830,HCP_Controls,lh,mcgs,-1.04532480239868
109830,HCP_Controls,lh,pos,-1.37059128284454
109830,HCP_Controls,lh,prculs-d,-0.704041302204132
109830,HCP_Controls,lh,prcus-a,-0.0737766548991203
109830,HCP_Controls,lh,prcus-i,0.90278822183609
109830,HCP_Controls,lh,prcus-p,0.277632266283035
109830,HCP_Controls,lh,sbps,0.210441112518311
109830,HCP_Controls,lh,prculs-v,-0.347070395946503
109830,HCP_Controls,lh,icgs-p,-0.59158593416214
109830,HCP_Controls,lh,ifrms,-2.39868330955505
109830,HCP_Controls,rh,mcgs,-0.736892402172089
109830,HCP_Controls,rh,pos,-2.4945797920227
109830,HCP_Controls,rh,prculs-d,-1.5178952217102
109830,HCP_Controls,rh,prcus-a,-1.00333654880524
109830,HCP_Controls,rh,prcus-i,-1.12888765335083
109830,HCP_Controls,rh,prcus-p,2.44176554679871
109830,HCP_Controls,rh,sbps,-0.501019358634949
109830,HCP_Controls,rh,icgs-p,-1.45005619525909
109830,HCP_Controls,rh,ifrms,-1.70570015907288
164939,HCP_Controls,lh,mcgs,0.257725030183792
164939,HCP_Controls,lh,pos,-0.0382062792778015
164939,HCP_Controls,lh,prculs-d,0.538269102573395
164939,HCP_Controls,lh,prcus-a,-0.389437526464462
164939,HCP_Controls,lh,prcus-i,1.16059851646423
164939,HCP_Controls,lh,prcus-p,0.0122800059616566
164939,HCP_Controls,lh,sbps,1.15213978290558
164939,HCP_Controls,lh,prculs-v,1.35259175300598
164939,HCP_Controls,lh,ifrms,0.381746798753738
164939,HCP_Controls,rh,mcgs,0.202438428997993
164939,HCP_Controls,rh,pos,-0.646259427070618
164939,HCP_Controls,rh,prculs-d,0.216395765542984
164939,HCP_Controls,rh,prcus-a,0.818109393119812
164939,HCP_Controls,rh,prcus-i,0.0789917632937431
164939,HCP_Controls,rh,prcus-p,1.03921103477478
164939,HCP_Controls,rh,sbps,1.45310580730438
164939,HCP_Controls,rh,icgs-p,-0.440560400485992
164939,HCP_Controls,rh,ifrms,-1.26813805103302
622236,HCP_Controls,lh,mcgs,-0.385800957679748
622236,HCP_Controls,lh,pos,-1.29663693904877
622236,HCP_Controls,lh,prculs-d,-1.40571630001068
622236,HCP_Controls,lh,prcus-a,-0.853262424468994
622236,HCP_Controls,lh,prcus-i,-0.0460269451141357
622236,HCP_Controls,lh,prcus-p,1.87018287181854
622236,HCP_Controls,lh,sbps,0.301846712827682
622236,HCP_Controls,lh,prculs-v,0.689275085926056
622236,HCP_Controls,lh,sspls-v,2.07397294044495
622236,HCP_Controls,lh,icgs-p,-0.758973658084869
622236,HCP_Controls,lh,ifrms,-1.62303280830383
622236,HCP_Controls,lh,sspls-d,-0.963582754135132
622236,HCP_Controls,rh,mcgs,-0.732183337211609
622236,HCP_Controls,rh,pos,-2.01990938186646
622236,HCP_Controls,rh,prculs-d,-2.28978252410889
622236,HCP_Controls,rh,prcus-a,0.283334612846375
622236,HCP_Controls,rh,prcus-i,1.0110924243927
622236,HCP_Controls,rh,prcus-p,0.920519828796387
622236,HCP_Controls,rh,sbps,0.85854172706604
622236,HCP_Controls,rh,prculs-v,1.09950995445251
622236,HCP_Controls,rh,sspls-v,4.61103916168213
622236,HCP_Controls,rh,icgs-p,-0.158278718590736
622236,HCP_Controls,rh,ifrms,-1.06245863437653
133928,HCP_Controls,lh,mcgs,-0.865002691745758
133928,HCP_Controls,lh,pos,-1.20945060253143
133928,HCP_Controls,lh,prculs-d,0.242393836379051
133928,HCP_Controls,lh,prcus-a,0.541457533836365
133928,HCP_Controls,lh,prcus-i,1.30720913410187
133928,HCP_Controls,lh,prcus-p,-0.959187507629394
133928,HCP_Controls,lh,sbps,1.77547454833984
133928,HCP_Controls,lh,sspls-v,1.81503927707672
133928,HCP_Controls,lh,icgs-p,-0.0838797986507416
133928,HCP_Controls,lh,ifrms,0.320671230554581
133928,HCP_Controls,rh,mcgs,-0.750746786594391
133928,HCP_Controls,rh,pos,-0.857651174068451
133928,HCP_Controls,rh,prculs-d,0.0127518614754081
133928,HCP_Controls,rh,prcus-a,-2.06097769737244
133928,HCP_Controls,rh,prcus-i,0.707501769065857
133928,HCP_Controls,rh,prcus-p,2.93608713150024
133928,HCP_Controls,rh,sbps,0.295181721448898
133928,HCP_Controls,rh,prculs-v,4.58129549026489
133928,HCP_Controls,rh,ifrms,-0.596569895744324
133928,HCP_Controls,rh,sspls-d,-1.17735087871552
687163,HCP_Controls,lh,mcgs,-0.810270845890045
687163,HCP_Controls,lh,pos,-0.976351618766785
687163,HCP_Controls,lh,prculs-d,-0.994966387748718
687163,HCP_Controls,lh,prcus-a,0.41800257563591
687163,HCP_Controls,lh,prcus-i,-0.485534757375717
687163,HCP_Controls,lh,prcus-p,2.37536239624023
687163,HCP_Controls,lh,sbps,0.776925563812256
687163,HCP_Controls,lh,prculs-v,0.0180471781641245
687163,HCP_Controls,lh,sspls-v,-0.121664687991142
687163,HCP_Controls,lh,icgs-p,0.485646367073059
687163,HCP_Controls,lh,ifrms,-1.92529773712158
687163,HCP_Controls,lh,sspls-d,1.26334369182587
687163,HCP_Controls,rh,mcgs,-0.810352563858032
687163,HCP_Controls,rh,pos,-1.11741864681244
687163,HCP_Controls,rh,prculs-d,-0.561062157154083
687163,HCP_Controls,rh,prcus-a,-0.949561357498169
687163,HCP_Controls,rh,prcus-i,-0.104673780500889
687163,HCP_Controls,rh,prcus-p,2.82360816001892
687163,HCP_Controls,rh,sbps,0.753498315811157
687163,HCP_Controls,rh,icgs-p,-0.382106572389603
687163,HCP_Controls,rh,ifrms,-0.914241015911102
687163,HCP_Controls,rh,sspls-d,0.274982094764709
517239,HCP_Controls,lh,mcgs,0.0998663306236267
517239,HCP_Controls,lh,pos,-2.89006733894348
517239,HCP_Controls,lh,prculs-d,-1.54644453525543
517239,HCP_Controls,lh,prcus-a,0.968026638031006
517239,HCP_Controls,lh,prcus-i,0.296911001205444
517239,HCP_Controls,lh,prcus-p,1.69996953010559
517239,HCP_Controls,lh,sbps,0.166170686483383
517239,HCP_Controls,lh,sspls-v,-3.34671831130981
517239,HCP_Controls,lh,icgs-p,0.734738171100616
517239,HCP_Controls,lh,ifrms,0.950327813625336
517239,HCP_Controls,lh,sspls-d,2.12335515022278
517239,HCP_Controls,rh,mcgs,-0.391174972057342
517239,HCP_Controls,rh,pos,-3.49101519584656
517239,HCP_Controls,rh,prculs-d,-1.21830749511719
517239,HCP_Controls,rh,prcus-a,-0.818167984485626
517239,HCP_Controls,rh,prcus-i,-0.35674461722374
517239,HCP_Controls,rh,prcus-p,0.425359129905701
517239,HCP_Controls,rh,sbps,-1.26100981235504
517239,HCP_Controls,rh,sspls-v,0.383941322565079
517239,HCP_Controls,rh,icgs-p,0.041445404291153
517239,HCP_Controls,rh,ifrms,0.813890814781189
101309,HCP_Controls,lh,mcgs,0.0001496782933827
101309,HCP_Controls,lh,pos,-0.804620862007141
101309,HCP_Controls,lh,prculs-d,0.149447187781334
101309,HCP_Controls,lh,prcus-a,-0.656312763690948
101309,HCP_Controls,lh,prcus-i,-0.615791738033295
101309,HCP_Controls,lh,prcus-p,2.81898140907288
101309,HCP_Controls,lh,sbps,2.17016124725342
101309,HCP_Controls,lh,sspls-v,-0.415263801813126
101309,HCP_Controls,lh,icgs-p,1.30044686794281
101309,HCP_Controls,lh,ifrms,0.385091036558151
101309,HCP_Controls,lh,sspls-d,-2.14684534072876
101309,HCP_Controls,rh,mcgs,-0.533837080001831
101309,HCP_Controls,rh,pos,-1.01004838943481
101309,HCP_Controls,rh,prculs-d,-0.269968867301941
101309,HCP_Controls,rh,prcus-a,0.277974039316177
101309,HCP_Controls,rh,prcus-i,-1.26117217540741
101309,HCP_Controls,rh,prcus-p,-0.10348017513752
101309,HCP_Controls,rh,sbps,0.992857098579407
101309,HCP_Controls,rh,sspls-v,5.69860458374023
101309,HCP_Controls,rh,icgs-p,0.384519189596176
101309,HCP_Controls,rh,ifrms,-0.820464849472046
101309,HCP_Controls,rh,sspls-d,0.0963918045163155
101410,HCP_Controls,lh,mcgs,0.236311554908752
101410,HCP_Controls,lh,pos,0.793208301067352
101410,HCP_Controls,lh,prculs-d,1.20460391044617
101410,HCP_Controls,lh,prcus-a,0.700227797031403
101410,HCP_Controls,lh,prcus-i,0.900509536266327
101410,HCP_Controls,lh,prcus-p,0.118120603263378
101410,HCP_Controls,lh,sbps,0.861221253871918
101410,HCP_Controls,lh,sspls-v,0.705834269523621
101410,HCP_Controls,lh,ifrms,1.46827590465546
101410,HCP_Controls,rh,mcgs,0.806967198848724
101410,HCP_Controls,rh,pos,1.55845630168915
101410,HCP_Controls,rh,prculs-d,0.331897497177124
101410,HCP_Controls,rh,prcus-a,0.276197463274002
101410,HCP_Controls,rh,prcus-i,0.0944747477769852
101410,HCP_Controls,rh,prcus-p,-0.525578141212463
101410,HCP_Controls,rh,sbps,0.379467785358429
101410,HCP_Controls,rh,prculs-v,2.34564423561096
101410,HCP_Controls,rh,icgs-p,0.361315876245499
101410,HCP_Controls,rh,ifrms,-0.069072961807251
101915,HCP_Controls,lh,mcgs,-0.446687549352646
101915,HCP_Controls,lh,pos,-2.66970658302307
101915,HCP_Controls,lh,prculs-d,-1.01198410987854
101915,HCP_Controls,lh,prcus-a,-1.11593770980835
101915,HCP_Controls,lh,prcus-i,1.0400310754776
101915,HCP_Controls,lh,prcus-p,-0.0694300606846809
101915,HCP_Controls,lh,sbps,-0.474313229322434
101915,HCP_Controls,lh,prculs-v,-2.66349864006042
101915,HCP_Controls,lh,icgs-p,0.120621107518673
101915,HCP_Controls,lh,ifrms,-0.137625455856323
101915,HCP_Controls,rh,mcgs,-0.236730456352234
101915,HCP_Controls,rh,pos,-3.04112267494202
101915,HCP_Controls,rh,prculs-d,-1.39465939998627
101915,HCP_Controls,rh,prcus-a,0.562106668949127
101915,HCP_Controls,rh,prcus-i,0.822755694389343
101915,HCP_Controls,rh,prcus-p,-0.711076557636261
101915,HCP_Controls,rh,sbps,-0.279650270938873
101915,HCP_Controls,rh,icgs-p,-0.415240466594696
101915,HCP_Controls,rh,ifrms,-0.411460727453232
101915,HCP_Controls,rh,sspls-d,0.373539626598358
102008,HCP_Controls,lh,mcgs,-0.551692485809326
102008,HCP_Controls,lh,pos,-1.02295100688934
102008,HCP_Controls,lh,prculs-d,-0.339336961507797
102008,HCP_Controls,lh,prcus-a,-0.347620010375977
102008,HCP_Controls,lh,prcus-i,0.0973424836993218
102008,HCP_Controls,lh,prcus-p,0.0459879450500011
102008,HCP_Controls,lh,sbps,-0.27146989107132
102008,HCP_Controls,lh,prculs-v,0.685896754264832
102008,HCP_Controls,lh,sspls-v,0.0444092862308025
102008,HCP_Controls,lh,icgs-p,-0.0283455085009336
102008,HCP_Controls,lh,ifrms,0.615996420383453
102008,HCP_Controls,rh,mcgs,-0.749184429645538
102008,HCP_Controls,rh,pos,-1.8336067199707
102008,HCP_Controls,rh,prculs-d,-1.15264666080475
102008,HCP_Controls,rh,prcus-a,-0.859842300415039
102008,HCP_Controls,rh,prcus-i,-0.289776027202606
102008,HCP_Controls,rh,prcus-p,-0.0994970500469208
102008,HCP_Controls,rh,sbps,-0.243194550275803
102008,HCP_Controls,rh,prculs-v,0.479166328907013
102008,HCP_Controls,rh,icgs-p,0.471453547477722
102008,HCP_Controls,rh,ifrms,-0.506614089012146
102008,HCP_Controls,rh,sspls-d,0.38081368803978
102311,HCP_Controls,lh,mcgs,0.220686599612236
102311,HCP_Controls,lh,pos,-1.05396509170532
102311,HCP_Controls,lh,prculs-d,1.62133765220642
102311,HCP_Controls,lh,prcus-a,0.669986724853516
102311,HCP_Controls,lh,prcus-i,0.465059846639633
102311,HCP_Controls,lh,prcus-p,2.12927603721619
102311,HCP_Controls,lh,sbps,0.35038235783577
102311,HCP_Controls,lh,sspls-v,-0.625727236270905
102311,HCP_Controls,lh,icgs-p,0.263259291648865
102311,HCP_Controls,lh,ifrms,1.11386835575104
102311,HCP_Controls,lh,sspls-d,2.03033494949341
102311,HCP_Controls,rh,mcgs,0.582535684108734
102311,HCP_Controls,rh,pos,-1.10777962207794
102311,HCP_Controls,rh,prculs-d,0.800969958305359
102311,HCP_Controls,rh,prcus-a,-0.129726573824883
102311,HCP_Controls,rh,prcus-i,0.0174790732562542
102311,HCP_Controls,rh,prcus-p,1.10334813594818
102311,HCP_Controls,rh,sbps,0.132877722382545
102311,HCP_Controls,rh,ifrms,-1.15194141864777
102311,HCP_Controls,rh,sspls-d,-1.17681062221527
102513,HCP_Controls,lh,mcgs,0.574680507183075
102513,HCP_Controls,lh,pos,-1.03048324584961
102513,HCP_Controls,lh,prculs-d,0.310500055551529
102513,HCP_Controls,lh,prcus-a,1.38269472122192
102513,HCP_Controls,lh,prcus-i,0.773004353046417
102513,HCP_Controls,lh,prcus-p,0.96831601858139
102513,HCP_Controls,lh,sbps,1.08488762378693
102513,HCP_Controls,lh,prculs-v,1.36033523082733
102513,HCP_Controls,lh,icgs-p,0.374117881059647
102513,HCP_Controls,lh,ifrms,0.289379209280014
102513,HCP_Controls,rh,mcgs,0.312088906764984
102513,HCP_Controls,rh,pos,-1.05354571342468
102513,HCP_Controls,rh,prculs-d,-0.351190984249115
102513,HCP_Controls,rh,prcus-a,2.29234838485718
102513,HCP_Controls,rh,prcus-i,0.871319234371185
102513,HCP_Controls,rh,prcus-p,1.18784832954407
102513,HCP_Controls,rh,sbps,1.4027419090271
102513,HCP_Controls,rh,ifrms,1.57631421089172
102816,HCP_Controls,lh,mcgs,0.264039009809494
102816,HCP_Controls,lh,pos,-1.04760217666626
102816,HCP_Controls,lh,prculs-d,-0.111227706074715
102816,HCP_Controls,lh,prcus-a,1.89381873607635
102816,HCP_Controls,lh,prcus-i,1.61241900920868
102816,HCP_Controls,lh,prcus-p,4.38209438323975
102816,HCP_Controls,lh,sbps,1.00723373889923
102816,HCP_Controls,lh,prculs-v,1.53865206241608
102816,HCP_Controls,lh,sspls-v,0.084291122853756
102816,HCP_Controls,lh,icgs-p,0.905276298522949
102816,HCP_Controls,lh,ifrms,1.16392922401428
102816,HCP_Controls,rh,mcgs,0.542263209819794
102816,HCP_Controls,rh,pos,-0.95703774690628
102816,HCP_Controls,rh,prculs-d,1.20155477523804
102816,HCP_Controls,rh,prcus-a,-0.509982883930206
102816,HCP_Controls,rh,prcus-i,2.37987756729126
102816,HCP_Controls,rh,prcus-p,2.04857110977173
102816,HCP_Controls,rh,sbps,1.44296729564667
102816,HCP_Controls,rh,prculs-v,2.28857779502869
102816,HCP_Controls,rh,sspls-v,0.882241427898407
102816,HCP_Controls,rh,icgs-p,2.17539238929749
102816,HCP_Controls,rh,ifrms,0.703577995300293
102816,HCP_Controls,rh,sspls-d,0.672105610370636
103111,HCP_Controls,lh,mcgs,-0.560576558113098
103111,HCP_Controls,lh,pos,-1.47690773010254
103111,HCP_Controls,lh,prculs-d,-0.0537707544863224
103111,HCP_Controls,lh,prcus-a,0.341849237680435
103111,HCP_Controls,lh,prcus-i,-0.983925938606262
103111,HCP_Controls,lh,prcus-p,0.80879133939743
103111,HCP_Controls,lh,sbps,2.9183452129364
103111,HCP_Controls,lh,prculs-v,1.36544799804688
103111,HCP_Controls,lh,sspls-v,2.39684629440308
103111,HCP_Controls,lh,ifrms,1.85653471946716
103111,HCP_Controls,lh,sspls-d,1.55729484558105
103111,HCP_Controls,rh,mcgs,0.889613151550293
103111,HCP_Controls,rh,pos,-1.39979338645935
103111,HCP_Controls,rh,prculs-d,-0.630040347576141
103111,HCP_Controls,rh,prcus-a,-0.0295100063085556
103111,HCP_Controls,rh,prcus-i,1.35074925422668
103111,HCP_Controls,rh,prcus-p,0.252656251192093
103111,HCP_Controls,rh,sbps,1.78002178668976
103111,HCP_Controls,rh,prculs-v,1.90226793289185
103111,HCP_Controls,rh,sspls-v,4.50977516174316
103111,HCP_Controls,rh,icgs-p,0.307558298110962
103111,HCP_Controls,rh,ifrms,1.99553871154785
103111,HCP_Controls,rh,sspls-d,0.833439469337463
103414,HCP_Controls,lh,mcgs,-0.216130122542381
103414,HCP_Controls,lh,pos,-2.15141344070435
103414,HCP_Controls,lh,prculs-d,-0.730107545852661
103414,HCP_Controls,lh,prcus-a,0.585386872291565
103414,HCP_Controls,lh,prcus-i,1.94263398647308
103414,HCP_Controls,lh,prcus-p,-0.404458612203598
103414,HCP_Controls,lh,sbps,1.22247326374054
103414,HCP_Controls,lh,prculs-v,1.28173840045929
103414,HCP_Controls,lh,icgs-p,1.58541584014893
103414,HCP_Controls,lh,ifrms,-0.589382767677307
103414,HCP_Controls,lh,sspls-d,-0.348012685775757
103414,HCP_Controls,rh,mcgs,-0.404495000839233
103414,HCP_Controls,rh,pos,-2.05626487731934
103414,HCP_Controls,rh,prculs-d,-0.123191922903061
103414,HCP_Controls,rh,prcus-a,-1.39079058170319
103414,HCP_Controls,rh,prcus-i,-0.361553698778152
103414,HCP_Controls,rh,prcus-p,2.01130127906799
103414,HCP_Controls,rh,sbps,0.966903746128082
103414,HCP_Controls,rh,sspls-v,1.09344387054443
103414,HCP_Controls,rh,icgs-p,-0.103954784572124
103414,HCP_Controls,rh,ifrms,1.02472758293152
103414,HCP_Controls,rh,sspls-d,-0.230861216783524
103515,HCP_Controls,lh,mcgs,-0.155767723917961
103515,HCP_Controls,lh,pos,-1.28996443748474
103515,HCP_Controls,lh,prculs-d,0.52612167596817
103515,HCP_Controls,lh,prcus-a,0.797157943248749
103515,HCP_Controls,lh,prcus-i,1.86057186126709
103515,HCP_Controls,lh,prcus-p,3.03884553909302
103515,HCP_Controls,lh,sbps,0.668760895729065
103515,HCP_Controls,lh,sspls-v,-0.0739686638116837
103515,HCP_Controls,lh,icgs-p,1.95821821689606
103515,HCP_Controls,lh,ifrms,-0.8462895154953
103515,HCP_Controls,lh,sspls-d,0.90395325422287
103515,HCP_Controls,rh,mcgs,-0.0341124311089516
103515,HCP_Controls,rh,pos,-0.407707214355469
103515,HCP_Controls,rh,prculs-d,0.961389243602753
103515,HCP_Controls,rh,prcus-a,1.07915270328522
103515,HCP_Controls,rh,prcus-i,1.7522246837616
103515,HCP_Controls,rh,prcus-p,2.3087055683136
103515,HCP_Controls,rh,sbps,0.376958042383194
103515,HCP_Controls,rh,prculs-v,2.36282658576965
103515,HCP_Controls,rh,sspls-v,0.821403503417969
103515,HCP_Controls,rh,icgs-p,-1.39631950855255
103515,HCP_Controls,rh,ifrms,3.59083294868469
103818,HCP_Controls,lh,mcgs,-1.72632789611816
103818,HCP_Controls,lh,pos,-3.31384325027466
103818,HCP_Controls,lh,prculs-d,-1.70148515701294
103818,HCP_Controls,lh,prcus-a,-1.60963606834412
103818,HCP_Controls,lh,prcus-i,-0.454905718564987
103818,HCP_Controls,lh,prcus-p,-1.1295211315155
103818,HCP_Controls,lh,sbps,-0.737036406993866
103818,HCP_Controls,lh,sspls-v,-2.04357385635376
103818,HCP_Controls,lh,icgs-p,0.0749045014381409
103818,HCP_Controls,lh,ifrms,-1.49861884117126
103818,HCP_Controls,rh,mcgs,-1.00237786769867
103818,HCP_Controls,rh,pos,-3.10671997070312
103818,HCP_Controls,rh,prculs-d,-2.34612417221069
103818,HCP_Controls,rh,prcus-a,-0.593580305576324
103818,HCP_Controls,rh,prcus-i,-0.722324132919312
103818,HCP_Controls,rh,prcus-p,0.34130248427391
103818,HCP_Controls,rh,sbps,-1.82523155212402
103818,HCP_Controls,rh,sspls-v,-0.0899770930409431
103818,HCP_Controls,rh,icgs-p,-0.404998630285263
103818,HCP_Controls,rh,ifrms,-1.98672962188721
104416,HCP_Controls,lh,mcgs,-0.672750651836395
104416,HCP_Controls,lh,pos,-2.54574990272522
104416,HCP_Controls,lh,prculs-d,-1.74868083000183
104416,HCP_Controls,lh,prcus-a,2.69305324554443
104416,HCP_Controls,lh,prcus-i,0.358175218105316
104416,HCP_Controls,lh,prcus-p,-1.00660765171051
104416,HCP_Controls,lh,sbps,0.0246184784919024
104416,HCP_Controls,lh,prculs-v,2.85939049720764
104416,HCP_Controls,lh,icgs-p,-0.730076134204865
104416,HCP_Controls,lh,ifrms,-0.473384201526642
104416,HCP_Controls,lh,sspls-d,0.993403315544128
104416,HCP_Controls,rh,mcgs,-0.859603226184845
104416,HCP_Controls,rh,pos,-1.8000944852829
104416,HCP_Controls,rh,prculs-d,-1.34762585163116
104416,HCP_Controls,rh,prcus-a,-1.58993268013
104416,HCP_Controls,rh,prcus-i,-0.247669279575348
104416,HCP_Controls,rh,prcus-p,1.32355117797852
104416,HCP_Controls,rh,sbps,1.07641649246216
104416,HCP_Controls,rh,sspls-v,-0.320627957582474
104416,HCP_Controls,rh,ifrms,0.25992676615715
104820,HCP_Controls,lh,mcgs,-0.672617375850677
104820,HCP_Controls,lh,pos,-1.18171143531799
104820,HCP_Controls,lh,prculs-d,-1.15771019458771
104820,HCP_Controls,lh,prcus-a,0.471360802650452
104820,HCP_Controls,lh,prcus-i,0.391828119754791
104820,HCP_Controls,lh,prcus-p,0.84325361251831
104820,HCP_Controls,lh,sbps,0.995390117168426
104820,HCP_Controls,lh,icgs-p,-0.575518012046814
104820,HCP_Controls,lh,ifrms,-1.16187489032745
104820,HCP_Controls,rh,mcgs,-0.802643775939941
104820,HCP_Controls,rh,pos,-0.755875647068024
104820,HCP_Controls,rh,prculs-d,-1.74505269527435
104820,HCP_Controls,rh,prcus-a,-0.266255885362625
104820,HCP_Controls,rh,prcus-i,-0.473278254270554
104820,HCP_Controls,rh,prcus-p,1.36899852752686
104820,HCP_Controls,rh,sbps,-0.0788368731737137
104820,HCP_Controls,rh,sspls-v,1.61929452419281
104820,HCP_Controls,rh,ifrms,0.195547178387642
104820,HCP_Controls,rh,sspls-d,0.421654462814331
105014,HCP_Controls,lh,mcgs,0.987992346286774
105014,HCP_Controls,lh,pos,-0.712650775909424
105014,HCP_Controls,lh,prculs-d,1.07398784160614
105014,HCP_Controls,lh,prcus-a,2.68199825286865
105014,HCP_Controls,lh,prcus-i,1.8517472743988
105014,HCP_Controls,lh,prcus-p,2.78069567680359
105014,HCP_Controls,lh,sbps,2.24843454360962
105014,HCP_Controls,lh,sspls-v,0.517756998538971
105014,HCP_Controls,lh,icgs-p,-0.496292769908905
105014,HCP_Controls,lh,ifrms,0.443534880876541
105014,HCP_Controls,rh,mcgs,0.705898344516754
105014,HCP_Controls,rh,pos,-1.1237086057663
105014,HCP_Controls,rh,prculs-d,1.48361337184906
105014,HCP_Controls,rh,prcus-a,0.817364454269409
105014,HCP_Controls,rh,prcus-i,2.07545232772827
105014,HCP_Controls,rh,prcus-p,3.40975952148438
105014,HCP_Controls,rh,sbps,1.2863837480545
105014,HCP_Controls,rh,sspls-v,3.57737469673157
105014,HCP_Controls,rh,ifrms,-1.07027876377106
105115,HCP_Controls,lh,mcgs,-1.14237403869629
105115,HCP_Controls,lh,pos,-1.59305167198181
105115,HCP_Controls,lh,prculs-d,-1.40848076343536
105115,HCP_Controls,lh,prcus-a,-0.686980962753296
105115,HCP_Controls,lh,prcus-i,-0.714755117893219
105115,HCP_Controls,lh,prcus-p,3.12248468399048
105115,HCP_Controls,lh,sbps,-0.487158268690109
105115,HCP_Controls,lh,prculs-v,2.49350500106812
105115,HCP_Controls,lh,sspls-v,-0.698601543903351
105115,HCP_Controls,lh,icgs-p,-1.46975529193878
105115,HCP_Controls,lh,ifrms,-1.44383156299591
105115,HCP_Controls,rh,mcgs,-0.722204089164734
105115,HCP_Controls,rh,pos,-1.1002209186554
105115,HCP_Controls,rh,prculs-d,-1.23522782325745
105115,HCP_Controls,rh,prcus-a,-0.86429363489151
105115,HCP_Controls,rh,prcus-i,-0.149719640612602
105115,HCP_Controls,rh,prcus-p,3.42796182632446
105115,HCP_Controls,rh,sbps,0.131945013999939
105115,HCP_Controls,rh,sspls-v,0.168277874588966
105115,HCP_Controls,rh,icgs-p,-2.27605199813843
105115,HCP_Controls,rh,ifrms,-1.2016829252243
105216,HCP_Controls,lh,mcgs,0.6621213555336
105216,HCP_Controls,lh,pos,-1.49944746494293
105216,HCP_Controls,lh,prculs-d,0.140612959861755
105216,HCP_Controls,lh,prcus-a,1.59540271759033
105216,HCP_Controls,lh,prcus-i,0.662135481834412
105216,HCP_Controls,lh,prcus-p,2.61419916152954
105216,HCP_Controls,lh,sbps,0.645431578159332
105216,HCP_Controls,lh,sspls-v,-1.09432947635651
105216,HCP_Controls,lh,icgs-p,1.57392132282257
105216,HCP_Controls,lh,ifrms,0.21260978281498
105216,HCP_Controls,lh,sspls-d,-0.739503622055054
105216,HCP_Controls,rh,mcgs,0.101152330636978
105216,HCP_Controls,rh,pos,-2.71758127212524
105216,HCP_Controls,rh,prculs-d,-0.678782939910889
105216,HCP_Controls,rh,prcus-a,0.195948496460915
105216,HCP_Controls,rh,prcus-i,1.33748030662537
105216,HCP_Controls,rh,prcus-p,3.77363467216492
105216,HCP_Controls,rh,sbps,0.989105939865112
105216,HCP_Controls,rh,icgs-p,0.779920160770416
105216,HCP_Controls,rh,ifrms,0.313018321990967
105216,HCP_Controls,rh,sspls-d,-1.22521328926086
105620,HCP_Controls,lh,mcgs,-1.59297049045563
105620,HCP_Controls,lh,pos,-1.4809068441391
105620,HCP_Controls,lh,prculs-d,-2.02619409561157
105620,HCP_Controls,lh,prcus-a,0.257689833641052
105620,HCP_Controls,lh,prcus-i,-0.578997850418091
105620,HCP_Controls,lh,prcus-p,-0.232424110174179
105620,HCP_Controls,lh,sbps,1.72253930568695
105620,HCP_Controls,lh,sspls-v,-0.951487600803375
105620,HCP_Controls,lh,icgs-p,2.25510287284851
105620,HCP_Controls,lh,ifrms,1.96065604686737
105620,HCP_Controls,rh,mcgs,0.306703567504883
105620,HCP_Controls,rh,pos,-1.65242457389832
105620,HCP_Controls,rh,prculs-d,-0.154396653175354
105620,HCP_Controls,rh,prcus-a,-0.867236912250519
105620,HCP_Controls,rh,prcus-i,-0.802330195903778
105620,HCP_Controls,rh,prcus-p,0.186363890767097
105620,HCP_Controls,rh,sbps,0.72506457567215
105620,HCP_Controls,rh,prculs-v,-1.26780104637146
105620,HCP_Controls,rh,sspls-v,0.484000384807587
105620,HCP_Controls,rh,ifrms,5.69523000717163
105620,HCP_Controls,rh,sspls-d,1.4602073431015
106016,HCP_Controls,lh,mcgs,-0.328468352556229
106016,HCP_Controls,lh,pos,-1.28326165676117
106016,HCP_Controls,lh,prculs-d,0.355729192495346
106016,HCP_Controls,lh,prcus-a,-1.01142334938049
106016,HCP_Controls,lh,prcus-i,-0.474472552537918
106016,HCP_Controls,lh,prcus-p,0.977846503257752
106016,HCP_Controls,lh,sbps,-0.603617966175079
106016,HCP_Controls,lh,prculs-v,0.248655691742897
106016,HCP_Controls,lh,ifrms,-0.156203389167786
106016,HCP_Controls,lh,sspls-d,-0.202723637223244
106016,HCP_Controls,rh,mcgs,-0.432844251394272
106016,HCP_Controls,rh,pos,-1.97463929653168
106016,HCP_Controls,rh,prculs-d,-0.0230092890560627
106016,HCP_Controls,rh,prcus-a,-0.133222550153732
106016,HCP_Controls,rh,prcus-i,-0.400428801774979
106016,HCP_Controls,rh,prcus-p,1.84299802780151
106016,HCP_Controls,rh,sbps,-0.699145615100861
106016,HCP_Controls,rh,prculs-v,0.192627891898155
106016,HCP_Controls,rh,ifrms,0.493636250495911
106016,HCP_Controls,rh,sspls-d,-0.374749600887299
106319,HCP_Controls,lh,mcgs,-0.95618212223053
106319,HCP_Controls,lh,pos,-0.667364656925201
106319,HCP_Controls,lh,prculs-d,0.12229335308075
106319,HCP_Controls,lh,prcus-a,1.02844643592834
106319,HCP_Controls,lh,prcus-i,0.876268625259399
106319,HCP_Controls,lh,prcus-p,0.788936913013458
106319,HCP_Controls,lh,sbps,0.513741791248322
106319,HCP_Controls,lh,icgs-p,-1.08917045593262
106319,HCP_Controls,lh,ifrms,-0.918947815895081
106319,HCP_Controls,lh,sspls-d,1.18509519100189
106319,HCP_Controls,rh,mcgs,-0.949591636657715
106319,HCP_Controls,rh,pos,-1.42007851600647
106319,HCP_Controls,rh,prculs-d,-0.605163812637329
106319,HCP_Controls,rh,prcus-a,0.0497580170631409
106319,HCP_Controls,rh,prcus-i,-0.593736708164215
106319,HCP_Controls,rh,prcus-p,1.38810467720032
106319,HCP_Controls,rh,sbps,0.217462539672852
106319,HCP_Controls,rh,prculs-v,1.63144290447235
106319,HCP_Controls,rh,sspls-v,0.0236395429819822
106319,HCP_Controls,rh,icgs-p,-1.30180311203003
106319,HCP_Controls,rh,ifrms,-0.561721205711365
106319,HCP_Controls,rh,sspls-d,-2.07375860214233
106521,HCP_Controls,lh,mcgs,1.24030411243439
106521,HCP_Controls,lh,pos,0.298493504524231
106521,HCP_Controls,lh,prculs-d,0.834057211875916
106521,HCP_Controls,lh,prcus-a,1.8177764415741
106521,HCP_Controls,lh,prcus-i,1.34177684783936
106521,HCP_Controls,lh,prcus-p,0.852893590927124
106521,HCP_Controls,lh,sbps,0.557506859302521
106521,HCP_Controls,lh,sspls-v,2.15904331207275
106521,HCP_Controls,lh,icgs-p,-1.54527294635773
106521,HCP_Controls,lh,ifrms,1.11300098896027
106521,HCP_Controls,rh,mcgs,0.6265988945961
106521,HCP_Controls,rh,pos,-0.478130966424942
106521,HCP_Controls,rh,prculs-d,1.1017359495163
106521,HCP_Controls,rh,prcus-a,-0.573663890361786
106521,HCP_Controls,rh,prcus-i,2.15073895454407
106521,HCP_Controls,rh,prcus-p,1.65369999408722
106521,HCP_Controls,rh,sbps,3.02555274963379
106521,HCP_Controls,rh,sspls-v,0.878342270851135
106521,HCP_Controls,rh,icgs-p,-0.256143152713776
106521,HCP_Controls,rh,ifrms,1.0418393611908
106521,HCP_Controls,rh,sspls-d,2.13443660736084
107018,HCP_Controls,lh,mcgs,0.858556628227234
107018,HCP_Controls,lh,pos,-0.422793209552765
107018,HCP_Controls,lh,prculs-d,1.09162986278534
107018,HCP_Controls,lh,prcus-a,1.6594797372818
107018,HCP_Controls,lh,prcus-i,1.38857400417328
107018,HCP_Controls,lh,prcus-p,2.96075749397278
107018,HCP_Controls,lh,sbps,0.596855640411377
107018,HCP_Controls,lh,sspls-v,-0.684554815292358
107018,HCP_Controls,lh,icgs-p,1.58578979969025
107018,HCP_Controls,lh,ifrms,0.501044869422913
107018,HCP_Controls,rh,mcgs,0.903369843959808
107018,HCP_Controls,rh,pos,-0.412574946880341
107018,HCP_Controls,rh,prculs-d,0.337550759315491
107018,HCP_Controls,rh,prcus-a,0.49281695485115
107018,HCP_Controls,rh,prcus-i,1.33425962924957
107018,HCP_Controls,rh,prcus-p,2.45156908035278
107018,HCP_Controls,rh,sbps,0.81303596496582
107018,HCP_Controls,rh,prculs-v,3.84277963638306
107018,HCP_Controls,rh,sspls-v,1.12435340881348
107018,HCP_Controls,rh,ifrms,-0.132690116763115
107018,HCP_Controls,rh,sspls-d,0.215547874569893
107321,HCP_Controls,lh,mcgs,-0.9178307056427
107321,HCP_Controls,lh,pos,-4.13959074020386
107321,HCP_Controls,lh,prculs-d,-3.37214612960815
107321,HCP_Controls,lh,prcus-a,-3.27678370475769
107321,HCP_Controls,lh,prcus-i,-2.21643781661987
107321,HCP_Controls,lh,prcus-p,-0.0889118984341621
107321,HCP_Controls,lh,sbps,-2.94566226005554
107321,HCP_Controls,lh,sspls-v,-2.09882092475891
107321,HCP_Controls,lh,ifrms,0.769148170948029
107321,HCP_Controls,rh,mcgs,2.09793400764465
107321,HCP_Controls,rh,pos,-2.67922377586365
107321,HCP_Controls,rh,prculs-d,-1.94508910179138
107321,HCP_Controls,rh,prcus-a,1.81999862194061
107321,HCP_Controls,rh,prcus-i,-1.1679824590683
107321,HCP_Controls,rh,prcus-p,0.816322803497314
107321,HCP_Controls,rh,sbps,2.14601874351501
107321,HCP_Controls,rh,prculs-v,0.7246948
107321,HCP_Controls,rh,sspls-v,5.46139621734619
107321,HCP_Controls,rh,icgs-p,-0.469736248254776
107321,HCP_Controls,rh,ifrms,6.25777959823608
107321,HCP_Controls,rh,sspls-d,-0.491874247789383
107422,HCP_Controls,lh,mcgs,-0.584900259971619
107422,HCP_Controls,lh,pos,-1.55625712871552
107422,HCP_Controls,lh,prculs-d,-1.37542235851288
107422,HCP_Controls,lh,prcus-a,0.461132943630219
107422,HCP_Controls,lh,prcus-i,0.655837774276733
107422,HCP_Controls,lh,prcus-p,-0.114415168762207
107422,HCP_Controls,lh,sbps,-0.145501926541328
107422,HCP_Controls,lh,icgs-p,-0.864039540290833
107422,HCP_Controls,lh,ifrms,0.0994666293263435
107422,HCP_Controls,lh,sspls-d,-0.162258133292198
107422,HCP_Controls,rh,mcgs,-0.800315678119659
107422,HCP_Controls,rh,pos,-1.86515009403229
107422,HCP_Controls,rh,prculs-d,-1.63157117366791
107422,HCP_Controls,rh,prcus-a,-0.940864980220795
107422,HCP_Controls,rh,prcus-i,0.234854936599731
107422,HCP_Controls,rh,prcus-p,1.22214448451996
107422,HCP_Controls,rh,sbps,-0.0640025660395622
107422,HCP_Controls,rh,prculs-v,-0.708158552646637
107422,HCP_Controls,rh,ifrms,-1.67601180076599
108121,HCP_Controls,lh,mcgs,-0.38490828871727
108121,HCP_Controls,lh,pos,-1.400799036026
108121,HCP_Controls,lh,prculs-d,-1.68918812274933
108121,HCP_Controls,lh,prcus-a,0.989931464195252
108121,HCP_Controls,lh,prcus-i,0.509597182273865
108121,HCP_Controls,lh,prcus-p,1.75431752204895
108121,HCP_Controls,lh,sbps,0.667491972446442
108121,HCP_Controls,lh,ifrms,-0.16443707048893
108121,HCP_Controls,rh,mcgs,-0.436125963926315
108121,HCP_Controls,rh,pos,-2.22463440895081
108121,HCP_Controls,rh,prculs-d,-2.0127546787262
108121,HCP_Controls,rh,prcus-a,-0.404255628585815
108121,HCP_Controls,rh,prcus-i,-0.231332793831825
108121,HCP_Controls,rh,prcus-p,2.35485696792603
108121,HCP_Controls,rh,sbps,0.07640740275383
108121,HCP_Controls,rh,ifrms,-0.838101327419281
108121,HCP_Controls,rh,sspls-d,3.21753525733948
108222,HCP_Controls,lh,mcgs,-1.4757513999939
108222,HCP_Controls,lh,pos,-3.68510484695435
108222,HCP_Controls,lh,prculs-d,-3.4743640422821
108222,HCP_Controls,lh,prcus-a,-1.70654964447021
108222,HCP_Controls,lh,prcus-i,-0.984496057033539
108222,HCP_Controls,lh,prcus-p,-1.87628936767578
108222,HCP_Controls,lh,sbps,-1.47287559509277
108222,HCP_Controls,lh,sspls-v,-0.816669583320618
108222,HCP_Controls,lh,ifrms,-2.57514882087708
108222,HCP_Controls,rh,mcgs,-1.71135306358337
108222,HCP_Controls,rh,pos,-3.25683283805847
108222,HCP_Controls,rh,prculs-d,-3.00153207778931
108222,HCP_Controls,rh,prcus-a,-0.740671098232269
108222,HCP_Controls,rh,prcus-i,-1.64606833457947
108222,HCP_Controls,rh,prcus-p,0.988882899284363
108222,HCP_Controls,rh,sbps,-1.88277518749237
108222,HCP_Controls,rh,sspls-v,-1.66432416439056
108222,HCP_Controls,rh,icgs-p,-2.93873405456543
108222,HCP_Controls,rh,ifrms,-0.77098560333252
108323,HCP_Controls,lh,mcgs,-0.266847223043442
108323,HCP_Controls,lh,pos,-2.2598249912262
108323,HCP_Controls,lh,prculs-d,-1.31348025798798
108323,HCP_Controls,lh,prcus-a,0.614899396896362
108323,HCP_Controls,lh,prcus-i,-1.78052711486816
108323,HCP_Controls,lh,prcus-p,1.38689708709717
108323,HCP_Controls,lh,sbps,1.4938223361969
108323,HCP_Controls,lh,prculs-v,1.50849890708923
108323,HCP_Controls,lh,icgs-p,1.92229557037354
108323,HCP_Controls,lh,ifrms,-0.110228434205055
108323,HCP_Controls,lh,sspls-d,1.98921632766724
108323,HCP_Controls,rh,mcgs,-0.0576946586370468
108323,HCP_Controls,rh,pos,-1.95357036590576
108323,HCP_Controls,rh,prculs-d,0.325484216213226
108323,HCP_Controls,rh,prcus-a,-2.48017740249634
108323,HCP_Controls,rh,prcus-i,1.97375571727753
108323,HCP_Controls,rh,prcus-p,1.17446041107178
108323,HCP_Controls,rh,sbps,1.31473875045776
108323,HCP_Controls,rh,icgs-p,2.30649137496948
108323,HCP_Controls,rh,ifrms,0.736279964447021
108323,HCP_Controls,rh,sspls-d,0.985219299793243
108525,HCP_Controls,lh,mcgs,-1.38664758205414
108525,HCP_Controls,lh,pos,-1.76637327671051
108525,HCP_Controls,lh,prculs-d,-1.49355399608612
108525,HCP_Controls,lh,prcus-a,-1.20945954322815
108525,HCP_Controls,lh,prcus-i,0.0700456723570824
108525,HCP_Controls,lh,prcus-p,0.636563241481781
108525,HCP_Controls,lh,sbps,0.0129453474655747
108525,HCP_Controls,lh,prculs-v,0.651437342166901
108525,HCP_Controls,lh,icgs-p,-0.527179181575775
108525,HCP_Controls,lh,ifrms,-0.0654988214373589
108525,HCP_Controls,rh,mcgs,-1.97001910209656
108525,HCP_Controls,rh,pos,-1.5402284860611
108525,HCP_Controls,rh,prculs-d,-1.35501635074615
108525,HCP_Controls,rh,prcus-a,-1.60437881946564
108525,HCP_Controls,rh,prcus-i,-0.713289201259613
108525,HCP_Controls,rh,prcus-p,0.465456962585449
108525,HCP_Controls,rh,sbps,-0.566151261329651
108525,HCP_Controls,rh,prculs-v,0.720474898815155
108525,HCP_Controls,rh,sspls-v,-0.370192497968674
108525,HCP_Controls,rh,ifrms,-1.72275292873383
108828,HCP_Controls,lh,mcgs,-0.0025495970621705
108828,HCP_Controls,lh,pos,-0.396382451057434
108828,HCP_Controls,lh,prculs-d,-0.417227536439896
108828,HCP_Controls,lh,prcus-a,-0.810762703418732
108828,HCP_Controls,lh,prcus-i,0.574344158172607
108828,HCP_Controls,lh,prcus-p,0.907907903194428
108828,HCP_Controls,lh,sbps,0.194314613938332
108828,HCP_Controls,lh,prculs-v,0.622475683689117
108828,HCP_Controls,lh,sspls-v,0.28732106089592
108828,HCP_Controls,lh,ifrms,0.425463140010834
108828,HCP_Controls,lh,sspls-d,1.24309039115906
108828,HCP_Controls,rh,mcgs,-0.386556893587112
108828,HCP_Controls,rh,pos,-0.457333624362946
108828,HCP_Controls,rh,prculs-d,-0.750448048114777
108828,HCP_Controls,rh,prcus-a,0.063490130007267
108828,HCP_Controls,rh,prcus-i,0.213289320468903
108828,HCP_Controls,rh,prcus-p,0.277928829193115
108828,HCP_Controls,rh,sbps,1.20152831077576
108828,HCP_Controls,rh,icgs-p,-1.34454703330994
108828,HCP_Controls,rh,ifrms,-1.61857032775879
109123,HCP_Controls,lh,mcgs,-0.81191486120224
109123,HCP_Controls,lh,pos,-2.0720648765564
109123,HCP_Controls,lh,prculs-d,-0.84109216928482
109123,HCP_Controls,lh,prcus-a,0.881716787815094
109123,HCP_Controls,lh,prcus-i,-0.667717754840851
109123,HCP_Controls,lh,prcus-p,-0.409831941127777
109123,HCP_Controls,lh,sbps,-0.750398218631744
109123,HCP_Controls,lh,icgs-p,-1.72486340999603
109123,HCP_Controls,lh,ifrms,-2.0222954750061
109123,HCP_Controls,rh,mcgs,-0.692511200904846
109123,HCP_Controls,rh,pos,-2.16819858551025
109123,HCP_Controls,rh,prculs-d,-1.14601302146912
109123,HCP_Controls,rh,prcus-a,-1.09254240989685
109123,HCP_Controls,rh,prcus-i,-0.275539755821228
109123,HCP_Controls,rh,prcus-p,-1.3964421749115
109123,HCP_Controls,rh,sbps,-0.363946110010147
109123,HCP_Controls,rh,icgs-p,-0.621973752975464
109123,HCP_Controls,rh,ifrms,-1.38593447208405
109123,HCP_Controls,rh,sspls-d,-0.233493775129318
109325,HCP_Controls,lh,mcgs,0.244107484817505
109325,HCP_Controls,lh,pos,-0.92865777015686
109325,HCP_Controls,lh,prculs-d,-0.810894727706909
109325,HCP_Controls,lh,prcus-a,-0.36941859126091
109325,HCP_Controls,lh,prcus-i,0.589532494544983
109325,HCP_Controls,lh,prcus-p,1.1632627248764
109325,HCP_Controls,lh,sbps,0.0768567472696304
109325,HCP_Controls,lh,sspls-v,-2.66068363189697
109325,HCP_Controls,lh,icgs-p,-1.27552616596222
109325,HCP_Controls,lh,ifrms,-0.566013932228088
109325,HCP_Controls,rh,mcgs,-0.129175662994385
109325,HCP_Controls,rh,pos,-1.50240290164948
109325,HCP_Controls,rh,prculs-d,-0.993598580360413
109325,HCP_Controls,rh,prcus-a,-0.226478531956673
109325,HCP_Controls,rh,prcus-i,0.406779438257217
109325,HCP_Controls,rh,prcus-p,0.859780013561249
109325,HCP_Controls,rh,sbps,1.04389083385468
109325,HCP_Controls,rh,sspls-v,0.683505594730377
109325,HCP_Controls,rh,icgs-p,1.74658071994781
109325,HCP_Controls,rh,ifrms,-0.229404672980309
110007,HCP_Controls,lh,mcgs,1.07040393352509
110007,HCP_Controls,lh,pos,0.33330363035202
110007,HCP_Controls,lh,prculs-d,0.715200901031494
110007,HCP_Controls,lh,prcus-a,2.16667795181274
110007,HCP_Controls,lh,prcus-i,-0.0497007519006729
110007,HCP_Controls,lh,prcus-p,1.83480155467987
110007,HCP_Controls,lh,sbps,1.41859364509583
110007,HCP_Controls,lh,sspls-v,-1.70363581180573
110007,HCP_Controls,lh,ifrms,-0.690389513969421
110007,HCP_Controls,rh,mcgs,0.353081166744232
110007,HCP_Controls,rh,pos,0.831770300865173
110007,HCP_Controls,rh,prculs-d,2.68200016021729
110007,HCP_Controls,rh,prcus-a,-0.565241754055023
110007,HCP_Controls,rh,prcus-i,0.935964465141296
110007,HCP_Controls,rh,prcus-p,1.02053225040436
110007,HCP_Controls,rh,sbps,3.56143116950989
110007,HCP_Controls,rh,icgs-p,5.02183103561401
110007,HCP_Controls,rh,ifrms,1.63833177089691
110411,HCP_Controls,lh,mcgs,0.0626592040061951
110411,HCP_Controls,lh,pos,-1.01868903636932
110411,HCP_Controls,lh,prculs-d,-1.96646440029144
110411,HCP_Controls,lh,prcus-a,1.18198657035828
110411,HCP_Controls,lh,prcus-i,0.727643549442291
110411,HCP_Controls,lh,prcus-p,1.47879028320312
110411,HCP_Controls,lh,sbps,0.816387951374054
110411,HCP_Controls,lh,sspls-v,0.7666956782341
110411,HCP_Controls,lh,ifrms,-2.20316553115845
110411,HCP_Controls,lh,sspls-d,0.0647763088345528
110411,HCP_Controls,rh,mcgs,-0.707286715507507
110411,HCP_Controls,rh,pos,-2.39165782928467
110411,HCP_Controls,rh,prculs-d,-1.32393765449524
110411,HCP_Controls,rh,prcus-a,1.10449862480164
110411,HCP_Controls,rh,prcus-i,0.323945879936218
110411,HCP_Controls,rh,prcus-p,0.391913890838623
110411,HCP_Controls,rh,sbps,1.01951575279236
110411,HCP_Controls,rh,icgs-p,-1.54235398769379
110411,HCP_Controls,rh,ifrms,-0.408542662858963
110411,HCP_Controls,rh,sspls-d,-1.49956798553467
110613,HCP_Controls,lh,mcgs,-1.01254951953888
110613,HCP_Controls,lh,pos,-1.56505596637726
110613,HCP_Controls,lh,prculs-d,-1.32434499263763
110613,HCP_Controls,lh,prcus-a,-0.46663823723793
110613,HCP_Controls,lh,prcus-i,-0.896847784519196
110613,HCP_Controls,lh,prcus-p,0.774561882019043
110613,HCP_Controls,lh,sbps,0.340039968490601
110613,HCP_Controls,lh,prculs-v,1.3723612
110613,HCP_Controls,lh,sspls-v,0.540783226490021
110613,HCP_Controls,lh,ifrms,-0.618826627731323
110613,HCP_Controls,lh,sspls-d,1.00564897060394
110613,HCP_Controls,rh,mcgs,-0.833599030971527
110613,HCP_Controls,rh,pos,-2.10612273216248
110613,HCP_Controls,rh,prculs-d,-1.98153388500214
110613,HCP_Controls,rh,prcus-a,0.0940856412053108
110613,HCP_Controls,rh,prcus-i,-0.140675604343414
110613,HCP_Controls,rh,prcus-p,1.30468773841858
110613,HCP_Controls,rh,sbps,1.22703266143799
110613,HCP_Controls,rh,ifrms,-2.59719347953796
110613,HCP_Controls,rh,sspls-d,1.9682559967041
120111,HCP_Controls,lh,mcgs,0.0384602211415768
120111,HCP_Controls,lh,pos,-2.24884080886841
120111,HCP_Controls,lh,prculs-d,-0.56278783082962
120111,HCP_Controls,lh,prcus-a,-0.273296386003494
120111,HCP_Controls,lh,prcus-i,0.642561376094818
120111,HCP_Controls,lh,prcus-p,-0.0415381714701653
120111,HCP_Controls,lh,sbps,-0.0660762190818787
120111,HCP_Controls,lh,prculs-v,-2.11667561531067
120111,HCP_Controls,lh,sspls-v,-0.266293913125992
120111,HCP_Controls,lh,icgs-p,-0.527115702629089
120111,HCP_Controls,lh,ifrms,0.955643892288208
120111,HCP_Controls,lh,sspls-d,0.548008322715759
120111,HCP_Controls,rh,mcgs,1.28403985500336
120111,HCP_Controls,rh,pos,-2.98877501487732
120111,HCP_Controls,rh,prculs-d,-1.05468738079071
120111,HCP_Controls,rh,prcus-a,0.628997623920441
120111,HCP_Controls,rh,prcus-i,-0.471592992544174
120111,HCP_Controls,rh,prcus-p,1.19702136516571
120111,HCP_Controls,rh,sbps,0.871812462806702
120111,HCP_Controls,rh,icgs-p,0.0598392598330975
120111,HCP_Controls,rh,ifrms,1.35819041728973
120111,HCP_Controls,rh,sspls-d,-0.338681578636169
168240,HCP_Controls,lh,mcgs,0.637070417404175
168240,HCP_Controls,lh,pos,-0.364158540964127
168240,HCP_Controls,lh,prculs-d,-0.140230417251587
168240,HCP_Controls,lh,prcus-a,0.906217515468597
168240,HCP_Controls,lh,prcus-i,1.32485175132751
168240,HCP_Controls,lh,prcus-p,1.79398846626282
168240,HCP_Controls,lh,sbps,0.144721433520317
168240,HCP_Controls,lh,prculs-v,3.28490781784058
168240,HCP_Controls,lh,ifrms,1.28198075294495
168240,HCP_Controls,rh,mcgs,0.284548699855804
168240,HCP_Controls,rh,pos,0.294360458850861
168240,HCP_Controls,rh,prculs-d,1.15809261798859
168240,HCP_Controls,rh,prcus-a,0.226223766803741
168240,HCP_Controls,rh,prcus-i,0.452362179756165
168240,HCP_Controls,rh,prcus-p,5.34440231323242
168240,HCP_Controls,rh,sbps,0.876906037330627
168240,HCP_Controls,rh,icgs-p,3.00041818618774
168240,HCP_Controls,rh,ifrms,0.0188185628503561
