sub,group,hemi,sulcus,present
NT7,Controls,lh,icgs-p,0
NT7,Controls,lh,sspls-d,0
NT7,Controls,lh,ifrms,1
NT7,Controls,lh,sspls-v,1
NT7,Controls,lh,prcus-a,1
NT7,Controls,lh,prcus-i,1
NT7,Controls,lh,prcus-p,1
NT7,Controls,lh,sbps,1
NT7,Controls,lh,mcgs,1
NT7,Controls,lh,pos,1
NT7,Controls,lh,prculs-d,1
NT7,Controls,lh,prculs-v,1
NT7,Controls,rh,icgs-p,1
NT7,Controls,rh,sspls-d,0
NT7,Controls,rh,ifrms,1
NT7,Controls,rh,sspls-v,0
NT7,Controls,rh,prcus-a,1
NT7,Controls,rh,prcus-i,1
NT7,Controls,rh,prcus-p,1
NT7,Controls,rh,sbps,1
NT7,Controls,rh,mcgs,1
NT7,Controls,rh,pos,1
NT7,Controls,rh,prculs-d,1
NT7,Controls,rh,prculs-v,1
DP7,DPs,lh,icgs-p,1
DP7,DPs,lh,sspls-d,1
DP7,DPs,lh,ifrms,1
DP7,DPs,lh,sspls-v,1
DP7,DPs,lh,prcus-a,1
DP7,DPs,lh,prcus-i,1
DP7,DPs,lh,prcus-p,1
DP7,DPs,lh,sbps,1
DP7,DPs,lh,mcgs,1
DP7,DPs,lh,pos,1
DP7,DPs,lh,prculs-d,1
DP7,DPs,lh,prculs-v,0
DP7,DPs,rh,icgs-p,1
DP7,DPs,rh,sspls-d,1
DP7,DPs,rh,ifrms,1
DP7,DPs,rh,sspls-v,0
DP7,DPs,rh,prcus-a,1
DP7,DPs,rh,prcus-i,1
DP7,DPs,rh,prcus-p,1
DP7,DPs,rh,sbps,1
DP7,DPs,rh,mcgs,1
DP7,DPs,rh,pos,1
DP7,DPs,rh,prculs-d,1
DP7,DPs,rh,prculs-v,0
NT8,Controls,lh,icgs-p,0
NT8,Controls,lh,sspls-d,0
NT8,Controls,lh,ifrms,1
NT8,Controls,lh,sspls-v,0
NT8,Controls,lh,prcus-a,1
NT8,Controls,lh,prcus-i,1
NT8,Controls,lh,prcus-p,1
NT8,Controls,lh,sbps,1
NT8,Controls,lh,mcgs,1
NT8,Controls,lh,pos,1
NT8,Controls,lh,prculs-d,1
NT8,Controls,lh,prculs-v,0
NT8,Controls,rh,icgs-p,0
NT8,Controls,rh,sspls-d,1
NT8,Controls,rh,ifrms,1
NT8,Controls,rh,sspls-v,0
NT8,Controls,rh,prcus-a,1
NT8,Controls,rh,prcus-i,1
NT8,Controls,rh,prcus-p,1
NT8,Controls,rh,sbps,1
NT8,Controls,rh,mcgs,1
NT8,Controls,rh,pos,1
NT8,Controls,rh,prculs-d,1
NT8,Controls,rh,prculs-v,0
DP8,DPs,lh,icgs-p,1
DP8,DPs,lh,sspls-d,0
DP8,DPs,lh,ifrms,1
DP8,DPs,lh,sspls-v,1
DP8,DPs,lh,prcus-a,1
DP8,DPs,lh,prcus-i,1
DP8,DPs,lh,prcus-p,1
DP8,DPs,lh,sbps,1
DP8,DPs,lh,mcgs,1
DP8,DPs,lh,pos,1
DP8,DPs,lh,prculs-d,1
DP8,DPs,lh,prculs-v,1
DP8,DPs,rh,icgs-p,1
DP8,DPs,rh,sspls-d,0
DP8,DPs,rh,ifrms,1
DP8,DPs,rh,sspls-v,1
DP8,DPs,rh,prcus-a,1
DP8,DPs,rh,prcus-i,1
DP8,DPs,rh,prcus-p,1
DP8,DPs,rh,sbps,1
DP8,DPs,rh,mcgs,1
DP8,DPs,rh,pos,1
DP8,DPs,rh,prculs-d,1
DP8,DPs,rh,prculs-v,0
NT9,Controls,lh,icgs-p,1
NT9,Controls,lh,sspls-d,0
NT9,Controls,lh,ifrms,1
NT9,Controls,lh,sspls-v,1
NT9,Controls,lh,prcus-a,1
NT9,Controls,lh,prcus-i,1
NT9,Controls,lh,prcus-p,1
NT9,Controls,lh,sbps,1
NT9,Controls,lh,mcgs,1
NT9,Controls,lh,pos,1
NT9,Controls,lh,prculs-d,1
NT9,Controls,lh,prculs-v,0
NT9,Controls,rh,icgs-p,0
NT9,Controls,rh,sspls-d,0
NT9,Controls,rh,ifrms,1
NT9,Controls,rh,sspls-v,1
NT9,Controls,rh,prcus-a,1
NT9,Controls,rh,prcus-i,1
NT9,Controls,rh,prcus-p,1
NT9,Controls,rh,sbps,1
NT9,Controls,rh,mcgs,1
NT9,Controls,rh,pos,1
NT9,Controls,rh,prculs-d,1
NT9,Controls,rh,prculs-v,0
DP9,DPs,lh,icgs-p,1
DP9,DPs,lh,sspls-d,1
DP9,DPs,lh,ifrms,1
DP9,DPs,lh,sspls-v,1
DP9,DPs,lh,prcus-a,1
DP9,DPs,lh,prcus-i,1
DP9,DPs,lh,prcus-p,1
DP9,DPs,lh,sbps,1
DP9,DPs,lh,mcgs,1
DP9,DPs,lh,pos,1
DP9,DPs,lh,prculs-d,1
DP9,DPs,lh,prculs-v,0
DP9,DPs,rh,icgs-p,0
DP9,DPs,rh,sspls-d,1
DP9,DPs,rh,ifrms,1
DP9,DPs,rh,sspls-v,0
DP9,DPs,rh,prcus-a,1
DP9,DPs,rh,prcus-i,1
DP9,DPs,rh,prcus-p,1
DP9,DPs,rh,sbps,1
DP9,DPs,rh,mcgs,1
DP9,DPs,rh,pos,1
DP9,DPs,rh,prculs-d,1
DP9,DPs,rh,prculs-v,0
NT6,Controls,lh,icgs-p,1
NT6,Controls,lh,sspls-d,1
NT6,Controls,lh,ifrms,1
NT6,Controls,lh,sspls-v,1
NT6,Controls,lh,prcus-a,1
NT6,Controls,lh,prcus-i,1
NT6,Controls,lh,prcus-p,1
NT6,Controls,lh,sbps,1
NT6,Controls,lh,mcgs,1
NT6,Controls,lh,pos,1
NT6,Controls,lh,prculs-d,1
NT6,Controls,lh,prculs-v,1
NT6,Controls,rh,icgs-p,1
NT6,Controls,rh,sspls-d,0
NT6,Controls,rh,ifrms,1
NT6,Controls,rh,sspls-v,1
NT6,Controls,rh,prcus-a,1
NT6,Controls,rh,prcus-i,1
NT6,Controls,rh,prcus-p,1
NT6,Controls,rh,sbps,1
NT6,Controls,rh,mcgs,1
NT6,Controls,rh,pos,1
NT6,Controls,rh,prculs-d,1
NT6,Controls,rh,prculs-v,0
DP10,DPs,lh,icgs-p,1
DP10,DPs,lh,sspls-d,1
DP10,DPs,lh,ifrms,1
DP10,DPs,lh,sspls-v,0
DP10,DPs,lh,prcus-a,1
DP10,DPs,lh,prcus-i,1
DP10,DPs,lh,prcus-p,1
DP10,DPs,lh,sbps,1
DP10,DPs,lh,mcgs,1
DP10,DPs,lh,pos,1
DP10,DPs,lh,prculs-d,1
DP10,DPs,lh,prculs-v,0
DP10,DPs,rh,icgs-p,0
DP10,DPs,rh,sspls-d,0
DP10,DPs,rh,ifrms,1
DP10,DPs,rh,sspls-v,0
DP10,DPs,rh,prcus-a,1
DP10,DPs,rh,prcus-i,1
DP10,DPs,rh,prcus-p,1
DP10,DPs,rh,sbps,1
DP10,DPs,rh,mcgs,1
DP10,DPs,rh,pos,1
DP10,DPs,rh,prculs-d,1
DP10,DPs,rh,prculs-v,0
NT15,Controls,lh,icgs-p,0
NT15,Controls,lh,sspls-d,1
NT15,Controls,lh,ifrms,1
NT15,Controls,lh,sspls-v,1
NT15,Controls,lh,prcus-a,1
NT15,Controls,lh,prcus-i,1
NT15,Controls,lh,prcus-p,1
NT15,Controls,lh,sbps,1
NT15,Controls,lh,mcgs,1
NT15,Controls,lh,pos,1
NT15,Controls,lh,prculs-d,1
NT15,Controls,lh,prculs-v,0
NT15,Controls,rh,icgs-p,0
NT15,Controls,rh,sspls-d,0
NT15,Controls,rh,ifrms,1
NT15,Controls,rh,sspls-v,1
NT15,Controls,rh,prcus-a,1
NT15,Controls,rh,prcus-i,1
NT15,Controls,rh,prcus-p,1
NT15,Controls,rh,sbps,1
NT15,Controls,rh,mcgs,1
NT15,Controls,rh,pos,1
NT15,Controls,rh,prculs-d,1
NT15,Controls,rh,prculs-v,0
NT10,Controls,lh,icgs-p,1
NT10,Controls,lh,sspls-d,1
NT10,Controls,lh,ifrms,1
NT10,Controls,lh,sspls-v,1
NT10,Controls,lh,prcus-a,1
NT10,Controls,lh,prcus-i,1
NT10,Controls,lh,prcus-p,1
NT10,Controls,lh,sbps,1
NT10,Controls,lh,mcgs,1
NT10,Controls,lh,pos,1
NT10,Controls,lh,prculs-d,1
NT10,Controls,lh,prculs-v,0
NT10,Controls,rh,icgs-p,1
NT10,Controls,rh,sspls-d,1
NT10,Controls,rh,ifrms,1
NT10,Controls,rh,sspls-v,1
NT10,Controls,rh,prcus-a,1
NT10,Controls,rh,prcus-i,1
NT10,Controls,rh,prcus-p,1
NT10,Controls,rh,sbps,1
NT10,Controls,rh,mcgs,1
NT10,Controls,rh,pos,1
NT10,Controls,rh,prculs-d,1
NT10,Controls,rh,prculs-v,0
NT11,Controls,lh,icgs-p,0
NT11,Controls,lh,sspls-d,0
NT11,Controls,lh,ifrms,1
NT11,Controls,lh,sspls-v,1
NT11,Controls,lh,prcus-a,1
NT11,Controls,lh,prcus-i,1
NT11,Controls,lh,prcus-p,1
NT11,Controls,lh,sbps,1
NT11,Controls,lh,mcgs,1
NT11,Controls,lh,pos,1
NT11,Controls,lh,prculs-d,1
NT11,Controls,lh,prculs-v,0
NT11,Controls,rh,icgs-p,0
NT11,Controls,rh,sspls-d,0
NT11,Controls,rh,ifrms,1
NT11,Controls,rh,sspls-v,0
NT11,Controls,rh,prcus-a,1
NT11,Controls,rh,prcus-i,1
NT11,Controls,rh,prcus-p,1
NT11,Controls,rh,sbps,1
NT11,Controls,rh,mcgs,1
NT11,Controls,rh,pos,1
NT11,Controls,rh,prculs-d,1
NT11,Controls,rh,prculs-v,0
NT12,Controls,lh,icgs-p,0
NT12,Controls,lh,sspls-d,0
NT12,Controls,lh,ifrms,1
NT12,Controls,lh,sspls-v,1
NT12,Controls,lh,prcus-a,1
NT12,Controls,lh,prcus-i,1
NT12,Controls,lh,prcus-p,1
NT12,Controls,lh,sbps,1
NT12,Controls,lh,mcgs,1
NT12,Controls,lh,pos,1
NT12,Controls,lh,prculs-d,1
NT12,Controls,lh,prculs-v,0
NT12,Controls,rh,icgs-p,0
NT12,Controls,rh,sspls-d,1
NT12,Controls,rh,ifrms,1
NT12,Controls,rh,sspls-v,1
NT12,Controls,rh,prcus-a,1
NT12,Controls,rh,prcus-i,1
NT12,Controls,rh,prcus-p,1
NT12,Controls,rh,sbps,1
NT12,Controls,rh,mcgs,1
NT12,Controls,rh,pos,1
NT12,Controls,rh,prculs-d,1
NT12,Controls,rh,prculs-v,0
NT13,Controls,lh,icgs-p,0
NT13,Controls,lh,sspls-d,0
NT13,Controls,lh,ifrms,1
NT13,Controls,lh,sspls-v,1
NT13,Controls,lh,prcus-a,1
NT13,Controls,lh,prcus-i,1
NT13,Controls,lh,prcus-p,1
NT13,Controls,lh,sbps,1
NT13,Controls,lh,mcgs,1
NT13,Controls,lh,pos,1
NT13,Controls,lh,prculs-d,1
NT13,Controls,lh,prculs-v,0
NT13,Controls,rh,icgs-p,0
NT13,Controls,rh,sspls-d,0
NT13,Controls,rh,ifrms,1
NT13,Controls,rh,sspls-v,1
NT13,Controls,rh,prcus-a,1
NT13,Controls,rh,prcus-i,1
NT13,Controls,rh,prcus-p,1
NT13,Controls,rh,sbps,1
NT13,Controls,rh,mcgs,1
NT13,Controls,rh,pos,1
NT13,Controls,rh,prculs-d,1
NT13,Controls,rh,prculs-v,0
DP11,DPs,lh,icgs-p,0
DP11,DPs,lh,sspls-d,0
DP11,DPs,lh,ifrms,1
DP11,DPs,lh,sspls-v,1
DP11,DPs,lh,prcus-a,1
DP11,DPs,lh,prcus-i,1
DP11,DPs,lh,prcus-p,1
DP11,DPs,lh,sbps,1
DP11,DPs,lh,mcgs,1
DP11,DPs,lh,pos,1
DP11,DPs,lh,prculs-d,1
DP11,DPs,lh,prculs-v,0
DP11,DPs,rh,icgs-p,1
DP11,DPs,rh,sspls-d,0
DP11,DPs,rh,ifrms,1
DP11,DPs,rh,sspls-v,1
DP11,DPs,rh,prcus-a,1
DP11,DPs,rh,prcus-i,1
DP11,DPs,rh,prcus-p,1
DP11,DPs,rh,sbps,1
DP11,DPs,rh,mcgs,1
DP11,DPs,rh,pos,1
DP11,DPs,rh,prculs-d,1
DP11,DPs,rh,prculs-v,0
NT14,Controls,lh,icgs-p,1
NT14,Controls,lh,sspls-d,0
NT14,Controls,lh,ifrms,1
NT14,Controls,lh,sspls-v,1
NT14,Controls,lh,prcus-a,1
NT14,Controls,lh,prcus-i,1
NT14,Controls,lh,prcus-p,1
NT14,Controls,lh,sbps,1
NT14,Controls,lh,mcgs,1
NT14,Controls,lh,pos,1
NT14,Controls,lh,prculs-d,1
NT14,Controls,lh,prculs-v,0
NT14,Controls,rh,icgs-p,1
NT14,Controls,rh,sspls-d,0
NT14,Controls,rh,ifrms,1
NT14,Controls,rh,sspls-v,0
NT14,Controls,rh,prcus-a,1
NT14,Controls,rh,prcus-i,1
NT14,Controls,rh,prcus-p,1
NT14,Controls,rh,sbps,1
NT14,Controls,rh,mcgs,1
NT14,Controls,rh,pos,1
NT14,Controls,rh,prculs-d,1
NT14,Controls,rh,prculs-v,1
DP12,DPs,lh,icgs-p,1
DP12,DPs,lh,sspls-d,1
DP12,DPs,lh,ifrms,1
DP12,DPs,lh,sspls-v,1
DP12,DPs,lh,prcus-a,1
DP12,DPs,lh,prcus-i,1
DP12,DPs,lh,prcus-p,1
DP12,DPs,lh,sbps,1
DP12,DPs,lh,mcgs,1
DP12,DPs,lh,pos,1
DP12,DPs,lh,prculs-d,1
DP12,DPs,lh,prculs-v,1
DP12,DPs,rh,icgs-p,0
DP12,DPs,rh,sspls-d,1
DP12,DPs,rh,ifrms,1
DP12,DPs,rh,sspls-v,1
DP12,DPs,rh,prcus-a,1
DP12,DPs,rh,prcus-i,1
DP12,DPs,rh,prcus-p,1
DP12,DPs,rh,sbps,1
DP12,DPs,rh,mcgs,1
DP12,DPs,rh,pos,1
DP12,DPs,rh,prculs-d,1
DP12,DPs,rh,prculs-v,0
NT3,Controls,lh,icgs-p,0
NT3,Controls,lh,sspls-d,1
NT3,Controls,lh,ifrms,1
NT3,Controls,lh,sspls-v,0
NT3,Controls,lh,prcus-a,1
NT3,Controls,lh,prcus-i,1
NT3,Controls,lh,prcus-p,1
NT3,Controls,lh,sbps,1
NT3,Controls,lh,mcgs,1
NT3,Controls,lh,pos,1
NT3,Controls,lh,prculs-d,1
NT3,Controls,lh,prculs-v,0
NT3,Controls,rh,icgs-p,0
NT3,Controls,rh,sspls-d,0
NT3,Controls,rh,ifrms,1
NT3,Controls,rh,sspls-v,0
NT3,Controls,rh,prcus-a,1
NT3,Controls,rh,prcus-i,1
NT3,Controls,rh,prcus-p,1
NT3,Controls,rh,sbps,1
NT3,Controls,rh,mcgs,1
NT3,Controls,rh,pos,1
NT3,Controls,rh,prculs-d,1
NT3,Controls,rh,prculs-v,0
NT16,Controls,lh,icgs-p,0
NT16,Controls,lh,sspls-d,1
NT16,Controls,lh,ifrms,1
NT16,Controls,lh,sspls-v,1
NT16,Controls,lh,prcus-a,1
NT16,Controls,lh,prcus-i,1
NT16,Controls,lh,prcus-p,1
NT16,Controls,lh,sbps,1
NT16,Controls,lh,mcgs,1
NT16,Controls,lh,pos,1
NT16,Controls,lh,prculs-d,1
NT16,Controls,lh,prculs-v,1
NT16,Controls,rh,icgs-p,1
NT16,Controls,rh,sspls-d,1
NT16,Controls,rh,ifrms,1
NT16,Controls,rh,sspls-v,1
NT16,Controls,rh,prcus-a,1
NT16,Controls,rh,prcus-i,1
NT16,Controls,rh,prcus-p,1
NT16,Controls,rh,sbps,1
NT16,Controls,rh,mcgs,1
NT16,Controls,rh,pos,1
NT16,Controls,rh,prculs-d,1
NT16,Controls,rh,prculs-v,1
NT17,Controls,lh,icgs-p,1
NT17,Controls,lh,sspls-d,0
NT17,Controls,lh,ifrms,1
NT17,Controls,lh,sspls-v,1
NT17,Controls,lh,prcus-a,1
NT17,Controls,lh,prcus-i,1
NT17,Controls,lh,prcus-p,1
NT17,Controls,lh,sbps,1
NT17,Controls,lh,mcgs,1
NT17,Controls,lh,pos,1
NT17,Controls,lh,prculs-d,1
NT17,Controls,lh,prculs-v,0
NT17,Controls,rh,icgs-p,1
NT17,Controls,rh,sspls-d,0
NT17,Controls,rh,ifrms,1
NT17,Controls,rh,sspls-v,0
NT17,Controls,rh,prcus-a,1
NT17,Controls,rh,prcus-i,1
NT17,Controls,rh,prcus-p,1
NT17,Controls,rh,sbps,1
NT17,Controls,rh,mcgs,1
NT17,Controls,rh,pos,1
NT17,Controls,rh,prculs-d,1
NT17,Controls,rh,prculs-v,1
DP13,DPs,lh,icgs-p,1
DP13,DPs,lh,sspls-d,1
DP13,DPs,lh,ifrms,1
DP13,DPs,lh,sspls-v,1
DP13,DPs,lh,prcus-a,1
DP13,DPs,lh,prcus-i,1
DP13,DPs,lh,prcus-p,1
DP13,DPs,lh,sbps,1
DP13,DPs,lh,mcgs,1
DP13,DPs,lh,pos,1
DP13,DPs,lh,prculs-d,1
DP13,DPs,lh,prculs-v,0
DP13,DPs,rh,icgs-p,1
DP13,DPs,rh,sspls-d,1
DP13,DPs,rh,ifrms,1
DP13,DPs,rh,sspls-v,0
DP13,DPs,rh,prcus-a,1
DP13,DPs,rh,prcus-i,1
DP13,DPs,rh,prcus-p,1
DP13,DPs,rh,sbps,1
DP13,DPs,rh,mcgs,1
DP13,DPs,rh,pos,1
DP13,DPs,rh,prculs-d,1
DP13,DPs,rh,prculs-v,0
NT18,Controls,lh,icgs-p,1
NT18,Controls,lh,sspls-d,0
NT18,Controls,lh,ifrms,1
NT18,Controls,lh,sspls-v,1
NT18,Controls,lh,prcus-a,1
NT18,Controls,lh,prcus-i,1
NT18,Controls,lh,prcus-p,1
NT18,Controls,lh,sbps,1
NT18,Controls,lh,mcgs,1
NT18,Controls,lh,pos,1
NT18,Controls,lh,prculs-d,1
NT18,Controls,lh,prculs-v,1
NT18,Controls,rh,icgs-p,0
NT18,Controls,rh,sspls-d,1
NT18,Controls,rh,ifrms,1
NT18,Controls,rh,sspls-v,1
NT18,Controls,rh,prcus-a,1
NT18,Controls,rh,prcus-i,1
NT18,Controls,rh,prcus-p,1
NT18,Controls,rh,sbps,1
NT18,Controls,rh,mcgs,1
NT18,Controls,rh,pos,1
NT18,Controls,rh,prculs-d,1
NT18,Controls,rh,prculs-v,1
DP14,DPs,lh,icgs-p,1
DP14,DPs,lh,sspls-d,1
DP14,DPs,lh,ifrms,1
DP14,DPs,lh,sspls-v,0
DP14,DPs,lh,prcus-a,1
DP14,DPs,lh,prcus-i,1
DP14,DPs,lh,prcus-p,1
DP14,DPs,lh,sbps,1
DP14,DPs,lh,mcgs,1
DP14,DPs,lh,pos,1
DP14,DPs,lh,prculs-d,1
DP14,DPs,lh,prculs-v,0
DP14,DPs,rh,icgs-p,1
DP14,DPs,rh,sspls-d,1
DP14,DPs,rh,ifrms,1
DP14,DPs,rh,sspls-v,0
DP14,DPs,rh,prcus-a,1
DP14,DPs,rh,prcus-i,1
DP14,DPs,rh,prcus-p,1
DP14,DPs,rh,sbps,1
DP14,DPs,rh,mcgs,1
DP14,DPs,rh,pos,1
DP14,DPs,rh,prculs-d,1
DP14,DPs,rh,prculs-v,1
DP15,DPs,lh,icgs-p,0
DP15,DPs,lh,sspls-d,0
DP15,DPs,lh,ifrms,1
DP15,DPs,lh,sspls-v,1
DP15,DPs,lh,prcus-a,1
DP15,DPs,lh,prcus-i,1
DP15,DPs,lh,prcus-p,1
DP15,DPs,lh,sbps,1
DP15,DPs,lh,mcgs,1
DP15,DPs,lh,pos,1
DP15,DPs,lh,prculs-d,1
DP15,DPs,lh,prculs-v,0
DP15,DPs,rh,icgs-p,1
DP15,DPs,rh,sspls-d,1
DP15,DPs,rh,ifrms,1
DP15,DPs,rh,sspls-v,0
DP15,DPs,rh,prcus-a,1
DP15,DPs,rh,prcus-i,1
DP15,DPs,rh,prcus-p,1
DP15,DPs,rh,sbps,1
DP15,DPs,rh,mcgs,1
DP15,DPs,rh,pos,1
DP15,DPs,rh,prculs-d,1
DP15,DPs,rh,prculs-v,1
DP3,DPs,lh,icgs-p,0
DP3,DPs,lh,sspls-d,0
DP3,DPs,lh,ifrms,1
DP3,DPs,lh,sspls-v,0
DP3,DPs,lh,prcus-a,1
DP3,DPs,lh,prcus-i,1
DP3,DPs,lh,prcus-p,1
DP3,DPs,lh,sbps,1
DP3,DPs,lh,mcgs,1
DP3,DPs,lh,pos,1
DP3,DPs,lh,prculs-d,1
DP3,DPs,lh,prculs-v,0
DP3,DPs,rh,icgs-p,1
DP3,DPs,rh,sspls-d,0
DP3,DPs,rh,ifrms,1
DP3,DPs,rh,sspls-v,0
DP3,DPs,rh,prcus-a,1
DP3,DPs,rh,prcus-i,1
DP3,DPs,rh,prcus-p,1
DP3,DPs,rh,sbps,1
DP3,DPs,rh,mcgs,1
DP3,DPs,rh,pos,1
DP3,DPs,rh,prculs-d,1
DP3,DPs,rh,prculs-v,0
DP16,DPs,lh,icgs-p,1
DP16,DPs,lh,sspls-d,0
DP16,DPs,lh,ifrms,1
DP16,DPs,lh,sspls-v,1
DP16,DPs,lh,prcus-a,1
DP16,DPs,lh,prcus-i,1
DP16,DPs,lh,prcus-p,1
DP16,DPs,lh,sbps,1
DP16,DPs,lh,mcgs,1
DP16,DPs,lh,pos,1
DP16,DPs,lh,prculs-d,1
DP16,DPs,lh,prculs-v,1
DP16,DPs,rh,icgs-p,1
DP16,DPs,rh,sspls-d,0
DP16,DPs,rh,ifrms,1
DP16,DPs,rh,sspls-v,1
DP16,DPs,rh,prcus-a,1
DP16,DPs,rh,prcus-i,1
DP16,DPs,rh,prcus-p,1
DP16,DPs,rh,sbps,1
DP16,DPs,rh,mcgs,1
DP16,DPs,rh,pos,1
DP16,DPs,rh,prculs-d,1
DP16,DPs,rh,prculs-v,1
NT19,Controls,lh,icgs-p,1
NT19,Controls,lh,sspls-d,1
NT19,Controls,lh,ifrms,1
NT19,Controls,lh,sspls-v,0
NT19,Controls,lh,prcus-a,1
NT19,Controls,lh,prcus-i,1
NT19,Controls,lh,prcus-p,1
NT19,Controls,lh,sbps,1
NT19,Controls,lh,mcgs,1
NT19,Controls,lh,pos,1
NT19,Controls,lh,prculs-d,1
NT19,Controls,lh,prculs-v,1
NT19,Controls,rh,icgs-p,0
NT19,Controls,rh,sspls-d,1
NT19,Controls,rh,ifrms,1
NT19,Controls,rh,sspls-v,0
NT19,Controls,rh,prcus-a,1
NT19,Controls,rh,prcus-i,1
NT19,Controls,rh,prcus-p,1
NT19,Controls,rh,sbps,1
NT19,Controls,rh,mcgs,1
NT19,Controls,rh,pos,1
NT19,Controls,rh,prculs-d,1
NT19,Controls,rh,prculs-v,0
DP17,DPs,lh,icgs-p,1
DP17,DPs,lh,sspls-d,0
DP17,DPs,lh,ifrms,1
DP17,DPs,lh,sspls-v,0
DP17,DPs,lh,prcus-a,1
DP17,DPs,lh,prcus-i,1
DP17,DPs,lh,prcus-p,1
DP17,DPs,lh,sbps,1
DP17,DPs,lh,mcgs,1
DP17,DPs,lh,pos,1
DP17,DPs,lh,prculs-d,1
DP17,DPs,lh,prculs-v,1
DP17,DPs,rh,icgs-p,1
DP17,DPs,rh,sspls-d,1
DP17,DPs,rh,ifrms,1
DP17,DPs,rh,sspls-v,0
DP17,DPs,rh,prcus-a,1
DP17,DPs,rh,prcus-i,1
DP17,DPs,rh,prcus-p,1
DP17,DPs,rh,sbps,1
DP17,DPs,rh,mcgs,1
DP17,DPs,rh,pos,1
DP17,DPs,rh,prculs-d,1
DP17,DPs,rh,prculs-v,0
DP18,DPs,lh,icgs-p,1
DP18,DPs,lh,sspls-d,0
DP18,DPs,lh,ifrms,1
DP18,DPs,lh,sspls-v,1
DP18,DPs,lh,prcus-a,1
DP18,DPs,lh,prcus-i,1
DP18,DPs,lh,prcus-p,1
DP18,DPs,lh,sbps,1
DP18,DPs,lh,mcgs,1
DP18,DPs,lh,pos,1
DP18,DPs,lh,prculs-d,1
DP18,DPs,lh,prculs-v,0
DP18,DPs,rh,icgs-p,0
DP18,DPs,rh,sspls-d,0
DP18,DPs,rh,ifrms,1
DP18,DPs,rh,sspls-v,1
DP18,DPs,rh,prcus-a,1
DP18,DPs,rh,prcus-i,1
DP18,DPs,rh,prcus-p,1
DP18,DPs,rh,sbps,1
DP18,DPs,rh,mcgs,1
DP18,DPs,rh,pos,1
DP18,DPs,rh,prculs-d,1
DP18,DPs,rh,prculs-v,0
DP19,DPs,lh,icgs-p,0
DP19,DPs,lh,sspls-d,1
DP19,DPs,lh,ifrms,1
DP19,DPs,lh,sspls-v,0
DP19,DPs,lh,prcus-a,1
DP19,DPs,lh,prcus-i,1
DP19,DPs,lh,prcus-p,1
DP19,DPs,lh,sbps,1
DP19,DPs,lh,mcgs,1
DP19,DPs,lh,pos,1
DP19,DPs,lh,prculs-d,1
DP19,DPs,lh,prculs-v,0
DP19,DPs,rh,icgs-p,1
DP19,DPs,rh,sspls-d,1
DP19,DPs,rh,ifrms,1
DP19,DPs,rh,sspls-v,0
DP19,DPs,rh,prcus-a,1
DP19,DPs,rh,prcus-i,1
DP19,DPs,rh,prcus-p,1
DP19,DPs,rh,sbps,1
DP19,DPs,rh,mcgs,1
DP19,DPs,rh,pos,1
DP19,DPs,rh,prculs-d,1
DP19,DPs,rh,prculs-v,0
DP4,DPs,lh,icgs-p,1
DP4,DPs,lh,sspls-d,0
DP4,DPs,lh,ifrms,1
DP4,DPs,lh,sspls-v,0
DP4,DPs,lh,prcus-a,1
DP4,DPs,lh,prcus-i,1
DP4,DPs,lh,prcus-p,1
DP4,DPs,lh,sbps,1
DP4,DPs,lh,mcgs,1
DP4,DPs,lh,pos,1
DP4,DPs,lh,prculs-d,1
DP4,DPs,lh,prculs-v,0
DP4,DPs,rh,icgs-p,1
DP4,DPs,rh,sspls-d,0
DP4,DPs,rh,ifrms,1
DP4,DPs,rh,sspls-v,1
DP4,DPs,rh,prcus-a,1
DP4,DPs,rh,prcus-i,1
DP4,DPs,rh,prcus-p,1
DP4,DPs,rh,sbps,1
DP4,DPs,rh,mcgs,1
DP4,DPs,rh,pos,1
DP4,DPs,rh,prculs-d,1
DP4,DPs,rh,prculs-v,1
NT20,Controls,lh,icgs-p,1
NT20,Controls,lh,sspls-d,0
NT20,Controls,lh,ifrms,1
NT20,Controls,lh,sspls-v,1
NT20,Controls,lh,prcus-a,1
NT20,Controls,lh,prcus-i,1
NT20,Controls,lh,prcus-p,1
NT20,Controls,lh,sbps,1
NT20,Controls,lh,mcgs,1
NT20,Controls,lh,pos,1
NT20,Controls,lh,prculs-d,1
NT20,Controls,lh,prculs-v,1
NT20,Controls,rh,icgs-p,1
NT20,Controls,rh,sspls-d,1
NT20,Controls,rh,ifrms,1
NT20,Controls,rh,sspls-v,1
NT20,Controls,rh,prcus-a,1
NT20,Controls,rh,prcus-i,1
NT20,Controls,rh,prcus-p,1
NT20,Controls,rh,sbps,1
NT20,Controls,rh,mcgs,1
NT20,Controls,rh,pos,1
NT20,Controls,rh,prculs-d,1
NT20,Controls,rh,prculs-v,1
NT1,Controls,lh,icgs-p,1
NT1,Controls,lh,sspls-d,1
NT1,Controls,lh,ifrms,1
NT1,Controls,lh,sspls-v,1
NT1,Controls,lh,prcus-a,1
NT1,Controls,lh,prcus-i,1
NT1,Controls,lh,prcus-p,1
NT1,Controls,lh,sbps,1
NT1,Controls,lh,mcgs,1
NT1,Controls,lh,pos,1
NT1,Controls,lh,prculs-d,1
NT1,Controls,lh,prculs-v,1
NT1,Controls,rh,icgs-p,1
NT1,Controls,rh,sspls-d,0
NT1,Controls,rh,ifrms,1
NT1,Controls,rh,sspls-v,1
NT1,Controls,rh,prcus-a,1
NT1,Controls,rh,prcus-i,1
NT1,Controls,rh,prcus-p,1
NT1,Controls,rh,sbps,1
NT1,Controls,rh,mcgs,1
NT1,Controls,rh,pos,1
NT1,Controls,rh,prculs-d,1
NT1,Controls,rh,prculs-v,0
DP20,DPs,lh,icgs-p,1
DP20,DPs,lh,sspls-d,1
DP20,DPs,lh,ifrms,1
DP20,DPs,lh,sspls-v,1
DP20,DPs,lh,prcus-a,1
DP20,DPs,lh,prcus-i,1
DP20,DPs,lh,prcus-p,1
DP20,DPs,lh,sbps,1
DP20,DPs,lh,mcgs,1
DP20,DPs,lh,pos,1
DP20,DPs,lh,prculs-d,1
DP20,DPs,lh,prculs-v,1
DP20,DPs,rh,icgs-p,0
DP20,DPs,rh,sspls-d,0
DP20,DPs,rh,ifrms,1
DP20,DPs,rh,sspls-v,0
DP20,DPs,rh,prcus-a,1
DP20,DPs,rh,prcus-i,1
DP20,DPs,rh,prcus-p,1
DP20,DPs,rh,sbps,1
DP20,DPs,rh,mcgs,1
DP20,DPs,rh,pos,1
DP20,DPs,rh,prculs-d,1
DP20,DPs,rh,prculs-v,0
NT21,Controls,lh,icgs-p,1
NT21,Controls,lh,sspls-d,0
NT21,Controls,lh,ifrms,1
NT21,Controls,lh,sspls-v,1
NT21,Controls,lh,prcus-a,1
NT21,Controls,lh,prcus-i,1
NT21,Controls,lh,prcus-p,1
NT21,Controls,lh,sbps,1
NT21,Controls,lh,mcgs,1
NT21,Controls,lh,pos,1
NT21,Controls,lh,prculs-d,1
NT21,Controls,lh,prculs-v,1
NT21,Controls,rh,icgs-p,1
NT21,Controls,rh,sspls-d,1
NT21,Controls,rh,ifrms,1
NT21,Controls,rh,sspls-v,1
NT21,Controls,rh,prcus-a,1
NT21,Controls,rh,prcus-i,1
NT21,Controls,rh,prcus-p,1
NT21,Controls,rh,sbps,1
NT21,Controls,rh,mcgs,1
NT21,Controls,rh,pos,1
NT21,Controls,rh,prculs-d,1
NT21,Controls,rh,prculs-v,0
DP21,DPs,lh,icgs-p,0
DP21,DPs,lh,sspls-d,0
DP21,DPs,lh,ifrms,1
DP21,DPs,lh,sspls-v,1
DP21,DPs,lh,prcus-a,1
DP21,DPs,lh,prcus-i,1
DP21,DPs,lh,prcus-p,1
DP21,DPs,lh,sbps,1
DP21,DPs,lh,mcgs,1
DP21,DPs,lh,pos,1
DP21,DPs,lh,prculs-d,1
DP21,DPs,lh,prculs-v,1
DP21,DPs,rh,icgs-p,0
DP21,DPs,rh,sspls-d,1
DP21,DPs,rh,ifrms,1
DP21,DPs,rh,sspls-v,0
DP21,DPs,rh,prcus-a,1
DP21,DPs,rh,prcus-i,1
DP21,DPs,rh,prcus-p,1
DP21,DPs,rh,sbps,1
DP21,DPs,rh,mcgs,1
DP21,DPs,rh,pos,1
DP21,DPs,rh,prculs-d,1
DP21,DPs,rh,prculs-v,0
DP22,DPs,lh,icgs-p,0
DP22,DPs,lh,sspls-d,0
DP22,DPs,lh,ifrms,1
DP22,DPs,lh,sspls-v,0
DP22,DPs,lh,prcus-a,1
DP22,DPs,lh,prcus-i,1
DP22,DPs,lh,prcus-p,1
DP22,DPs,lh,sbps,1
DP22,DPs,lh,mcgs,1
DP22,DPs,lh,pos,1
DP22,DPs,lh,prculs-d,1
DP22,DPs,lh,prculs-v,0
DP22,DPs,rh,icgs-p,0
DP22,DPs,rh,sspls-d,0
DP22,DPs,rh,ifrms,1
DP22,DPs,rh,sspls-v,0
DP22,DPs,rh,prcus-a,1
DP22,DPs,rh,prcus-i,1
DP22,DPs,rh,prcus-p,1
DP22,DPs,rh,sbps,1
DP22,DPs,rh,mcgs,1
DP22,DPs,rh,pos,1
DP22,DPs,rh,prculs-d,1
DP22,DPs,rh,prculs-v,1
DP23,DPs,lh,icgs-p,0
DP23,DPs,lh,sspls-d,0
DP23,DPs,lh,ifrms,1
DP23,DPs,lh,sspls-v,1
DP23,DPs,lh,prcus-a,1
DP23,DPs,lh,prcus-i,1
DP23,DPs,lh,prcus-p,1
DP23,DPs,lh,sbps,1
DP23,DPs,lh,mcgs,1
DP23,DPs,lh,pos,1
DP23,DPs,lh,prculs-d,1
DP23,DPs,lh,prculs-v,0
DP23,DPs,rh,icgs-p,0
DP23,DPs,rh,sspls-d,0
DP23,DPs,rh,ifrms,1
DP23,DPs,rh,sspls-v,0
DP23,DPs,rh,prcus-a,1
DP23,DPs,rh,prcus-i,1
DP23,DPs,rh,prcus-p,1
DP23,DPs,rh,sbps,1
DP23,DPs,rh,mcgs,1
DP23,DPs,rh,pos,1
DP23,DPs,rh,prculs-d,1
DP23,DPs,rh,prculs-v,1
NT22,Controls,lh,icgs-p,1
NT22,Controls,lh,sspls-d,0
NT22,Controls,lh,ifrms,1
NT22,Controls,lh,sspls-v,0
NT22,Controls,lh,prcus-a,1
NT22,Controls,lh,prcus-i,1
NT22,Controls,lh,prcus-p,1
NT22,Controls,lh,sbps,1
NT22,Controls,lh,mcgs,1
NT22,Controls,lh,pos,1
NT22,Controls,lh,prculs-d,1
NT22,Controls,lh,prculs-v,0
NT22,Controls,rh,icgs-p,1
NT22,Controls,rh,sspls-d,0
NT22,Controls,rh,ifrms,1
NT22,Controls,rh,sspls-v,1
NT22,Controls,rh,prcus-a,1
NT22,Controls,rh,prcus-i,1
NT22,Controls,rh,prcus-p,1
NT22,Controls,rh,sbps,1
NT22,Controls,rh,mcgs,1
NT22,Controls,rh,pos,1
NT22,Controls,rh,prculs-d,1
NT22,Controls,rh,prculs-v,0
NT5,Controls,lh,icgs-p,1
NT5,Controls,lh,sspls-d,1
NT5,Controls,lh,ifrms,1
NT5,Controls,lh,sspls-v,1
NT5,Controls,lh,prcus-a,1
NT5,Controls,lh,prcus-i,1
NT5,Controls,lh,prcus-p,1
NT5,Controls,lh,sbps,1
NT5,Controls,lh,mcgs,1
NT5,Controls,lh,pos,1
NT5,Controls,lh,prculs-d,1
NT5,Controls,lh,prculs-v,0
NT5,Controls,rh,icgs-p,1
NT5,Controls,rh,sspls-d,1
NT5,Controls,rh,ifrms,1
NT5,Controls,rh,sspls-v,1
NT5,Controls,rh,prcus-a,1
NT5,Controls,rh,prcus-i,1
NT5,Controls,rh,prcus-p,1
NT5,Controls,rh,sbps,1
NT5,Controls,rh,mcgs,1
NT5,Controls,rh,pos,1
NT5,Controls,rh,prculs-d,1
NT5,Controls,rh,prculs-v,0
NT23,Controls,lh,icgs-p,0
NT23,Controls,lh,sspls-d,1
NT23,Controls,lh,ifrms,1
NT23,Controls,lh,sspls-v,0
NT23,Controls,lh,prcus-a,1
NT23,Controls,lh,prcus-i,1
NT23,Controls,lh,prcus-p,1
NT23,Controls,lh,sbps,1
NT23,Controls,lh,mcgs,1
NT23,Controls,lh,pos,1
NT23,Controls,lh,prculs-d,1
NT23,Controls,lh,prculs-v,0
NT23,Controls,rh,icgs-p,0
NT23,Controls,rh,sspls-d,0
NT23,Controls,rh,ifrms,1
NT23,Controls,rh,sspls-v,1
NT23,Controls,rh,prcus-a,1
NT23,Controls,rh,prcus-i,1
NT23,Controls,rh,prcus-p,1
NT23,Controls,rh,sbps,1
NT23,Controls,rh,mcgs,1
NT23,Controls,rh,pos,1
NT23,Controls,rh,prculs-d,1
NT23,Controls,rh,prculs-v,0
NT24,Controls,lh,icgs-p,0
NT24,Controls,lh,sspls-d,1
NT24,Controls,lh,ifrms,1
NT24,Controls,lh,sspls-v,1
NT24,Controls,lh,prcus-a,1
NT24,Controls,lh,prcus-i,1
NT24,Controls,lh,prcus-p,1
NT24,Controls,lh,sbps,1
NT24,Controls,lh,mcgs,1
NT24,Controls,lh,pos,1
NT24,Controls,lh,prculs-d,1
NT24,Controls,lh,prculs-v,0
NT24,Controls,rh,icgs-p,1
NT24,Controls,rh,sspls-d,0
NT24,Controls,rh,ifrms,1
NT24,Controls,rh,sspls-v,1
NT24,Controls,rh,prcus-a,1
NT24,Controls,rh,prcus-i,1
NT24,Controls,rh,prcus-p,1
NT24,Controls,rh,sbps,1
NT24,Controls,rh,mcgs,1
NT24,Controls,rh,pos,1
NT24,Controls,rh,prculs-d,1
NT24,Controls,rh,prculs-v,1
NT25,Controls,lh,icgs-p,1
NT25,Controls,lh,sspls-d,1
NT25,Controls,lh,ifrms,1
NT25,Controls,lh,sspls-v,1
NT25,Controls,lh,prcus-a,1
NT25,Controls,lh,prcus-i,1
NT25,Controls,lh,prcus-p,1
NT25,Controls,lh,sbps,1
NT25,Controls,lh,mcgs,1
NT25,Controls,lh,pos,1
NT25,Controls,lh,prculs-d,1
NT25,Controls,lh,prculs-v,1
NT25,Controls,rh,icgs-p,1
NT25,Controls,rh,sspls-d,1
NT25,Controls,rh,ifrms,1
NT25,Controls,rh,sspls-v,1
NT25,Controls,rh,prcus-a,1
NT25,Controls,rh,prcus-i,1
NT25,Controls,rh,prcus-p,1
NT25,Controls,rh,sbps,1
NT25,Controls,rh,mcgs,1
NT25,Controls,rh,pos,1
NT25,Controls,rh,prculs-d,1
NT25,Controls,rh,prculs-v,0
NT26,Controls,lh,icgs-p,0
NT26,Controls,lh,sspls-d,1
NT26,Controls,lh,ifrms,1
NT26,Controls,lh,sspls-v,1
NT26,Controls,lh,prcus-a,1
NT26,Controls,lh,prcus-i,1
NT26,Controls,lh,prcus-p,1
NT26,Controls,lh,sbps,1
NT26,Controls,lh,mcgs,1
NT26,Controls,lh,pos,1
NT26,Controls,lh,prculs-d,1
NT26,Controls,lh,prculs-v,1
NT26,Controls,rh,icgs-p,0
NT26,Controls,rh,sspls-d,1
NT26,Controls,rh,ifrms,1
NT26,Controls,rh,sspls-v,1
NT26,Controls,rh,prcus-a,1
NT26,Controls,rh,prcus-i,1
NT26,Controls,rh,prcus-p,1
NT26,Controls,rh,sbps,1
NT26,Controls,rh,mcgs,1
NT26,Controls,rh,pos,1
NT26,Controls,rh,prculs-d,1
NT26,Controls,rh,prculs-v,1
DP24,DPs,lh,icgs-p,1
DP24,DPs,lh,sspls-d,0
DP24,DPs,lh,ifrms,1
DP24,DPs,lh,sspls-v,1
DP24,DPs,lh,prcus-a,1
DP24,DPs,lh,prcus-i,1
DP24,DPs,lh,prcus-p,1
DP24,DPs,lh,sbps,1
DP24,DPs,lh,mcgs,1
DP24,DPs,lh,pos,1
DP24,DPs,lh,prculs-d,1
DP24,DPs,lh,prculs-v,0
DP24,DPs,rh,icgs-p,1
DP24,DPs,rh,sspls-d,0
DP24,DPs,rh,ifrms,1
DP24,DPs,rh,sspls-v,1
DP24,DPs,rh,prcus-a,1
DP24,DPs,rh,prcus-i,1
DP24,DPs,rh,prcus-p,1
DP24,DPs,rh,sbps,1
DP24,DPs,rh,mcgs,1
DP24,DPs,rh,pos,1
DP24,DPs,rh,prculs-d,1
DP24,DPs,rh,prculs-v,0
DP2,DPs,lh,icgs-p,0
DP2,DPs,lh,sspls-d,0
DP2,DPs,lh,ifrms,1
DP2,DPs,lh,sspls-v,1
DP2,DPs,lh,prcus-a,1
DP2,DPs,lh,prcus-i,1
DP2,DPs,lh,prcus-p,1
DP2,DPs,lh,sbps,1
DP2,DPs,lh,mcgs,1
DP2,DPs,lh,pos,1
DP2,DPs,lh,prculs-d,1
DP2,DPs,lh,prculs-v,1
DP2,DPs,rh,icgs-p,0
DP2,DPs,rh,sspls-d,1
DP2,DPs,rh,ifrms,1
DP2,DPs,rh,sspls-v,1
DP2,DPs,rh,prcus-a,1
DP2,DPs,rh,prcus-i,1
DP2,DPs,rh,prcus-p,1
DP2,DPs,rh,sbps,1
DP2,DPs,rh,mcgs,1
DP2,DPs,rh,pos,1
DP2,DPs,rh,prculs-d,1
DP2,DPs,rh,prculs-v,1
DP5,DPs,lh,icgs-p,0
DP5,DPs,lh,sspls-d,1
DP5,DPs,lh,ifrms,1
DP5,DPs,lh,sspls-v,1
DP5,DPs,lh,prcus-a,1
DP5,DPs,lh,prcus-i,1
DP5,DPs,lh,prcus-p,1
DP5,DPs,lh,sbps,1
DP5,DPs,lh,mcgs,1
DP5,DPs,lh,pos,1
DP5,DPs,lh,prculs-d,1
DP5,DPs,lh,prculs-v,0
DP5,DPs,rh,icgs-p,1
DP5,DPs,rh,sspls-d,0
DP5,DPs,rh,ifrms,1
DP5,DPs,rh,sspls-v,1
DP5,DPs,rh,prcus-a,1
DP5,DPs,rh,prcus-i,1
DP5,DPs,rh,prcus-p,1
DP5,DPs,rh,sbps,1
DP5,DPs,rh,mcgs,1
DP5,DPs,rh,pos,1
DP5,DPs,rh,prculs-d,1
DP5,DPs,rh,prculs-v,1
NT27,Controls,lh,icgs-p,0
NT27,Controls,lh,sspls-d,1
NT27,Controls,lh,ifrms,1
NT27,Controls,lh,sspls-v,1
NT27,Controls,lh,prcus-a,1
NT27,Controls,lh,prcus-i,1
NT27,Controls,lh,prcus-p,1
NT27,Controls,lh,sbps,1
NT27,Controls,lh,mcgs,1
NT27,Controls,lh,pos,1
NT27,Controls,lh,prculs-d,1
NT27,Controls,lh,prculs-v,0
NT27,Controls,rh,icgs-p,1
NT27,Controls,rh,sspls-d,1
NT27,Controls,rh,ifrms,1
NT27,Controls,rh,sspls-v,1
NT27,Controls,rh,prcus-a,1
NT27,Controls,rh,prcus-i,1
NT27,Controls,rh,prcus-p,1
NT27,Controls,rh,sbps,1
NT27,Controls,rh,mcgs,1
NT27,Controls,rh,pos,1
NT27,Controls,rh,prculs-d,1
NT27,Controls,rh,prculs-v,0
DP6,DPs,lh,icgs-p,0
DP6,DPs,lh,sspls-d,0
DP6,DPs,lh,ifrms,1
DP6,DPs,lh,sspls-v,1
DP6,DPs,lh,prcus-a,1
DP6,DPs,lh,prcus-i,1
DP6,DPs,lh,prcus-p,1
DP6,DPs,lh,sbps,1
DP6,DPs,lh,mcgs,1
DP6,DPs,lh,pos,1
DP6,DPs,lh,prculs-d,1
DP6,DPs,lh,prculs-v,0
DP6,DPs,rh,icgs-p,1
DP6,DPs,rh,sspls-d,0
DP6,DPs,rh,ifrms,1
DP6,DPs,rh,sspls-v,0
DP6,DPs,rh,prcus-a,1
DP6,DPs,rh,prcus-i,1
DP6,DPs,rh,prcus-p,1
DP6,DPs,rh,sbps,1
DP6,DPs,rh,mcgs,1
DP6,DPs,rh,pos,1
DP6,DPs,rh,prculs-d,1
DP6,DPs,rh,prculs-v,1
NT28,Controls,lh,icgs-p,0
NT28,Controls,lh,sspls-d,0
NT28,Controls,lh,ifrms,1
NT28,Controls,lh,sspls-v,1
NT28,Controls,lh,prcus-a,1
NT28,Controls,lh,prcus-i,1
NT28,Controls,lh,prcus-p,1
NT28,Controls,lh,sbps,1
NT28,Controls,lh,mcgs,1
NT28,Controls,lh,pos,1
NT28,Controls,lh,prculs-d,1
NT28,Controls,lh,prculs-v,0
NT28,Controls,rh,icgs-p,0
NT28,Controls,rh,sspls-d,1
NT28,Controls,rh,ifrms,1
NT28,Controls,rh,sspls-v,0
NT28,Controls,rh,prcus-a,1
NT28,Controls,rh,prcus-i,1
NT28,Controls,rh,prcus-p,1
NT28,Controls,rh,sbps,1
NT28,Controls,rh,mcgs,1
NT28,Controls,rh,pos,1
NT28,Controls,rh,prculs-d,1
NT28,Controls,rh,prculs-v,0
NT29,Controls,lh,icgs-p,1
NT29,Controls,lh,sspls-d,0
NT29,Controls,lh,ifrms,1
NT29,Controls,lh,sspls-v,1
NT29,Controls,lh,prcus-a,1
NT29,Controls,lh,prcus-i,1
NT29,Controls,lh,prcus-p,1
NT29,Controls,lh,sbps,1
NT29,Controls,lh,mcgs,1
NT29,Controls,lh,pos,1
NT29,Controls,lh,prculs-d,1
NT29,Controls,lh,prculs-v,0
NT29,Controls,rh,icgs-p,1
NT29,Controls,rh,sspls-d,0
NT29,Controls,rh,ifrms,1
NT29,Controls,rh,sspls-v,1
NT29,Controls,rh,prcus-a,1
NT29,Controls,rh,prcus-i,1
NT29,Controls,rh,prcus-p,1
NT29,Controls,rh,sbps,1
NT29,Controls,rh,mcgs,1
NT29,Controls,rh,pos,1
NT29,Controls,rh,prculs-d,1
NT29,Controls,rh,prculs-v,0
NT30,Controls,lh,icgs-p,0
NT30,Controls,lh,sspls-d,0
NT30,Controls,lh,ifrms,1
NT30,Controls,lh,sspls-v,0
NT30,Controls,lh,prcus-a,1
NT30,Controls,lh,prcus-i,1
NT30,Controls,lh,prcus-p,1
NT30,Controls,lh,sbps,1
NT30,Controls,lh,mcgs,1
NT30,Controls,lh,pos,1
NT30,Controls,lh,prculs-d,1
NT30,Controls,lh,prculs-v,0
NT30,Controls,rh,icgs-p,1
NT30,Controls,rh,sspls-d,0
NT30,Controls,rh,ifrms,1
NT30,Controls,rh,sspls-v,0
NT30,Controls,rh,prcus-a,1
NT30,Controls,rh,prcus-i,1
NT30,Controls,rh,prcus-p,1
NT30,Controls,rh,sbps,1
NT30,Controls,rh,mcgs,1
NT30,Controls,rh,pos,1
NT30,Controls,rh,prculs-d,1
NT30,Controls,rh,prculs-v,1
NT31,Controls,lh,icgs-p,1
NT31,Controls,lh,sspls-d,1
NT31,Controls,lh,ifrms,1
NT31,Controls,lh,sspls-v,1
NT31,Controls,lh,prcus-a,1
NT31,Controls,lh,prcus-i,1
NT31,Controls,lh,prcus-p,1
NT31,Controls,lh,sbps,1
NT31,Controls,lh,mcgs,1
NT31,Controls,lh,pos,1
NT31,Controls,lh,prculs-d,1
NT31,Controls,lh,prculs-v,0
NT31,Controls,rh,icgs-p,1
NT31,Controls,rh,sspls-d,1
NT31,Controls,rh,ifrms,1
NT31,Controls,rh,sspls-v,0
NT31,Controls,rh,prcus-a,1
NT31,Controls,rh,prcus-i,1
NT31,Controls,rh,prcus-p,1
NT31,Controls,rh,sbps,1
NT31,Controls,rh,mcgs,1
NT31,Controls,rh,pos,1
NT31,Controls,rh,prculs-d,1
NT31,Controls,rh,prculs-v,0
NT32,Controls,lh,icgs-p,1
NT32,Controls,lh,sspls-d,0
NT32,Controls,lh,ifrms,1
NT32,Controls,lh,sspls-v,1
NT32,Controls,lh,prcus-a,1
NT32,Controls,lh,prcus-i,1
NT32,Controls,lh,prcus-p,1
NT32,Controls,lh,sbps,1
NT32,Controls,lh,mcgs,1
NT32,Controls,lh,pos,1
NT32,Controls,lh,prculs-d,1
NT32,Controls,lh,prculs-v,0
NT32,Controls,rh,icgs-p,1
NT32,Controls,rh,sspls-d,0
NT32,Controls,rh,ifrms,1
NT32,Controls,rh,sspls-v,1
NT32,Controls,rh,prcus-a,1
NT32,Controls,rh,prcus-i,1
NT32,Controls,rh,prcus-p,1
NT32,Controls,rh,sbps,1
NT32,Controls,rh,mcgs,1
NT32,Controls,rh,pos,1
NT32,Controls,rh,prculs-d,1
NT32,Controls,rh,prculs-v,1
DP25,DPs,lh,icgs-p,0
DP25,DPs,lh,sspls-d,1
DP25,DPs,lh,ifrms,1
DP25,DPs,lh,sspls-v,0
DP25,DPs,lh,prcus-a,1
DP25,DPs,lh,prcus-i,1
DP25,DPs,lh,prcus-p,1
DP25,DPs,lh,sbps,1
DP25,DPs,lh,mcgs,1
DP25,DPs,lh,pos,1
DP25,DPs,lh,prculs-d,1
DP25,DPs,lh,prculs-v,0
DP25,DPs,rh,icgs-p,1
DP25,DPs,rh,sspls-d,0
DP25,DPs,rh,ifrms,1
DP25,DPs,rh,sspls-v,0
DP25,DPs,rh,prcus-a,1
DP25,DPs,rh,prcus-i,1
DP25,DPs,rh,prcus-p,1
DP25,DPs,rh,sbps,1
DP25,DPs,rh,mcgs,1
DP25,DPs,rh,pos,1
DP25,DPs,rh,prculs-d,1
DP25,DPs,rh,prculs-v,1
DP26,DPs,lh,icgs-p,0
DP26,DPs,lh,sspls-d,0
DP26,DPs,lh,ifrms,1
DP26,DPs,lh,sspls-v,1
DP26,DPs,lh,prcus-a,1
DP26,DPs,lh,prcus-i,1
DP26,DPs,lh,prcus-p,1
DP26,DPs,lh,sbps,1
DP26,DPs,lh,mcgs,1
DP26,DPs,lh,pos,1
DP26,DPs,lh,prculs-d,1
DP26,DPs,lh,prculs-v,0
DP26,DPs,rh,icgs-p,0
DP26,DPs,rh,sspls-d,1
DP26,DPs,rh,ifrms,1
DP26,DPs,rh,sspls-v,0
DP26,DPs,rh,prcus-a,1
DP26,DPs,rh,prcus-i,1
DP26,DPs,rh,prcus-p,1
DP26,DPs,rh,sbps,1
DP26,DPs,rh,mcgs,1
DP26,DPs,rh,pos,1
DP26,DPs,rh,prculs-d,1
DP26,DPs,rh,prculs-v,0
DP27,DPs,lh,icgs-p,1
DP27,DPs,lh,sspls-d,1
DP27,DPs,lh,ifrms,1
DP27,DPs,lh,sspls-v,1
DP27,DPs,lh,prcus-a,1
DP27,DPs,lh,prcus-i,1
DP27,DPs,lh,prcus-p,1
DP27,DPs,lh,sbps,1
DP27,DPs,lh,mcgs,1
DP27,DPs,lh,pos,1
DP27,DPs,lh,prculs-d,1
DP27,DPs,lh,prculs-v,0
DP27,DPs,rh,icgs-p,0
DP27,DPs,rh,sspls-d,0
DP27,DPs,rh,ifrms,1
DP27,DPs,rh,sspls-v,0
DP27,DPs,rh,prcus-a,1
DP27,DPs,rh,prcus-i,1
DP27,DPs,rh,prcus-p,1
DP27,DPs,rh,sbps,1
DP27,DPs,rh,mcgs,1
DP27,DPs,rh,pos,1
DP27,DPs,rh,prculs-d,1
DP27,DPs,rh,prculs-v,0
DP28,DPs,lh,icgs-p,0
DP28,DPs,lh,sspls-d,0
DP28,DPs,lh,ifrms,1
DP28,DPs,lh,sspls-v,0
DP28,DPs,lh,prcus-a,1
DP28,DPs,lh,prcus-i,1
DP28,DPs,lh,prcus-p,1
DP28,DPs,lh,sbps,1
DP28,DPs,lh,mcgs,1
DP28,DPs,lh,pos,1
DP28,DPs,lh,prculs-d,1
DP28,DPs,lh,prculs-v,0
DP28,DPs,rh,icgs-p,0
DP28,DPs,rh,sspls-d,0
DP28,DPs,rh,ifrms,1
DP28,DPs,rh,sspls-v,0
DP28,DPs,rh,prcus-a,1
DP28,DPs,rh,prcus-i,1
DP28,DPs,rh,prcus-p,1
DP28,DPs,rh,sbps,1
DP28,DPs,rh,mcgs,1
DP28,DPs,rh,pos,1
DP28,DPs,rh,prculs-d,1
DP28,DPs,rh,prculs-v,0
NT33,Controls,lh,icgs-p,0
NT33,Controls,lh,sspls-d,0
NT33,Controls,lh,ifrms,1
NT33,Controls,lh,sspls-v,1
NT33,Controls,lh,prcus-a,1
NT33,Controls,lh,prcus-i,1
NT33,Controls,lh,prcus-p,1
NT33,Controls,lh,sbps,1
NT33,Controls,lh,mcgs,1
NT33,Controls,lh,pos,1
NT33,Controls,lh,prculs-d,1
NT33,Controls,lh,prculs-v,0
NT33,Controls,rh,icgs-p,0
NT33,Controls,rh,sspls-d,1
NT33,Controls,rh,ifrms,1
NT33,Controls,rh,sspls-v,1
NT33,Controls,rh,prcus-a,1
NT33,Controls,rh,prcus-i,1
NT33,Controls,rh,prcus-p,1
NT33,Controls,rh,sbps,1
NT33,Controls,rh,mcgs,1
NT33,Controls,rh,pos,1
NT33,Controls,rh,prculs-d,1
NT33,Controls,rh,prculs-v,0
DP29,DPs,lh,icgs-p,0
DP29,DPs,lh,sspls-d,1
DP29,DPs,lh,ifrms,1
DP29,DPs,lh,sspls-v,1
DP29,DPs,lh,prcus-a,1
DP29,DPs,lh,prcus-i,1
DP29,DPs,lh,prcus-p,1
DP29,DPs,lh,sbps,1
DP29,DPs,lh,mcgs,1
DP29,DPs,lh,pos,1
DP29,DPs,lh,prculs-d,1
DP29,DPs,lh,prculs-v,1
DP29,DPs,rh,icgs-p,0
DP29,DPs,rh,sspls-d,1
DP29,DPs,rh,ifrms,1
DP29,DPs,rh,sspls-v,0
DP29,DPs,rh,prcus-a,1
DP29,DPs,rh,prcus-i,1
DP29,DPs,rh,prcus-p,1
DP29,DPs,rh,sbps,1
DP29,DPs,rh,mcgs,1
DP29,DPs,rh,pos,1
DP29,DPs,rh,prculs-d,1
DP29,DPs,rh,prculs-v,1
DP30,DPs,lh,icgs-p,0
DP30,DPs,lh,sspls-d,0
DP30,DPs,lh,ifrms,1
DP30,DPs,lh,sspls-v,1
DP30,DPs,lh,prcus-a,1
DP30,DPs,lh,prcus-i,1
DP30,DPs,lh,prcus-p,1
DP30,DPs,lh,sbps,1
DP30,DPs,lh,mcgs,1
DP30,DPs,lh,pos,1
DP30,DPs,lh,prculs-d,1
DP30,DPs,lh,prculs-v,1
DP30,DPs,rh,icgs-p,0
DP30,DPs,rh,sspls-d,0
DP30,DPs,rh,ifrms,1
DP30,DPs,rh,sspls-v,0
DP30,DPs,rh,prcus-a,1
DP30,DPs,rh,prcus-i,1
DP30,DPs,rh,prcus-p,1
DP30,DPs,rh,sbps,1
DP30,DPs,rh,mcgs,1
DP30,DPs,rh,pos,1
DP30,DPs,rh,prculs-d,1
DP30,DPs,rh,prculs-v,0
NT34,Controls,lh,icgs-p,0
NT34,Controls,lh,sspls-d,1
NT34,Controls,lh,ifrms,1
NT34,Controls,lh,sspls-v,1
NT34,Controls,lh,prcus-a,1
NT34,Controls,lh,prcus-i,1
NT34,Controls,lh,prcus-p,1
NT34,Controls,lh,sbps,1
NT34,Controls,lh,mcgs,1
NT34,Controls,lh,pos,1
NT34,Controls,lh,prculs-d,1
NT34,Controls,lh,prculs-v,0
NT34,Controls,rh,icgs-p,1
NT34,Controls,rh,sspls-d,1
NT34,Controls,rh,ifrms,1
NT34,Controls,rh,sspls-v,0
NT34,Controls,rh,prcus-a,1
NT34,Controls,rh,prcus-i,1
NT34,Controls,rh,prcus-p,1
NT34,Controls,rh,sbps,1
NT34,Controls,rh,mcgs,1
NT34,Controls,rh,pos,1
NT34,Controls,rh,prculs-d,1
NT34,Controls,rh,prculs-v,0
NT35,Controls,lh,icgs-p,1
NT35,Controls,lh,sspls-d,0
NT35,Controls,lh,ifrms,1
NT35,Controls,lh,sspls-v,1
NT35,Controls,lh,prcus-a,1
NT35,Controls,lh,prcus-i,1
NT35,Controls,lh,prcus-p,1
NT35,Controls,lh,sbps,1
NT35,Controls,lh,mcgs,1
NT35,Controls,lh,pos,1
NT35,Controls,lh,prculs-d,1
NT35,Controls,lh,prculs-v,0
NT35,Controls,rh,icgs-p,1
NT35,Controls,rh,sspls-d,0
NT35,Controls,rh,ifrms,1
NT35,Controls,rh,sspls-v,0
NT35,Controls,rh,prcus-a,1
NT35,Controls,rh,prcus-i,1
NT35,Controls,rh,prcus-p,1
NT35,Controls,rh,sbps,1
NT35,Controls,rh,mcgs,1
NT35,Controls,rh,pos,1
NT35,Controls,rh,prculs-d,1
NT35,Controls,rh,prculs-v,0
NT36,Controls,lh,icgs-p,1
NT36,Controls,lh,sspls-d,1
NT36,Controls,lh,ifrms,1
NT36,Controls,lh,sspls-v,1
NT36,Controls,lh,prcus-a,1
NT36,Controls,lh,prcus-i,1
NT36,Controls,lh,prcus-p,1
NT36,Controls,lh,sbps,1
NT36,Controls,lh,mcgs,1
NT36,Controls,lh,pos,1
NT36,Controls,lh,prculs-d,1
NT36,Controls,lh,prculs-v,1
NT36,Controls,rh,icgs-p,0
NT36,Controls,rh,sspls-d,1
NT36,Controls,rh,ifrms,1
NT36,Controls,rh,sspls-v,1
NT36,Controls,rh,prcus-a,1
NT36,Controls,rh,prcus-i,1
NT36,Controls,rh,prcus-p,1
NT36,Controls,rh,sbps,1
NT36,Controls,rh,mcgs,1
NT36,Controls,rh,pos,1
NT36,Controls,rh,prculs-d,1
NT36,Controls,rh,prculs-v,0
NT37,Controls,lh,icgs-p,0
NT37,Controls,lh,sspls-d,1
NT37,Controls,lh,ifrms,1
NT37,Controls,lh,sspls-v,1
NT37,Controls,lh,prcus-a,1
NT37,Controls,lh,prcus-i,1
NT37,Controls,lh,prcus-p,1
NT37,Controls,lh,sbps,1
NT37,Controls,lh,mcgs,1
NT37,Controls,lh,pos,1
NT37,Controls,lh,prculs-d,1
NT37,Controls,lh,prculs-v,1
NT37,Controls,rh,icgs-p,0
NT37,Controls,rh,sspls-d,1
NT37,Controls,rh,ifrms,1
NT37,Controls,rh,sspls-v,1
NT37,Controls,rh,prcus-a,1
NT37,Controls,rh,prcus-i,1
NT37,Controls,rh,prcus-p,1
NT37,Controls,rh,sbps,1
NT37,Controls,rh,mcgs,1
NT37,Controls,rh,pos,1
NT37,Controls,rh,prculs-d,1
NT37,Controls,rh,prculs-v,1
DP31,DPs,lh,icgs-p,0
DP31,DPs,lh,sspls-d,1
DP31,DPs,lh,ifrms,1
DP31,DPs,lh,sspls-v,1
DP31,DPs,lh,prcus-a,1
DP31,DPs,lh,prcus-i,1
DP31,DPs,lh,prcus-p,1
DP31,DPs,lh,sbps,1
DP31,DPs,lh,mcgs,1
DP31,DPs,lh,pos,1
DP31,DPs,lh,prculs-d,1
DP31,DPs,lh,prculs-v,0
DP31,DPs,rh,icgs-p,0
DP31,DPs,rh,sspls-d,0
DP31,DPs,rh,ifrms,1
DP31,DPs,rh,sspls-v,0
DP31,DPs,rh,prcus-a,1
DP31,DPs,rh,prcus-i,1
DP31,DPs,rh,prcus-p,1
DP31,DPs,rh,sbps,1
DP31,DPs,rh,mcgs,1
DP31,DPs,rh,pos,1
DP31,DPs,rh,prculs-d,1
DP31,DPs,rh,prculs-v,0
DP32,DPs,lh,icgs-p,1
DP32,DPs,lh,sspls-d,0
DP32,DPs,lh,ifrms,1
DP32,DPs,lh,sspls-v,1
DP32,DPs,lh,prcus-a,1
DP32,DPs,lh,prcus-i,1
DP32,DPs,lh,prcus-p,1
DP32,DPs,lh,sbps,1
DP32,DPs,lh,mcgs,1
DP32,DPs,lh,pos,1
DP32,DPs,lh,prculs-d,1
DP32,DPs,lh,prculs-v,1
DP32,DPs,rh,icgs-p,0
DP32,DPs,rh,sspls-d,0
DP32,DPs,rh,ifrms,1
DP32,DPs,rh,sspls-v,0
DP32,DPs,rh,prcus-a,1
DP32,DPs,rh,prcus-i,1
DP32,DPs,rh,prcus-p,1
DP32,DPs,rh,sbps,1
DP32,DPs,rh,mcgs,1
DP32,DPs,rh,pos,1
DP32,DPs,rh,prculs-d,1
DP32,DPs,rh,prculs-v,0
NT2,Controls,lh,icgs-p,0
NT2,Controls,lh,sspls-d,0
NT2,Controls,lh,ifrms,1
NT2,Controls,lh,sspls-v,1
NT2,Controls,lh,prcus-a,1
NT2,Controls,lh,prcus-i,1
NT2,Controls,lh,prcus-p,1
NT2,Controls,lh,sbps,1
NT2,Controls,lh,mcgs,1
NT2,Controls,lh,pos,1
NT2,Controls,lh,prculs-d,1
NT2,Controls,lh,prculs-v,1
NT2,Controls,rh,icgs-p,1
NT2,Controls,rh,sspls-d,1
NT2,Controls,rh,ifrms,1
NT2,Controls,rh,sspls-v,0
NT2,Controls,rh,prcus-a,1
NT2,Controls,rh,prcus-i,1
NT2,Controls,rh,prcus-p,1
NT2,Controls,rh,sbps,1
NT2,Controls,rh,mcgs,1
NT2,Controls,rh,pos,1
NT2,Controls,rh,prculs-d,1
NT2,Controls,rh,prculs-v,1
DP33,DPs,lh,icgs-p,0
DP33,DPs,lh,sspls-d,0
DP33,DPs,lh,ifrms,1
DP33,DPs,lh,sspls-v,1
DP33,DPs,lh,prcus-a,1
DP33,DPs,lh,prcus-i,1
DP33,DPs,lh,prcus-p,1
DP33,DPs,lh,sbps,1
DP33,DPs,lh,mcgs,1
DP33,DPs,lh,pos,1
DP33,DPs,lh,prculs-d,1
DP33,DPs,lh,prculs-v,1
DP33,DPs,rh,icgs-p,1
DP33,DPs,rh,sspls-d,0
DP33,DPs,rh,ifrms,1
DP33,DPs,rh,sspls-v,1
DP33,DPs,rh,prcus-a,1
DP33,DPs,rh,prcus-i,1
DP33,DPs,rh,prcus-p,1
DP33,DPs,rh,sbps,1
DP33,DPs,rh,mcgs,1
DP33,DPs,rh,pos,1
DP33,DPs,rh,prculs-d,1
DP33,DPs,rh,prculs-v,1
NT38,Controls,lh,icgs-p,0
NT38,Controls,lh,sspls-d,0
NT38,Controls,lh,ifrms,1
NT38,Controls,lh,sspls-v,1
NT38,Controls,lh,prcus-a,1
NT38,Controls,lh,prcus-i,1
NT38,Controls,lh,prcus-p,1
NT38,Controls,lh,sbps,1
NT38,Controls,lh,mcgs,1
NT38,Controls,lh,pos,1
NT38,Controls,lh,prculs-d,1
NT38,Controls,lh,prculs-v,0
NT38,Controls,rh,icgs-p,0
NT38,Controls,rh,sspls-d,0
NT38,Controls,rh,ifrms,1
NT38,Controls,rh,sspls-v,0
NT38,Controls,rh,prcus-a,1
NT38,Controls,rh,prcus-i,1
NT38,Controls,rh,prcus-p,1
NT38,Controls,rh,sbps,1
NT38,Controls,rh,mcgs,1
NT38,Controls,rh,pos,1
NT38,Controls,rh,prculs-d,1
NT38,Controls,rh,prculs-v,1
DP34,DPs,lh,icgs-p,1
DP34,DPs,lh,sspls-d,0
DP34,DPs,lh,ifrms,1
DP34,DPs,lh,sspls-v,1
DP34,DPs,lh,prcus-a,1
DP34,DPs,lh,prcus-i,1
DP34,DPs,lh,prcus-p,1
DP34,DPs,lh,sbps,1
DP34,DPs,lh,mcgs,1
DP34,DPs,lh,pos,1
DP34,DPs,lh,prculs-d,1
DP34,DPs,lh,prculs-v,1
DP34,DPs,rh,icgs-p,0
DP34,DPs,rh,sspls-d,1
DP34,DPs,rh,ifrms,1
DP34,DPs,rh,sspls-v,0
DP34,DPs,rh,prcus-a,1
DP34,DPs,rh,prcus-i,1
DP34,DPs,rh,prcus-p,1
DP34,DPs,rh,sbps,1
DP34,DPs,rh,mcgs,1
DP34,DPs,rh,pos,1
DP34,DPs,rh,prculs-d,1
DP34,DPs,rh,prculs-v,1
NT39,Controls,lh,icgs-p,0
NT39,Controls,lh,sspls-d,1
NT39,Controls,lh,ifrms,1
NT39,Controls,lh,sspls-v,1
NT39,Controls,lh,prcus-a,1
NT39,Controls,lh,prcus-i,1
NT39,Controls,lh,prcus-p,1
NT39,Controls,lh,sbps,1
NT39,Controls,lh,mcgs,1
NT39,Controls,lh,pos,1
NT39,Controls,lh,prculs-d,1
NT39,Controls,lh,prculs-v,0
NT39,Controls,rh,icgs-p,0
NT39,Controls,rh,sspls-d,1
NT39,Controls,rh,ifrms,1
NT39,Controls,rh,sspls-v,1
NT39,Controls,rh,prcus-a,1
NT39,Controls,rh,prcus-i,1
NT39,Controls,rh,prcus-p,1
NT39,Controls,rh,sbps,1
NT39,Controls,rh,mcgs,1
NT39,Controls,rh,pos,1
NT39,Controls,rh,prculs-d,1
NT39,Controls,rh,prculs-v,1
DP35,DPs,lh,icgs-p,1
DP35,DPs,lh,sspls-d,1
DP35,DPs,lh,ifrms,1
DP35,DPs,lh,sspls-v,1
DP35,DPs,lh,prcus-a,1
DP35,DPs,lh,prcus-i,1
DP35,DPs,lh,prcus-p,1
DP35,DPs,lh,sbps,1
DP35,DPs,lh,mcgs,1
DP35,DPs,lh,pos,1
DP35,DPs,lh,prculs-d,1
DP35,DPs,lh,prculs-v,1
DP35,DPs,rh,icgs-p,0
DP35,DPs,rh,sspls-d,1
DP35,DPs,rh,ifrms,1
DP35,DPs,rh,sspls-v,1
DP35,DPs,rh,prcus-a,1
DP35,DPs,rh,prcus-i,1
DP35,DPs,rh,prcus-p,1
DP35,DPs,rh,sbps,1
DP35,DPs,rh,mcgs,1
DP35,DPs,rh,pos,1
DP35,DPs,rh,prculs-d,1
DP35,DPs,rh,prculs-v,1
NT40,Controls,lh,icgs-p,1
NT40,Controls,lh,sspls-d,0
NT40,Controls,lh,ifrms,1
NT40,Controls,lh,sspls-v,1
NT40,Controls,lh,prcus-a,1
NT40,Controls,lh,prcus-i,1
NT40,Controls,lh,prcus-p,1
NT40,Controls,lh,sbps,1
NT40,Controls,lh,mcgs,1
NT40,Controls,lh,pos,1
NT40,Controls,lh,prculs-d,1
NT40,Controls,lh,prculs-v,1
NT40,Controls,rh,icgs-p,0
NT40,Controls,rh,sspls-d,0
NT40,Controls,rh,ifrms,1
NT40,Controls,rh,sspls-v,1
NT40,Controls,rh,prcus-a,1
NT40,Controls,rh,prcus-i,1
NT40,Controls,rh,prcus-p,1
NT40,Controls,rh,sbps,1
NT40,Controls,rh,mcgs,1
NT40,Controls,rh,pos,1
NT40,Controls,rh,prculs-d,1
NT40,Controls,rh,prculs-v,0
DP1,DPs,lh,icgs-p,0
DP1,DPs,lh,sspls-d,1
DP1,DPs,lh,ifrms,1
DP1,DPs,lh,sspls-v,1
DP1,DPs,lh,prcus-a,1
DP1,DPs,lh,prcus-i,1
DP1,DPs,lh,prcus-p,1
DP1,DPs,lh,sbps,1
DP1,DPs,lh,mcgs,1
DP1,DPs,lh,pos,1
DP1,DPs,lh,prculs-d,1
DP1,DPs,lh,prculs-v,1
DP1,DPs,rh,icgs-p,1
DP1,DPs,rh,sspls-d,1
DP1,DPs,rh,ifrms,1
DP1,DPs,rh,sspls-v,1
DP1,DPs,rh,prcus-a,1
DP1,DPs,rh,prcus-i,1
DP1,DPs,rh,prcus-p,1
DP1,DPs,rh,sbps,1
DP1,DPs,rh,mcgs,1
DP1,DPs,rh,pos,1
DP1,DPs,rh,prculs-d,1
DP1,DPs,rh,prculs-v,1
DP36,DPs,lh,icgs-p,0
DP36,DPs,lh,sspls-d,0
DP36,DPs,lh,ifrms,1
DP36,DPs,lh,sspls-v,1
DP36,DPs,lh,prcus-a,1
DP36,DPs,lh,prcus-i,1
DP36,DPs,lh,prcus-p,1
DP36,DPs,lh,sbps,1
DP36,DPs,lh,mcgs,1
DP36,DPs,lh,pos,1
DP36,DPs,lh,prculs-d,1
DP36,DPs,lh,prculs-v,0
DP36,DPs,rh,icgs-p,1
DP36,DPs,rh,sspls-d,1
DP36,DPs,rh,ifrms,1
DP36,DPs,rh,sspls-v,1
DP36,DPs,rh,prcus-a,1
DP36,DPs,rh,prcus-i,1
DP36,DPs,rh,prcus-p,1
DP36,DPs,rh,sbps,1
DP36,DPs,rh,mcgs,1
DP36,DPs,rh,pos,1
DP36,DPs,rh,prculs-d,1
DP36,DPs,rh,prculs-v,1
NT41,Controls,lh,icgs-p,1
NT41,Controls,lh,sspls-d,0
NT41,Controls,lh,ifrms,1
NT41,Controls,lh,sspls-v,0
NT41,Controls,lh,prcus-a,1
NT41,Controls,lh,prcus-i,1
NT41,Controls,lh,prcus-p,1
NT41,Controls,lh,sbps,1
NT41,Controls,lh,mcgs,1
NT41,Controls,lh,pos,1
NT41,Controls,lh,prculs-d,1
NT41,Controls,lh,prculs-v,0
NT41,Controls,rh,icgs-p,1
NT41,Controls,rh,sspls-d,1
NT41,Controls,rh,ifrms,1
NT41,Controls,rh,sspls-v,1
NT41,Controls,rh,prcus-a,1
NT41,Controls,rh,prcus-i,1
NT41,Controls,rh,prcus-p,1
NT41,Controls,rh,sbps,1
NT41,Controls,rh,mcgs,1
NT41,Controls,rh,pos,1
NT41,Controls,rh,prculs-d,1
NT41,Controls,rh,prculs-v,1
NT4,Controls,lh,icgs-p,0
NT4,Controls,lh,sspls-d,0
NT4,Controls,lh,ifrms,1
NT4,Controls,lh,sspls-v,1
NT4,Controls,lh,prcus-a,1
NT4,Controls,lh,prcus-i,1
NT4,Controls,lh,prcus-p,1
NT4,Controls,lh,sbps,1
NT4,Controls,lh,mcgs,1
NT4,Controls,lh,pos,1
NT4,Controls,lh,prculs-d,1
NT4,Controls,lh,prculs-v,1
NT4,Controls,rh,icgs-p,0
NT4,Controls,rh,sspls-d,0
NT4,Controls,rh,ifrms,1
NT4,Controls,rh,sspls-v,1
NT4,Controls,rh,prcus-a,1
NT4,Controls,rh,prcus-i,1
NT4,Controls,rh,prcus-p,1
NT4,Controls,rh,sbps,1
NT4,Controls,rh,mcgs,1
NT4,Controls,rh,pos,1
NT4,Controls,rh,prculs-d,1
NT4,Controls,rh,prculs-v,1
NT42,Controls,lh,icgs-p,0
NT42,Controls,lh,sspls-d,0
NT42,Controls,lh,ifrms,1
NT42,Controls,lh,sspls-v,1
NT42,Controls,lh,prcus-a,1
NT42,Controls,lh,prcus-i,1
NT42,Controls,lh,prcus-p,1
NT42,Controls,lh,sbps,1
NT42,Controls,lh,mcgs,1
NT42,Controls,lh,pos,1
NT42,Controls,lh,prculs-d,1
NT42,Controls,lh,prculs-v,0
NT42,Controls,rh,icgs-p,0
NT42,Controls,rh,sspls-d,0
NT42,Controls,rh,ifrms,1
NT42,Controls,rh,sspls-v,1
NT42,Controls,rh,prcus-a,1
NT42,Controls,rh,prcus-i,1
NT42,Controls,rh,prcus-p,1
NT42,Controls,rh,sbps,1
NT42,Controls,rh,mcgs,1
NT42,Controls,rh,pos,1
NT42,Controls,rh,prculs-d,1
NT42,Controls,rh,prculs-v,0
DP37,DPs,lh,icgs-p,1
DP37,DPs,lh,sspls-d,0
DP37,DPs,lh,ifrms,1
DP37,DPs,lh,sspls-v,1
DP37,DPs,lh,prcus-a,1
DP37,DPs,lh,prcus-i,1
DP37,DPs,lh,prcus-p,1
DP37,DPs,lh,sbps,1
DP37,DPs,lh,mcgs,1
DP37,DPs,lh,pos,1
DP37,DPs,lh,prculs-d,1
DP37,DPs,lh,prculs-v,1
DP37,DPs,rh,icgs-p,0
DP37,DPs,rh,sspls-d,0
DP37,DPs,rh,ifrms,1
DP37,DPs,rh,sspls-v,1
DP37,DPs,rh,prcus-a,1
DP37,DPs,rh,prcus-i,1
DP37,DPs,rh,prcus-p,1
DP37,DPs,rh,sbps,1
DP37,DPs,rh,mcgs,1
DP37,DPs,rh,pos,1
DP37,DPs,rh,prculs-d,1
DP37,DPs,rh,prculs-v,1
DP38,DPs,lh,icgs-p,0
DP38,DPs,lh,sspls-d,0
DP38,DPs,lh,ifrms,1
DP38,DPs,lh,sspls-v,1
DP38,DPs,lh,prcus-a,1
DP38,DPs,lh,prcus-i,1
DP38,DPs,lh,prcus-p,1
DP38,DPs,lh,sbps,1
DP38,DPs,lh,mcgs,1
DP38,DPs,lh,pos,1
DP38,DPs,lh,prculs-d,1
DP38,DPs,lh,prculs-v,0
DP38,DPs,rh,icgs-p,1
DP38,DPs,rh,sspls-d,0
DP38,DPs,rh,ifrms,1
DP38,DPs,rh,sspls-v,1
DP38,DPs,rh,prcus-a,1
DP38,DPs,rh,prcus-i,1
DP38,DPs,rh,prcus-p,1
DP38,DPs,rh,sbps,1
DP38,DPs,rh,mcgs,1
DP38,DPs,rh,pos,1
DP38,DPs,rh,prculs-d,1
DP38,DPs,rh,prculs-v,1
DP39,DPs,lh,icgs-p,1
DP39,DPs,lh,sspls-d,1
DP39,DPs,lh,ifrms,1
DP39,DPs,lh,sspls-v,1
DP39,DPs,lh,prcus-a,1
DP39,DPs,lh,prcus-i,1
DP39,DPs,lh,prcus-p,1
DP39,DPs,lh,sbps,1
DP39,DPs,lh,mcgs,1
DP39,DPs,lh,pos,1
DP39,DPs,lh,prculs-d,1
DP39,DPs,lh,prculs-v,1
DP39,DPs,rh,icgs-p,1
DP39,DPs,rh,sspls-d,0
DP39,DPs,rh,ifrms,1
DP39,DPs,rh,sspls-v,1
DP39,DPs,rh,prcus-a,1
DP39,DPs,rh,prcus-i,1
DP39,DPs,rh,prcus-p,1
DP39,DPs,rh,sbps,1
DP39,DPs,rh,mcgs,1
DP39,DPs,rh,pos,1
DP39,DPs,rh,prculs-d,1
DP39,DPs,rh,prculs-v,0
NT43,Controls,lh,icgs-p,0
NT43,Controls,lh,sspls-d,0
NT43,Controls,lh,ifrms,1
NT43,Controls,lh,sspls-v,1
NT43,Controls,lh,prcus-a,1
NT43,Controls,lh,prcus-i,1
NT43,Controls,lh,prcus-p,1
NT43,Controls,lh,sbps,1
NT43,Controls,lh,mcgs,1
NT43,Controls,lh,pos,1
NT43,Controls,lh,prculs-d,1
NT43,Controls,lh,prculs-v,0
NT43,Controls,rh,icgs-p,1
NT43,Controls,rh,sspls-d,0
NT43,Controls,rh,ifrms,1
NT43,Controls,rh,sspls-v,1
NT43,Controls,rh,prcus-a,1
NT43,Controls,rh,prcus-i,1
NT43,Controls,rh,prcus-p,1
NT43,Controls,rh,sbps,1
NT43,Controls,rh,mcgs,1
NT43,Controls,rh,pos,1
NT43,Controls,rh,prculs-d,1
NT43,Controls,rh,prculs-v,1
