sub,group,hemi,CFMT,mcgs,pos,sbps,prculs-d,prcus-p,prcus-i,prcus-a,ifrms,sspls-v
NT7,Controls,lh,60,0.339249700307846,0.461264818906784,0.247374996542931,0.260860621929169,-0.0526805259287357,0.175655856728554,-0.119290754199028,-0.0306332483887672,-0.114394791424274
NT7,Controls,rh,60,0.333059310913086,0.403976052999496,0.214070111513138,0.241664350032806,0.0163286998867988,-0.0198381524533033,0.206043496727943,-0.0337119288742542,
DP7,DPs,lh,41,0.33694788813591,0.386896759271622,0.182880684733391,0.0527029745280742,-0.0377501584589481,0.256779193878174,0.0856421142816543,-0.0886808112263679,-0.0646776929497718
DP7,DPs,rh,41,0.262252867221832,0.328627675771713,0.238574013113975,0.0803974419832229,0.0557828620076179,0.0596721768379211,0.141360372304916,-0.0664022862911224,
NT8,Controls,lh,60,0.295693397521973,0.399121165275574,0.301858842372894,0.189372450113297,0.131191089749336,0.143805205821991,0.260845839977264,0.0598962903022766,
NT8,Controls,rh,60,0.307557940483093,0.3229660987854,0.270300537347794,0.140220656991005,-0.17130121588707,0.124032936990261,0.141414299607277,-0.0178965684026479,
DP8,DPs,lh,40,0.286721527576446,0.389056950807571,0.212207645177841,0.153587087988853,-0.0180521495640277,0.0710261762142181,0.196211501955986,0.0049174111336469,-0.233386278152466
DP8,DPs,rh,40,0.306897312402725,0.391221076250076,0.342877417802811,0.0557441338896751,0.21609953045845,0.0656482204794883,0.277809411287308,0.0376386195421218,-0.100552760064602
NT9,Controls,lh,57,0.267445653676987,0.390332818031311,0.333811163902283,0.168617889285088,-0.0086419368162751,-0.0222523678094148,0.209610804915428,0.0117977289482951,-0.118254169821739
NT9,Controls,rh,57,0.230324804782867,0.3587247133255,0.246424078941345,0.132252290844917,0.0976184159517288,0.237201288342476,0.0660412013530731,0.0448884069919586,-0.0796733796596527
DP9,DPs,lh,45,0.29557204246521,0.337799608707428,0.290839999914169,0.0394908599555492,-0.0585252828896045,-0.0277587696909904,0.140517815947533,-0.0935815572738647,0.0050413287244737
DP9,DPs,rh,45,0.259613960981369,0.342676848173141,0.217070952057838,-0.0147541658952832,0.116432212293148,0.199085980653763,-0.0722302347421646,0.0176353696733713,
DP10,DPs,lh,38,0.296355158090591,0.377401858568191,0.257432967424393,0.0136203924193978,0.0860564261674881,0.167495101690292,0.18652805685997,-0.0554637536406517,
DP10,DPs,rh,38,0.303439944982529,0.356817603111267,0.153342917561531,0.136272087693214,-0.102095127105713,-0.210230186581612,0.249581262469292,-0.0138808023184537,
NT15,Controls,lh,55,0.315470576286316,0.333516389131546,0.190406203269958,0.0636235699057579,-0.174217253923416,0.232451632618904,-0.0742385610938072,0.0171884223818779,-0.165045142173767
NT15,Controls,rh,55,0.28448760509491,0.312909185886383,0.142783880233765,0.0060370867140591,-0.0940937176346778,0.197304174304008,0.141085773706436,0.0245530400425195,-0.184592515230179
NT10,Controls,lh,55,0.264815747737885,0.367200523614883,0.242216780781746,0.134331583976746,-0.208611190319061,0.152142345905304,0.196901544928551,-0.0372952260076999,-0.010555581189692
NT10,Controls,rh,55,0.178530424833298,0.309139907360077,0.356701910495758,0.13164721429348,0.170744299888611,0.0673726871609687,0.0538829937577247,0.0537700280547142,-0.0238480847328901
NT11,Controls,lh,55,0.330562710762024,0.369865953922272,0.322941601276398,0.143868148326874,-0.0361127592623233,0.0048916614614427,0.0011988094775006,-0.121232375502586,-0.11031274497509
NT11,Controls,rh,55,0.272477298974991,0.362761169672012,0.165272399783134,0.0344770811498165,0.0820098295807838,-0.0405525527894496,0.31490033864975,-0.098201997578144,
NT12,Controls,lh,70,0.323774248361588,0.348317354917526,0.254919201135635,0.186967045068741,-0.0302327461540699,0.342507719993591,0.123333819210529,-0.0412914678454399,-0.0883731767535209
NT12,Controls,rh,70,0.322996348142624,0.301913529634476,0.196433171629906,0.108941912651062,-0.184804618358612,0.029728963971138,0.18281988799572,-0.134192764759064,-0.129210740327835
NT13,Controls,lh,64,0.296166718006134,0.281528770923615,0.164412185549736,0.199802309274673,0.0796651393175125,0.161934942007065,0.269171178340912,-0.0359930172562599,-0.0162258297204971
NT13,Controls,rh,64,0.306575804948807,0.285416275262833,0.189249262213707,0.165366157889366,-0.1221619322896,0.235317528247833,0.259330689907074,-0.0759179070591926,-0.134468004107475
DP11,DPs,lh,28,0.244835674762726,0.381454318761826,0.191737547516823,-0.0229614563286304,-0.202201649546623,-0.100775144994259,0.0646339133381843,-0.117682754993439,-0.0948458388447761
DP11,DPs,rh,28,0.265730082988739,0.384809523820877,0.105494134128094,0.162682384252548,-0.209263458848,-0.256613940000534,0.103141114115715,-0.0471750944852829,-0.0901151895523071
NT14,Controls,lh,50,0.259310990571976,0.345202922821045,0.262637674808502,0.0837059989571571,-0.168663442134857,0.111085556447506,0.18493889272213,0.0788142532110214,-0.167145058512688
NT14,Controls,rh,50,0.21686689555645,0.308376491069794,0.275562852621078,-0.0952582284808158,0.0111588919535279,0.171468988060951,0.170164838433266,0.0438686832785606,
DP12,DPs,lh,41,0.265810549259186,0.27132910490036,0.345536559820175,-0.25063157081604,0.0813492685556411,0.245237022638321,0.108663491904735,0.074398823082447,-0.0672702342271804
DP12,DPs,rh,41,0.337376147508621,0.249545559287071,0.335099101066589,0.290775537490845,-0.0988469570875167,0.216603353619576,0.151816844940185,0.0012777283554896,-0.100961573421955
NT3,Controls,lh,63,0.240870088338852,0.346358388662338,0.333768129348755,0.140703305602074,-0.0747499614953994,0.0532469488680362,0.147430583834648,-0.025513008236885,
NT3,Controls,rh,63,0.316752672195435,0.457958251237869,0.238703474402428,0.255014330148697,0.171637803316116,-0.159718424081802,-0.0374192781746387,-0.0369881652295589,
NT16,Controls,lh,71,0.207420766353607,0.392742097377777,0.219927653670311,0.15598464012146,0.11817878484726,0.19132187962532,0.11458121240139,-0.0762777104973793,-0.0050336718559265
NT16,Controls,rh,71,0.225796908140182,0.32203859090805,0.243420958518982,0.191010877490044,-0.0026449309661984,0.0270505975931882,0.208825170993805,-0.0398542098701,-0.0497998334467411
NT17,Controls,lh,64,0.306099563837051,0.332886099815369,0.310258567333221,0.209755256772041,-0.0306570176035165,-0.255187302827835,0.250978738069534,-0.0513714142143726,-0.103820346295834
NT17,Controls,rh,64,0.376523166894913,0.389793038368225,0.0817900225520134,0.0666970908641815,-0.0021167516242712,-0.3026242852211,0.308178246021271,-0.0637699365615844,
DP13,DPs,lh,33,0.343798518180847,0.223485320806503,0.28136932849884,0.242371067404747,0.165463909506798,0.179970741271973,0.0089396396651864,0.0190631840378046,-0.0113928709179162
DP13,DPs,rh,33,0.255176961421966,0.389578938484192,0.221654996275902,0.0249541755765676,0.067007340490818,0.0578609928488731,0.155680507421494,0.105822280049324,
NT18,Controls,lh,58,0.244023472070694,0.343337774276733,0.22843487560749,0.234115079045296,-0.0846625640988349,0.0013403000775724,0.111928068101406,-0.0019523885566741,-0.0432158708572387
NT18,Controls,rh,58,0.291935950517654,0.360565334558487,0.336401462554932,0.116504698991775,0.122439883649349,-0.0008783250232227,0.193239718675613,0.003175503341481,0.0086712213233113
DP14,DPs,lh,41,0.297912508249283,0.36548912525177,0.315142393112183,0.100553654134274,-0.131736040115356,-0.0908569023013114,0.174550890922546,-0.100043565034866,
DP14,DPs,rh,41,0.31439071893692,0.388205230236053,0.191978648304939,0.18157896399498,0.242126524448395,0.0220124889165163,0.18587777018547,-0.0068252691999077,
DP15,DPs,lh,44,0.355647414922714,0.379987716674805,0.0460162460803985,0.27241849899292,0.120747327804565,-0.241398245096207,0.239015832543373,-0.0531319007277488,-0.290238052606583
DP15,DPs,rh,44,0.279027163982391,0.35420098900795,0.192662537097931,0.148124322295189,0.145355567336082,0.0900424644351005,0.137084662914276,-0.069954790174961,
DP3,DPs,lh,42,0.292087823152542,0.30537760257721,0.204130426049232,0.0980014503002166,-0.0682112351059913,0.0881062895059585,0.118234567344189,-0.0365787148475647,
DP3,DPs,rh,42,0.252015829086304,0.326664000749588,0.24771873652935,0.136361137032509,0.178047388792038,-0.0768030285835266,-0.074152685701847,-0.0580401346087455,
DP16,DPs,lh,37,0.278688341379166,0.406372487545013,0.385753065347672,0.279523342847824,0.109736733138561,0.0415430180728435,-0.0939774215221405,-0.0255016256123781,-0.144925013184547
DP16,DPs,rh,37,0.300427258014679,0.300624519586563,0.314187586307526,0.288559466600418,0.067243255674839,0.0062430971302092,0.245083957910538,0.0229342151433229,-0.0952516719698906
NT19,Controls,lh,54,0.269144386053085,0.449921071529388,0.263291239738464,0.180269837379456,-0.0371472239494323,0.227628514170647,-0.0625335052609443,0.0002681955520529,
NT19,Controls,rh,54,0.23674713075161,0.359276443719864,0.192684337496758,0.227354794740677,-0.0157466288655996,0.185457214713097,0.126686111092567,-0.0326639860868454,
DP17,DPs,lh,33,0.320742130279541,0.286884099245071,0.272074520587921,0.202014625072479,0.0661682039499282,0.158100441098213,0.0486057624220848,-0.139868766069412,
DP17,DPs,rh,33,0.27562016248703,0.326366811990738,0.165759727358818,0.267837047576904,-0.0505074486136436,0.0560380034148693,0.0611324906349182,-0.0401315242052078,
DP18,DPs,lh,39,0.293091893196106,0.315268456935883,0.374104976654053,0.192433416843414,-0.0539370290935039,0.261041790246964,0.076506033539772,-0.0505676046013832,-0.0059381579048931
DP18,DPs,rh,39,0.304572135210037,0.332634031772614,0.249457687139511,0.156441509723663,-0.0425504744052886,0.129271104931831,0.189831882715225,0.152138039469719,-0.0624711476266384
DP19,DPs,lh,34,0.346719235181808,0.298105031251907,0.221222892403603,0.173452779650688,-0.0234015695750713,0.151292383670807,0.179353758692741,-0.0511106923222541,
DP19,DPs,rh,34,0.311543792486191,0.34606260061264,0.218490421772003,0.22083792090416,0.0454685650765895,0.199849918484688,-0.0236971788108348,-0.072638139128685,
DP4,DPs,lh,43,0.247308179736137,0.285074204206467,0.332560420036316,0.148560851812363,-0.0946824923157692,0.260048598051071,0.059100192040205,-0.0035307169891893,
DP4,DPs,rh,43,0.213260054588318,0.246673479676247,0.317536383867264,0.117702305316925,0.0460890121757984,-0.106957122683525,0.197240725159645,-0.0022562374360859,-0.253546088933945
NT20,Controls,lh,63,0.305199444293976,0.263605862855911,0.319434851408005,0.122077442705631,0.0097809992730617,0.126579388976097,0.0631304755806922,-0.125877410173416,-0.0941380858421325
NT20,Controls,rh,63,0.331489980220795,0.321213245391846,0.26412895321846,0.100157164037228,-0.138402670621872,0.043964747339487,0.183212280273438,-0.0178087018430233,-0.135341092944145
NT1,Controls,lh,50,0.280303180217743,0.319161534309387,0.271555811166763,0.145160958170891,0.0725576132535934,0.178193762898445,0.0317436084151268,-0.0565028637647628,-0.120159603655338
NT1,Controls,rh,50,0.295749366283417,0.341023296117783,0.23698678612709,0.312207013368607,0.0599130392074584,-0.0230450071394443,0.104501292109489,0.0865298211574554,-0.0846023112535476
DP20,DPs,lh,36,0.328893423080444,0.306208282709122,0.281383574008942,0.269899666309357,0.157630696892738,0.0089347790926694,0.140319049358368,-0.104502893984318,-0.0632909089326858
DP20,DPs,rh,36,0.282411247491836,0.321589201688766,0.150378242135048,0.248976081609726,0.135386988520622,0.145112037658691,-0.0052869017235934,-0.0919174253940582,
NT21,Controls,lh,71,0.23978129029274,0.295606672763824,0.334877192974091,0.18068440258503,-0.0497817918658256,0.123548343777656,0.0207118205726146,-0.0726791992783546,-0.0531224273145198
NT21,Controls,rh,71,0.273687720298767,0.282811254262924,0.214227572083473,0.067120648920536,0.0360979251563549,0.0894028171896934,0.0421047918498516,0.0122541179880499,-0.113789319992065
DP21,DPs,lh,42,0.252165734767914,0.343370646238327,0.238950684666634,0.171060979366302,0.1342344135046,0.0615108422935009,0.190047279000282,0.0291802044957876,0.0057154498063027
DP21,DPs,rh,42,0.278320133686066,0.319849610328674,0.220520734786987,0.201450824737549,-0.0337610691785812,0.0987547785043716,0.0598330907523632,0.0959502309560775,
DP22,DPs,lh,45,0.29778978228569,0.384814769029617,0.279292464256287,0.0747798085212707,0.123913057148457,0.161815479397774,0.188311070203781,-0.035472210496664,
DP22,DPs,rh,45,0.212472394108772,0.327451288700104,0.290387779474258,0.29709792137146,0.0698827654123306,0.130370855331421,0.172672212123871,0.0590821206569671,
DP23,DPs,lh,36,0.225343704223633,0.325270622968674,0.208267107605934,0.0122793978080153,0.175201907753944,-0.145666196942329,0.127887740731239,-0.0484624244272708,-0.18218083679676
DP23,DPs,rh,36,0.253537625074387,0.384414732456207,0.217612534761429,0.117560796439648,0.0330311320722103,-0.271321475505829,0.165353685617447,0.0192529670894145,
NT22,Controls,lh,56,0.330455929040909,0.326613962650299,0.190538957715034,0.0215813014656305,0.035760261118412,0.135740116238594,0.0084460126236081,-0.0934882462024688,
NT22,Controls,rh,56,0.287913024425507,0.336463361978531,0.257493287324905,0.252313673496246,-0.0139102637767791,-0.117933608591556,0.205395743250847,-0.0197521038353443,-0.187061980366707
NT5,Controls,lh,71,0.323679089546204,0.260512888431549,0.17715510725975,0.121718883514404,-0.133627101778984,0.141319543123245,-0.112731106579304,-0.0585312768816947,-0.0987220779061317
NT5,Controls,rh,71,0.31843239068985,0.312326401472092,0.202550917863846,0.163174852728844,-0.14118418097496,-0.127595201134682,0.187150791287422,-0.0240887477993965,-0.0907732248306274
NT23,Controls,lh,58,0.335234105587006,0.40594470500946,0.28254446387291,0.147404477000237,-0.0310529898852109,0.0546013191342353,0.234913602471352,-0.0309988521039485,
NT23,Controls,rh,58,0.22772054374218,0.370619267225266,0.262727081775665,0.0814444199204444,0.0056803468614816,0.30697312951088,-0.0577515885233879,0.160183787345886,-0.0360674820840358
NT24,Controls,lh,51,0.349206149578094,0.372113138437271,0.258755326271057,0.203380912542343,-0.0325824879109859,0.140049248933792,0.117698468267918,0.0657842606306076,-0.0012713591568171
NT24,Controls,rh,51,0.255970001220703,0.328365683555603,0.200277268886566,0.101153872907162,0.0834401398897171,0.134444043040275,0.066744640469551,0.0834237560629844,-0.0716807916760444
NT25,Controls,lh,60,0.242800384759903,0.315545916557312,0.254975885152817,0.137803673744202,0.135252222418785,0.14522685110569,0.0163870640099048,-0.114390879869461,-0.212131530046463
NT25,Controls,rh,60,0.261594355106354,0.30784261226654,0.314989238977432,0.056097749620676,0.203699022531509,-0.0696054250001907,-0.0183249972760677,0.110453717410564,-0.1969034075737
NT26,Controls,lh,54,0.279367119073868,0.337183624505997,0.342126309871674,0.151249691843987,-0.0143283251672983,0.214145421981811,0.137879580259323,0.0172076616436243,-0.0402256585657596
NT26,Controls,rh,54,0.17150841653347,0.334197223186493,0.284884572029114,0.109945990145206,0.152575522661209,0.144318655133247,0.0064161284826695,0.108242280781269,-0.151245772838593
DP24,DPs,lh,37,0.288854658603668,0.373382866382599,0.172053828835487,0.237416118383408,-0.0276508033275604,0.0648973956704139,0.174409359693527,-0.140579357743263,-0.0139243518933653
DP24,DPs,rh,37,0.282879203557968,0.386611968278885,0.309887915849686,0.271584868431091,0.129119798541069,-0.0381700843572616,0.123911447823048,-0.064999870955944,-0.168124258518219
DP2,DPs,lh,45,0.296958357095718,0.356920480728149,0.303591996431351,0.114421293139458,-0.0263483393937349,0.122503615915775,-0.253011465072632,-0.129156410694122,0.0097426008433103
DP2,DPs,rh,45,0.261928141117096,0.308914422988892,0.303549736738205,-0.0018130176467821,0.0260824263095855,0.191121280193329,-0.0552214533090591,-0.0747606232762336,-0.183318734169006
DP5,DPs,lh,39,0.316050171852112,0.367749124765396,0.278838455677032,-0.0604425594210624,-0.237996369600296,0.126209124922752,-0.0061636953614652,-0.0843763500452041,-0.0503989346325397
DP5,DPs,rh,39,0.305256307125091,0.301150143146515,0.281155198812485,-0.123002722859383,0.0989647209644317,-0.196129322052002,0.231547623872757,-0.0336584597826004,-0.0309316646307706
NT27,Controls,lh,62,0.283305644989014,0.263176769018173,0.181034684181213,0.216752529144287,-0.27670019865036,-0.0074130734428763,0.136073559522629,-0.0837743803858757,-0.193621352314949
NT27,Controls,rh,62,0.326445877552032,0.320403873920441,0.199056208133698,0.1195884719491,-0.150637626647949,-0.0419528782367706,0.202389061450958,0.0088460966944694,-0.240420132875443
DP6,DPs,lh,40,0.303668797016144,0.313663065433502,0.326189517974854,0.105333134531975,0.142527595162392,-0.0312230791896581,0.193303108215332,-0.0411919206380844,-0.0351753160357475
DP6,DPs,rh,40,0.234104618430138,0.341649562120438,0.255872517824173,0.15779422223568,0.104815721511841,0.0655662938952446,0.106583684682846,-0.0130937388166785,
NT28,Controls,lh,69,0.257603913545609,0.34492215514183,0.273238629102707,0.15608985722065,-0.128400072455406,0.132653847336769,0.129939496517181,-0.0079256678000092,-0.0394925624132156
NT28,Controls,rh,69,0.356382042169571,0.321613907814026,0.164299994707107,0.0747366324067115,0.138127461075783,0.0612297765910625,0.188352599740028,-0.0976253151893615,
NT29,Controls,lh,69,0.352663785219193,0.316602200269699,0.144622132182121,-0.0002558462147135,0.0763962343335151,-0.0451494418084621,0.210663661360741,0.0313435867428779,-0.162498712539673
NT29,Controls,rh,69,0.290093898773193,0.451582461595535,0.156838789582253,0.129356771707535,0.0511701628565788,-0.18173161149025,0.165476530790329,0.0540805123746395,-0.10131524503231
NT30,Controls,lh,69,0.305874586105347,0.365392208099365,0.0540572442114353,0.0301372036337852,-0.162343561649323,0.227059558033943,0.338906317949295,-0.101103216409683,
NT30,Controls,rh,69,0.25051748752594,0.365625292062759,0.110812544822693,0.194914788007736,-0.117534957826138,0.0573993846774101,0.14718770980835,-0.0676553547382354,
NT31,Controls,lh,66,0.247888684272766,0.323454648256302,0.249780520796776,0.177944496273994,-0.0370081961154937,-0.137107044458389,0.124829903244972,-0.11968433111906,-0.0835400819778442
NT31,Controls,rh,66,0.302798390388489,0.348250716924667,0.307517051696777,-0.037134300917387,-0.169645845890045,0.0108391661196947,0.157299622893333,-0.133449986577034,
NT32,Controls,lh,61,0.269866794347763,0.44958633184433,0.16093522310257,0.132809773087501,-0.0291710663586854,-0.0798371508717536,0.242680594325066,0.052013099193573,-0.178484454751015
NT32,Controls,rh,61,0.244762226939201,0.382507532835007,0.242115288972855,0.0871916860342025,-0.0939413532614708,0.26155224442482,0.0144206574186682,-0.0545041933655738,-0.233960017561913
DP25,DPs,lh,35,0.334520787000656,0.359094560146332,0.188290953636169,0.114937648177147,-0.171626850962639,-0.0835401341319084,0.236363098025322,0.0465490110218524,
DP25,DPs,rh,35,0.314212173223495,0.350615948438644,0.100875712931156,0.0792337954044342,-0.0866279155015945,0.241348832845688,0.135323062539101,0.0665177702903747,
DP26,DPs,lh,37,0.29553160071373,0.31814494729042,0.303625017404556,0.124106928706169,-0.21021431684494,0.0571709685027599,0.163133472204208,0.013790707103908,-0.144156366586685
DP26,DPs,rh,37,0.258518636226654,0.382427096366882,0.117379613220692,0.0783790498971939,-0.215699702501297,0.212547615170479,0.132809698581696,0.0410542972385883,
DP27,DPs,lh,26,0.285349100828171,0.273907482624054,0.338643163442612,0.210470259189606,0.021978486329317,0.185907438397408,0.161079496145248,-0.0422912985086441,-0.053499910980463
DP27,DPs,rh,26,0.278381198644638,0.323523104190826,0.211554616689682,0.103168219327927,0.13504995405674,0.0225325357168912,0.238852232694626,-0.0224918387830257,
DP28,DPs,lh,36,0.303769111633301,0.26697364449501,0.240885585546494,0.100665658712387,0.0596338771283626,-0.0443566031754016,0.17822091281414,0.109174787998199,
DP28,DPs,rh,36,0.280479192733765,0.250354945659637,0.244356155395508,0.0415499433875083,-0.179474979639053,-0.0545726865530014,0.187544956803322,0.135458722710609,
NT33,Controls,lh,58,0.278019309043884,0.309768557548523,0.29630708694458,0.0763734728097915,0.034124307334423,-0.108744814991951,0.301454722881317,-0.0370657779276371,-0.072705365717411
NT33,Controls,rh,58,0.291504323482513,0.36602982878685,0.318700879812241,0.143489047884941,0.0089788045734167,-0.164400115609169,0.251007735729217,0.175262093544006,-0.172070741653442
DP29,DPs,lh,37,0.270969837903976,0.245949760079384,0.265753030776977,0.0234875027090311,0.101289913058281,-0.110197879374027,0.0716318190097808,0.103549860417843,-0.132257014513016
DP29,DPs,rh,37,0.258884191513062,0.34086486697197,0.275986224412918,0.0918491780757904,-0.0546721033751964,-0.0354658812284469,0.15246519446373,-0.0213625244796276,
DP30,DPs,lh,32,0.316809713840485,0.317076772451401,0.342265844345093,0.148880288004875,0.164953917264938,0.160728275775909,0.0136447548866271,-0.0457803383469581,-0.0598621740937233
DP30,DPs,rh,32,0.183151736855507,0.350141167640686,0.207881286740303,0.0592253655195236,-0.066865786910057,0.221296802163124,0.132270991802215,-0.0290460139513015,
NT34,Controls,lh,68,0.30862358212471,0.383995115756989,0.369662642478943,0.20672906935215,0.123693086206913,0.0386762656271457,0.226505875587463,-0.0219149589538574,-0.104925908148289
NT34,Controls,rh,68,0.316652178764343,0.293277323246002,0.193099841475487,0.152717128396034,-0.0534830838441848,-0.194623216986656,0.208889201283455,0.0959606170654296,
NT35,Controls,lh,63,0.298659354448318,0.453669041395187,0.204642742872238,0.191330388188362,0.121388502418995,0.138298511505127,0.15045627951622,0.0082143535837531,-0.26262491941452
NT35,Controls,rh,63,0.270921230316162,0.320963680744171,0.158357471227646,0.255365431308746,-0.0270759910345077,0.0282706562429666,0.143603250384331,0.0245913807302713,
NT36,Controls,lh,59,0.268868982791901,0.366801172494888,0.23827351629734,0.0668123513460159,-0.0160138271749019,0.0227658841758966,0.168727025389671,0.136383935809135,-0.10870473086834
NT36,Controls,rh,59,0.226309984922409,0.3110571205616,0.264347434043884,0.0804954916238784,0.0154616134241223,-0.0328046530485153,0.259715706110001,0.0299331471323966,-0.19119568169117
NT37,Controls,lh,60,0.327157139778137,0.320605516433716,0.309978991746902,0.206683397293091,-0.0269225463271141,0.259878695011139,-0.172430887818336,-0.0592283755540847,-0.141565918922424
NT37,Controls,rh,60,0.30888494849205,0.313373297452927,0.287333399057388,0.0249546077102422,-0.21886695921421,0.169302210211754,0.213345184922218,0.0274962056428194,-0.153121888637543
DP31,DPs,lh,43,0.288110733032227,0.331258654594421,0.282301783561706,0.141673505306244,0.0466877594590187,0.148104503750801,0.131159871816635,0.250130742788315,-0.0386423654854297
DP31,DPs,rh,43,0.189276352524757,0.263360857963562,0.214378699660301,0.159903675317764,0.119550332427025,0.0155503451824188,0.0840631425380706,0.0671246200799942,
DP32,DPs,lh,32,0.301396727561951,0.4037124812603,0.288202971220016,0.1634361743927,0.033308207988739,0.0808430984616279,0.145453616976738,-0.0142280738800764,-0.199771106243133
DP32,DPs,rh,32,0.278159379959106,0.304769396781921,0.227399170398712,0.163836136460304,0.0536232143640518,0.156096860766411,0.227033510804176,0.0808155462145805,
NT2,Controls,lh,63,0.343205332756042,0.337139397859573,0.301226824522018,0.163565695285797,0.15179055929184,-0.0753427371382713,0.269363760948181,-0.0352520309388637,-0.164339110255241
NT2,Controls,rh,63,0.294425636529922,0.34913831949234,0.225502505898476,0.230160027742386,0.043446023017168,0.129218146204948,0.502895534038544,-0.116663724184036,
DP33,DPs,lh,36,0.285848259925842,0.356574237346649,0.351024359464645,0.21711377799511,0.0357606373727321,0.290685921907425,-0.12302965670824,-0.0300024226307868,-0.0670327544212341
DP33,DPs,rh,36,0.333932429552078,0.413185000419617,0.28203672170639,0.0496196746826171,-0.120299026370048,0.075734756886959,0.185462474822998,0.300071507692337,-0.0185313876718282
NT38,Controls,lh,72,0.334262788295746,0.31370159983635,0.283377677202225,-0.0305622816085815,0.205051392316818,-0.122256867587566,0.0817143023014068,0.0022529941052198,-0.0618591830134391
NT38,Controls,rh,72,0.254168391227722,0.362487345933914,0.254694730043411,-0.0020634073298424,0.253583550453186,-0.0576521568000316,0.227690801024437,0.0487810336053371,
DP34,DPs,lh,37,0.214005813002586,0.344368457794189,0.318186074495315,0.0869585424661636,-0.0944053456187248,0.180063843727112,0.151795223355293,-0.0753084793686866,-0.100315310060978
DP34,DPs,rh,37,0.269224047660828,0.2971570789814,0.233911767601967,0.0719432234764099,-0.0234650168567895,-0.0807785913348198,0.163875073194504,0.0161838252097368,
NT39,Controls,lh,60,0.171166107058525,0.349068403244018,0.233369529247284,0.182105511426926,-0.0566839203238487,-0.0106127876788377,0.322116851806641,-0.119698449969292,-0.171690106391907
NT39,Controls,rh,60,0.344923108816147,0.363569468259811,0.326688826084137,0.052551083266735,0.0476190969347953,0.209012895822525,0.105393022298813,-0.086464487016201,-0.140660539269447
DP35,DPs,lh,34,0.32714369893074,0.409316509962082,0.250991821289062,0.0697646960616111,-0.0293537713587284,0.343300968408585,0.183383256196976,-0.0520150549709796,-0.0273283515125513
DP35,DPs,rh,34,0.296708226203918,0.269010275602341,0.3053839802742,0.115960709750652,-0.13871705532074,0.203249976038933,0.252870947122574,-0.0539086833596229,-0.103358872234821
NT40,Controls,lh,70,0.311441034078598,0.347007244825363,0.286968171596527,0.112197004258633,0.0479597076773643,0.0955515131354332,0.124716155230999,-0.0548209734261035,-0.0941828712821006
NT40,Controls,rh,70,0.272181242704391,0.30238202214241,0.281358361244202,0.0720186606049537,0.0545495338737964,-0.0671126320958137,0.17269717156887,0.0303925164043903,-0.287905782461166
DP1,DPs,lh,41,0.300336718559265,0.348005414009094,0.281460672616959,0.183231800794601,0.045103870332241,0.219960272312164,0.178196966648102,-0.0706328973174095,-0.134194999933243
DP1,DPs,rh,41,0.304061502218246,0.335810452699661,0.183732151985168,0.203466102480888,0.003244643099606,-0.121069371700287,0.177234455943108,0.0345208533108234,-0.120133727788925
DP36,DPs,lh,28,0.255962193012237,0.467769771814346,0.296700745820999,0.207764118909836,-0.0328891165554523,0.184593796730042,0.200075298547745,0.0604483671486377,-0.0911990255117416
DP36,DPs,rh,28,0.171310141682625,0.444308251142502,0.238798022270203,0.136221781373024,0.0024612832348793,0.112568221986294,-0.122022651135921,0.110608041286469,-0.0663916394114494
NT41,Controls,lh,55,0.257069528102875,0.464369386434555,0.267963975667953,0.213477730751038,-0.123238138854504,0.102006711065769,0.136070117354393,-0.0390043593943119,
NT41,Controls,rh,55,0.305729985237122,0.402400374412537,0.184082761406898,0.146630451083183,-0.0900178775191307,0.0025940185878425,0.212493821978569,-0.002568952506408,-0.159766316413879
NT4,Controls,lh,69,0.256443381309509,0.427911788225174,0.283530324697495,0.185005635023117,0.0273825619369745,0.205927163362503,0.159750431776047,-0.0658023729920387,-0.0353953689336776
NT4,Controls,rh,69,0.261279433965683,0.378174751996994,0.275404423475266,0.12473551928997,-0.0992483645677566,0.0567412003874778,0.2513367831707,0.0425461940467357,-0.131437346339226
NT42,Controls,lh,60,0.270464360713959,0.359013825654984,0.329924821853638,0.0044589559547603,0.0464731864631176,0.0612512193620204,0.285892426967621,0.0017049994785338,-0.0181206203997135
NT42,Controls,rh,60,0.24560572206974,0.309981793165207,0.306884616613388,0.012162348255515,0.0821446478366851,0.180745780467987,0.0489221960306167,-0.0368722788989543,-0.130241468548775
DP37,DPs,lh,38,0.262211084365845,0.327980846166611,0.196056187152862,0.187001377344131,0.0087593514472246,0.142523348331451,0.173093393445015,-0.0410610623657703,-0.0255197696387767
DP37,DPs,rh,38,0.267334580421448,0.353542774915695,0.24116162955761,0.197571769356728,0.103944331407547,0.02695226483047,0.297040671110153,0.0640096142888069,-0.0697263106703758
DP38,DPs,lh,41,0.34187388420105,0.251277178525925,0.165689751505852,0.138891607522964,0.109433434903622,-0.185035049915314,0.0699640661478042,-0.162840977311134,-0.163895711302757
DP38,DPs,rh,41,0.260319739580154,0.382239013910294,0.208140671253204,0.128570392727852,-0.0876906439661979,0.0797745212912559,0.0681584775447845,-0.122203804552555,-0.0944262146949768
DP39,DPs,lh,29,0.324289113283157,0.405149608850479,0.419357031583786,0.229177385568619,0.104340441524982,0.0927597433328628,0.131883665919304,0.0294630024582147,-0.0359827503561973
DP39,DPs,rh,29,0.300210863351822,0.365855753421783,0.243662133812904,0.141755059361458,0.151725843548775,0.204098656773567,0.110545434057712,-0.0378127694129943,-0.184133425354957
NT43,Controls,lh,66,0.323024779558182,0.380596786737442,0.246162831783295,0.179268255829811,-0.110915280878544,0.161305233836174,0.289690852165222,-0.009190572425723,-0.0251057259738445
NT43,Controls,rh,66,0.306289553642273,0.368139982223511,0.27208885550499,0.132293626666069,0.0049064746126532,0.232138052582741,-0.126428529620171,-0.0183579642325639,-0.171346262097359
