sub,group,hemi,sulcus,ap_position
NT7,Controls,lh,prcus-p,0.3890669349397886
NT7,Controls,lh,prculs-d,0.1144855568529176
NT7,Controls,rh,prcus-p,0.2252295977711466
NT7,Controls,rh,prculs-d,0.1330628578649895
DP7,DPs,lh,prcus-p,0.2208442060767024
DP7,DPs,lh,prculs-d,0.0656425961090736
DP7,DPs,rh,prcus-p,0.2867961775828541
DP7,DPs,rh,prculs-d,0.0893093489563709
NT8,Controls,lh,prcus-p,0.3684808527330718
NT8,Controls,lh,prculs-d,0.104561971402219
NT8,Controls,rh,prcus-p,0.2142688970024206
NT8,Controls,rh,prculs-d,0.112121240740995
DP8,DPs,lh,prcus-p,0.2388492899250568
DP8,DPs,lh,prculs-d,0.12566811607912
DP8,DPs,rh,prcus-p,0.3429319596314148
DP8,DPs,rh,prculs-d,0.116548431362898
NT9,Controls,lh,prcus-p,0.2736253296674246
NT9,Controls,lh,prculs-d,0.2060156227496714
NT9,Controls,rh,prcus-p,0.3987772870167076
NT9,Controls,rh,prculs-d,0.191779997964834
DP9,DPs,lh,prcus-p,0.2626709714127965
DP9,DPs,lh,prculs-d,0.2221713816348448
DP9,DPs,rh,prcus-p,0.3609818888449434
DP9,DPs,rh,prculs-d,0.0860583830796692
NT6,Controls,lh,prcus-p,0.4187928701297778
NT6,Controls,lh,prculs-d,0.1405717040568545
NT6,Controls,rh,prcus-p,0.3151483276798432
NT6,Controls,rh,prculs-d,0.1415932860470505
DP10,DPs,lh,prcus-p,0.248149197899981
DP10,DPs,lh,prculs-d,0.1823875664248041
DP10,DPs,rh,prcus-p,0.3773051576751688
DP10,DPs,rh,prculs-d,0.1015918841996724
NT15,Controls,lh,prcus-p,0.4773801306149706
NT15,Controls,lh,prculs-d,0.2030100271886668
NT15,Controls,rh,prcus-p,0.2323872288473189
NT15,Controls,rh,prculs-d,0.1176206776066143
NT10,Controls,lh,prcus-p,0.2926925427306541
NT10,Controls,lh,prculs-d,0.1590530848816018
NT10,Controls,rh,prcus-p,0.4529148084346229
NT10,Controls,rh,prculs-d,0.2212214267725973
NT11,Controls,lh,prcus-p,0.390499082184203
NT11,Controls,lh,prculs-d,0.2970271372350637
NT11,Controls,rh,prcus-p,0.5619651485615077
NT11,Controls,rh,prculs-d,0.3042246457603981
NT12,Controls,lh,prcus-p,0.2158762654671272
NT12,Controls,lh,prculs-d,0.1065655968880287
NT12,Controls,rh,prcus-p,0.2872796629997441
NT12,Controls,rh,prculs-d,0.14067680244908
NT13,Controls,lh,prcus-p,0.286065318571817
NT13,Controls,lh,prculs-d,0.1125035614079201
NT13,Controls,rh,prcus-p,0.2826286503354847
NT13,Controls,rh,prculs-d,0.1157379129401504
DP11,DPs,lh,prcus-p,0.1740578594288374
DP11,DPs,lh,prculs-d,0.1271121542676084
DP11,DPs,rh,prcus-p,0.2375655086503622
DP11,DPs,rh,prculs-d,0.1829500770506403
NT14,Controls,lh,prcus-p,0.3175293526929842
NT14,Controls,lh,prculs-d,0.0900206932287342
NT14,Controls,rh,prcus-p,0.3027721088428839
NT14,Controls,rh,prculs-d,0.0849691078495302
DP12,DPs,lh,prcus-p,0.3765081519703328
DP12,DPs,lh,prculs-d,0.1370961246045398
DP12,DPs,rh,prcus-p,0.2974853890550015
DP12,DPs,rh,prculs-d,0.0709626107436367
NT3,Controls,lh,prcus-p,0.2902552545966269
NT3,Controls,lh,prculs-d,0.1231819348184818
NT3,Controls,rh,prcus-p,0.4908895044315126
NT3,Controls,rh,prculs-d,0.2057321701431901
NT16,Controls,lh,prcus-p,0.451093075829144
NT16,Controls,lh,prculs-d,0.1185784199311658
NT16,Controls,rh,prcus-p,0.3524534874964533
NT16,Controls,rh,prculs-d,0.1872071853443324
NT17,Controls,lh,prcus-p,0.376173046373799
NT17,Controls,lh,prculs-d,0.1553279550161267
NT17,Controls,rh,prcus-p,0.4222080537006125
NT17,Controls,rh,prculs-d,0.1796821819052926
DP13,DPs,lh,prcus-p,0.3873085926998721
DP13,DPs,lh,prculs-d,0.0910912077238084
DP13,DPs,rh,prcus-p,0.4294511147492086
DP13,DPs,rh,prculs-d,0.2172284131389822
NT18,Controls,lh,prcus-p,0.327453493218934
NT18,Controls,lh,prculs-d,0.0989294245056915
NT18,Controls,rh,prcus-p,0.4519394995304007
NT18,Controls,rh,prculs-d,0.1682689847211472
DP14,DPs,lh,prcus-p,0.4564197071707743
DP14,DPs,lh,prculs-d,0.1430174085152536
DP14,DPs,rh,prcus-p,0.5608625055937444
DP14,DPs,rh,prculs-d,0.1413640742466014
DP15,DPs,lh,prcus-p,0.3331473539788182
DP15,DPs,lh,prculs-d,0.1981544008236746
DP15,DPs,rh,prcus-p,0.4701109709307186
DP15,DPs,rh,prculs-d,0.1700450554709658
DP3,DPs,lh,prcus-p,0.2036819743720716
DP3,DPs,lh,prculs-d,0.0599586218256283
DP3,DPs,rh,prcus-p,0.517332849980929
DP3,DPs,rh,prculs-d,0.1954689185758707
DP16,DPs,lh,prcus-p,0.317237359100662
DP16,DPs,lh,prculs-d,0.1109252131916666
DP16,DPs,rh,prcus-p,0.2240999198988281
DP16,DPs,rh,prculs-d,0.1681418555192717
NT19,Controls,lh,prcus-p,0.3741720806249378
NT19,Controls,lh,prculs-d,0.195253397721596
NT19,Controls,rh,prcus-p,0.2556023359132571
NT19,Controls,rh,prculs-d,0.1719084125639197
DP17,DPs,lh,prcus-p,0.3627031072576057
DP17,DPs,lh,prculs-d,0.1034952246369588
DP17,DPs,rh,prcus-p,0.3593493751496994
DP17,DPs,rh,prculs-d,0.122204814173548
DP18,DPs,lh,prcus-p,0.2394833392295555
DP18,DPs,lh,prculs-d,0.0874016968226205
DP18,DPs,rh,prcus-p,0.3486517436428062
DP18,DPs,rh,prculs-d,0.1183961123791816
DP19,DPs,lh,prcus-p,0.3978188575718827
DP19,DPs,lh,prculs-d,0.137210828989189
DP19,DPs,rh,prcus-p,0.492767280136776
DP19,DPs,rh,prculs-d,0.1482543975698572
DP4,DPs,lh,prcus-p,0.3185385359240197
DP4,DPs,lh,prculs-d,0.1312093498987669
DP4,DPs,rh,prcus-p,0.3062838594473829
DP4,DPs,rh,prculs-d,0.0798254938491579
NT20,Controls,lh,prcus-p,0.2061516205544881
NT20,Controls,lh,prculs-d,0.2364643825188077
NT20,Controls,rh,prcus-p,0.5243449048153294
NT20,Controls,rh,prculs-d,0.1821636834942296
NT1,Controls,lh,prcus-p,0.3569729667806746
NT1,Controls,lh,prculs-d,0.0968239220715625
NT1,Controls,rh,prcus-p,0.3384056135782882
NT1,Controls,rh,prculs-d,0.0888948785667083
DP20,DPs,lh,prcus-p,0.3579705537400386
DP20,DPs,lh,prculs-d,0.1497527817373218
DP20,DPs,rh,prcus-p,0.3578190115594654
DP20,DPs,rh,prculs-d,0.1676366359591005
NT21,Controls,lh,prcus-p,0.3289393397424062
NT21,Controls,lh,prculs-d,0.1189846265785977
NT21,Controls,rh,prcus-p,0.4146983948401417
NT21,Controls,rh,prculs-d,0.1022476209270168
DP21,DPs,lh,prcus-p,0.4312648609815868
DP21,DPs,lh,prculs-d,0.1116769744134966
DP21,DPs,rh,prcus-p,0.3465602945743419
DP21,DPs,rh,prculs-d,0.128079582268993
DP22,DPs,lh,prcus-p,0.2493296384778318
DP22,DPs,lh,prculs-d,0.1590694677212949
DP22,DPs,rh,prcus-p,0.2941342842016229
DP22,DPs,rh,prculs-d,0.1487778335582
DP23,DPs,lh,prcus-p,0.1824581008285822
DP23,DPs,lh,prculs-d,0.1432061090316838
DP23,DPs,rh,prcus-p,0.4733460432141853
DP23,DPs,rh,prculs-d,0.2261955996317023
NT22,Controls,lh,prcus-p,0.2494200260130109
NT22,Controls,lh,prculs-d,0.0640344546172145
NT22,Controls,rh,prcus-p,0.2888412283940403
NT22,Controls,rh,prculs-d,0.1176070270695236
NT5,Controls,lh,prcus-p,0.3753675581011589
NT5,Controls,lh,prculs-d,0.0969459302149945
NT5,Controls,rh,prcus-p,0.3008564324000528
NT5,Controls,rh,prculs-d,0.107563257674823
NT23,Controls,lh,prcus-p,0.2776780346901773
NT23,Controls,lh,prculs-d,0.1609141291207191
NT23,Controls,rh,prcus-p,0.3263645394781204
NT23,Controls,rh,prculs-d,0.1256804248872029
NT24,Controls,lh,prcus-p,0.2637390083553321
NT24,Controls,lh,prculs-d,0.1738301997365756
NT24,Controls,rh,prcus-p,0.4145994341690192
NT24,Controls,rh,prculs-d,0.1718042170812317
NT25,Controls,lh,prcus-p,0.4537550839643456
NT25,Controls,lh,prculs-d,0.1684971134535924
NT25,Controls,rh,prcus-p,0.2599417791272557
NT25,Controls,rh,prculs-d,0.2269205459196049
NT26,Controls,lh,prcus-p,0.3976237466766397
NT26,Controls,lh,prculs-d,0.1270650461853347
NT26,Controls,rh,prcus-p,0.3518504595698995
NT26,Controls,rh,prculs-d,0.1043141493631164
DP24,DPs,lh,prcus-p,0.2911138595572972
DP24,DPs,lh,prculs-d,0.1074994655600204
DP24,DPs,rh,prcus-p,0.4004590418633777
DP24,DPs,rh,prculs-d,0.1321238666965563
DP2,DPs,lh,prcus-p,0.4525543126757365
DP2,DPs,lh,prculs-d,0.1845292970772018
DP2,DPs,rh,prcus-p,0.335427302704442
DP2,DPs,rh,prculs-d,0.1062542633803072
DP5,DPs,lh,prcus-p,0.3477875510099428
DP5,DPs,lh,prculs-d,0.1123625776360683
DP5,DPs,rh,prcus-p,0.4877621260846805
DP5,DPs,rh,prculs-d,0.0790725530808381
NT27,Controls,lh,prcus-p,0.2119948223275767
NT27,Controls,lh,prculs-d,0.0840678891415249
NT27,Controls,rh,prcus-p,0.3822790843669073
NT27,Controls,rh,prculs-d,0.1717598449948867
