"sulcus","hemi","term","estimate","se","z","p","n","n_present"
"icgs-p","lh","(Intercept)",-1.38737994158196,0.812119196588431,-1.70834521263639,0.0875723066705553,82,39
"icgs-p","lh","age",0.0317020129418864,0.0207916967166087,1.52474390974366,0.127322985006886,82,39
"icgs-p","lh","sexM",0.321859394573495,0.467808647094217,0.688015060372907,0.49144329744129,82,39
"icgs-p","rh","(Intercept)",0.360761287560536,0.790311883966131,0.456479644150203,0.64804510538994,82,43
"icgs-p","rh","age",-0.0142230488176857,0.0204654201011134,-0.694979567847323,0.487068106269005,82,43
"icgs-p","rh","sexM",0.730192581232274,0.473973752256954,1.5405759870779,0.12342001590885,82,43
"prculs-v","lh","(Intercept)",-1.26425392674132,0.817648213912074,-1.54620765413581,0.12205442556875,82,31
"prculs-v","lh","age",0.0194814037531713,0.0207593601169738,0.938439510822999,0.348018589065144,82,31
"prculs-v","lh","sexM",0.113231701512901,0.474930174600918,0.238417577084987,0.811557235897682,82,31
"prculs-v","rh","(Intercept)",0.459154704745257,0.796063446387009,0.576781545276528,0.56408703781556,82,35
"prculs-v","rh","age",-0.0191208251406958,0.020696075247213,-0.923886529803311,0.355545397028862,82,35
"prculs-v","rh","sexM",-0.14273717115453,0.469193011647505,-0.304218450853154,0.760961468863121,82,35
"sspls-d","lh","(Intercept)",-0.973531936128566,0.812466756049941,-1.19824217899289,0.23082274927797,82,34
"sspls-d","lh","age",0.00926592314804097,0.0207252234049521,0.447084355473194,0.654814154302478,82,34
"sspls-d","lh","sexM",0.755092064429725,0.46930280047851,1.60896560527621,0.107623862624259,82,34
"sspls-d","rh","(Intercept)",0.0146545574554999,0.783724633461607,0.0186986051347815,0.985081541002423,82,37
"sspls-d","rh","age",-0.0068036986673365,0.0202399432371955,-0.336152062661577,0.736756199988188,82,37
"sspls-d","rh","sexM",0.110350772583864,0.462059131533325,0.238823918959612,0.811242122183473,82,37
"sspls-v","lh","(Intercept)",1.47946569572088,1.00721692227365,1.46886501110526,0.141869406486946,82,66
"sspls-v","lh","age",-0.0104166079570119,0.0259082609497698,-0.402057396951778,0.687641785486201,82,66
"sspls-v","lh","sexM",1.11985787794016,0.690824572225252,1.62104523053216,0.105007938717828,82,66
"sspls-v","rh","(Intercept)",0.726382680334899,0.789107797085087,0.920511345874555,0.357305606740239,82,45
"sspls-v","rh","age",-0.0136048504350404,0.0202505605951272,-0.671825867295449,0.501694559056645,82,45
"sspls-v","rh","sexM",-0.0747651809444634,0.462911680525077,-0.161510681388851,0.871691199270332,82,45
