sub,hemi,1,2,3,MCGS,POS,ifrms,prculs,prcus1,prcus2,prcus3,sbps,sps,w,x,y
103,lh,,0.5034545063007252,0.4562228845960976,1.7677415797054294,1.1095441105899917,0.5034545063007252,0.489121215681119,0.4704147382574891,0.4970503049273529,0.4667977262890891,0.5258795357411954,0.5907896528650854,0.4849012111479212,0.4692023069805101,0.4667977262890891
103,rh,,1.012735785423815,0.9215722073593192,1.861208691033096,1.0921403698617524,1.012735785423815,0.943863782431948,0.8543648228444058,0.858799480488221,0.8694096228135835,0.7980009706995861,0.8745406826151586,0.8360409699697837,0.8837610869346767,0.9757875717160084
111,lh,,0.4095732297107939,,0.7801273751887094,0.6462177140222622,0.4095732297107939,0.4347691397868264,0.4042886512882876,0.433193064576883,0.4677318810707164,0.4521438506828338,0.5604713298139349,0.3859077578165039,,0.4061999488095842
111,rh,0.6354456489239807,0.6930460817877897,0.634842417814478,0.7166092961215622,1.2247811037409106,0.6930460817877897,0.4713137015321251,0.5368481163877837,0.5564519680868006,0.5562460499252531,0.6071657887577993,0.9015200071644078,0.6785510847896428,0.6802012006431762,0.6851688637692182
115,lh,,0.6155138199714393,0.7693737947246211,0.6504248460636133,0.6482612860408963,0.6155138199714393,0.5000137822925191,0.4955664711616709,0.5678469781519503,0.5222830339032866,0.5514761946504683,0.5851447259484029,0.6217560095276123,0.641543735504656,0.7064511678887821
115,rh,0.4916691481451258,0.5111676927680467,0.517212145566776,1.233377456113991,1.4508657807912635,0.5111676927680467,0.5111676927680467,0.4634987353140892,0.5621629774356983,0.5086944060549563,1.1634677767989436,0.7246215850413302,0.4916691481451258,0.474367185751211,0.4873252081804193
118,lh,0.5220515646974794,0.5878546974723619,0.7283578378276301,0.8095956151285855,0.5098533044201186,0.5878546974723619,0.5603072084908782,0.5178274632431619,0.5133870101810081,0.5417923228904462,0.5494999018224371,0.6628019160577419,0.5782860450000136,0.5469079132034367,0.5063269505066589
118,rh,0.5242755399970415,0.4570028776593667,0.482925250309963,0.9002751368625644,1.287614926281342,0.4570028776593667,0.6536047400152982,0.4444469928481497,0.5023886042591006,0.4670329141225837,0.4839514931229407,0.7189586507720664,0.4602043593611848,0.4515072925322685,
121,lh,0.618996044119114,0.492480593596577,0.5996897652620707,0.9310881413476322,1.1714653181395769,0.492480593596577,0.5779714044522268,0.8098821364158719,0.5724288424108676,0.5294485394938513,0.5644364702777561,0.4894734260578937,0.5694213694291623,0.5806869267902619,
121,rh,0.421496506918939,0.4212696849496228,0.4539491694011304,1.1039627594249677,1.0181078524678444,0.4212696849496228,0.6198814475491843,0.4641939178969533,0.6165272183122892,0.4276036966488924,0.6787161633541627,0.6093453509407722,0.4627417535036121,0.4522153263005203,0.4085224524428132
123,lh,0.9985966264964916,0.9877416691347434,1.1299070872949597,0.6818373682912788,1.2458563865054102,0.9877416691347434,0.631935666699065,0.6233940872428652,0.7228317738587908,0.83792456563153,0.5834331785551133,0.6701711196086724,0.9081343538859838,0.9730725477195408,0.7395452861760021
123,rh,,0.4505404300287992,0.4424451357505568,0.7746366297096389,0.7297921466591664,0.4505404300287992,0.683689085495921,0.4302187374706596,0.4304527260186187,0.437317724121913,0.53651154907367,0.5397028450126067,0.4463722926600453,0.4515672912135571,
124,lh,,0.699811108289512,,0.8482284683112249,0.665032182266986,0.699811108289512,0.6216859185050767,0.5014839610890511,1.727168398684636,0.5512217058553134,0.5217993584433547,0.5934087850435894,0.5425646502398447,0.6629914339822305,
124,rh,,0.5167699635128603,0.5240228985765684,0.7723828737171368,0.8267553822722667,0.5167699635128603,0.6368115986848146,0.8552182531329846,0.5082528020898605,0.7156561670263074,0.6823356803517457,0.6443568224237798,0.5219464081976841,,
127,lh,0.5072303858870908,0.5139532317762667,0.489609904540212,0.5251246016662381,0.5513979643838722,0.5139532317762667,0.4950487188975752,0.5127814401482543,0.5125045422592007,0.4957169764157029,0.49333923438528,0.4902303527877486,0.5006977145534566,0.4760350479278924,
127,rh,0.8997294656649952,0.7228458098299524,,0.7659440768634649,1.1452043734054955,0.7228458098299524,0.5286450543045453,0.8343664838432624,0.5753409636025925,0.5631557480226639,0.5151355058114097,0.5931660578142279,0.8379638092176319,,
129,lh,,0.5137019866029849,0.6046082137314852,0.6361803298141657,0.634104827996141,0.5137019866029849,0.4702830843988431,0.5022838669074059,0.3984921286691976,0.6197329150868895,0.4733932063470353,0.446661254414383,0.5395189805947014,0.4978153497200143,0.4695935029597098
129,rh,,0.4559835448097599,,0.9053776809224776,0.8989889138142675,0.4559835448097599,0.6092882861391493,0.4761644329245935,0.4623829746465875,0.7597210459994481,0.545133129547462,,0.4687183679157997,0.4766936137352748,0.5488242402849988
130,lh,,1.081876315017788,,0.9349206225548676,0.8249415366092795,1.081876315017788,1.0162425154449488,0.8218451774931049,0.8299943763281419,1.0368013991903524,1.0292095089265607,,1.0099114160571323,1.0232535849334656,
130,rh,,0.7081095564964,,0.6575162162589403,1.1274473486116618,0.7081095564964,0.5343254800260848,0.565292302421772,0.57684964870811,0.580868396076242,0.7814131616478963,,0.9666831388099686,0.928476976863736,
134,lh,,0.5074176154996897,,1.0616767543721752,0.846091881462832,0.5074176154996897,0.4765817019690992,0.4489698663831278,0.4770711744877215,0.4902863291233263,0.4563751729088604,,0.5005389792323359,0.5033878718301903,
134,rh,,0.786196620820389,,0.7041349474824017,1.0941890274898274,0.786196620820389,0.5438663906747128,0.7312153183065041,0.6802891069865578,0.6211081121530824,0.6862992403161637,,0.7193666125056486,,
142,lh,,0.9034827145696772,,0.7551234242027247,0.9578250721974676,0.9034827145696772,0.5930622547244152,0.6490078591070059,0.6255005520485921,0.7339679748441548,0.6822814711211951,0.6285986142496192,0.7528024755612897,0.8922725152125139,0.8589931468960919
142,rh,,1.1222962247747976,,0.7743014484723145,0.9645957484908192,1.1222962247747976,0.6921923047966677,1.0710925260990471,1.247999325325276,0.651484875204723,0.853531455887776,,0.8609632361659698,1.162191421112191,
143,lh,,0.4578876517226249,0.451799037780561,0.581322271612684,0.6240257295942105,0.4578876517226249,0.5067972986925849,0.4401351625307333,0.4702533255962594,0.5010307580359148,0.4736945861533267,,,0.4628113994277661,0.451799037780561
143,rh,,0.8208181431233668,,0.7110011008659676,0.6234751156337135,0.8208181431233668,0.7604185878282039,0.8937256930349682,0.6141088893066531,1.0747405359666606,0.5732235542928716,0.6555931578770453,0.9909620835190656,,
147,lh,,0.4288400622540004,,0.6209992625594507,0.5387750061598966,0.4288400622540004,0.52897979944422,0.5057869439400242,0.4752781976271917,0.5310976437318013,0.4964824675600995,,0.4290373490037217,,0.389509323782262
147,rh,,0.7911435047154791,,1.357476891894831,1.561174653656244,0.7911435047154791,0.5450233202435937,0.7614030198504678,0.7118174553843354,0.6407868203049444,0.6360251266612541,,0.7824910325301986,,
148,lh,,0.8294835341461035,0.8894251421695393,0.5963204663242567,0.5851160031120867,0.8294835341461035,0.7725628649459375,0.6178095594902508,0.6033994221731559,0.6589477509295082,0.5954635769825785,0.6200761426420449,0.7369628880198209,0.8080634339456814,0.8231227776656963
148,rh,0.4901873326415104,0.4533169111347254,0.4694756192335045,0.6579652772836749,0.8325432070859452,0.4533169111347254,0.7806157743066099,0.4483658743825477,0.561508230444316,0.5092727343270411,0.4665085715068678,,0.4421227098878371,0.4487022331721999,
149,lh,,0.4381906295425137,0.4411630877981582,1.3031889786774635,1.0547697167680012,0.4381906295425137,0.6416723044376575,0.5059594421806672,0.7562416836551895,0.7723048030714705,0.6446101957041969,,0.4251375813760466,,
149,rh,,0.6682248912759716,,1.5390456719912224,0.6394842686053412,0.6682248912759716,0.5637195190964129,0.5201454275809074,0.5518546004033653,0.5176668159657172,0.5054270933827367,,0.532062703551136,0.5156770469616838,
153,lh,1.1510834927943037,1.134737348641589,1.170249648114954,0.8900846957371563,1.1819740566554915,1.134737348641589,0.7972460531911746,0.8791855289358774,1.3366841652953818,1.028022324781367,0.6998301139772454,,0.9517643870890476,,
153,rh,1.0428364382249744,0.9786196020311456,1.04613917022095,0.6257230269667604,0.6734409388749061,0.9786196020311456,0.5586167608897059,1.0701419397247576,0.5252425892623522,0.7213618690174309,0.5864513394994525,0.5661235447648081,0.8062737741105714,,0.8077566578870307
160,lh,0.5600934940636404,0.510453630475602,,0.5980145221899804,1.285816860672262,0.510453630475602,0.5137727001064121,0.3811769778232189,0.5233607361888909,0.4816785344688626,0.418773728041695,,0.4210994261108536,,0.5374171765197017
160,rh,,1.0204370628295445,,1.0134841290943315,1.855867772441945,1.0204370628295445,0.8759085706900511,0.5400563952383501,0.6250864133707728,0.5052781355456143,0.6318888500278463,0.5806662469553969,0.7145567346868076,,
171,lh,,0.8096192663298726,,0.6164060793270194,0.7468577441467501,0.8096192663298726,0.644454464632612,0.7491655340308045,0.7316894918857875,0.5402234289512233,0.5957190023707963,0.6091816482303534,0.7308302519146725,0.692616362520569,0.6712783692326485
171,rh,0.4814908580703538,0.5582007963176846,0.5323588359596018,1.1694374375986574,2.746204944950361,0.5582007963176846,0.5187711837210374,0.7337997820199299,0.4814908580703538,0.9689652862364592,0.9282676354399568,0.5172808417780257,0.5006903657241317,,
176,lh,,0.5101143645064019,,0.7477889649258429,0.5325410820839199,0.5101143645064019,0.4655791240145637,0.4311691470618921,0.495001589593389,0.4017171708873188,0.3778001641811197,,0.4819948579297619,0.4023682791650593,
176,rh,0.4665962368241661,0.4863710247571811,,0.9086602833365648,0.7629468124058945,0.4863710247571811,0.4779671776134612,0.4650132918642332,0.4946165213986956,0.496195998276084,0.4794526800526452,0.4380494727552095,0.5045932166207432,0.4801149641795786,
178,lh,0.5082414835499357,0.5070286730345201,0.4240406547781778,0.6670209684797744,0.8861308170494206,0.5070286730345201,0.6401851374514343,0.459787798020167,0.6523338183678542,0.5605631859949356,0.6369842090817487,0.4683044968168608,0.4407357533006336,0.459787798020167,0.4256969065482874
178,rh,0.6764184842951131,0.799702742179669,0.7561909070049433,1.0918852891051056,0.7684011951138227,0.799702742179669,0.815344332509099,0.4813984873268396,0.7809735951857095,0.7697530829948918,0.6910640425589649,0.5422512398407324,0.7178843075769954,0.7968373041958501,0.7234983404083882
179,lh,0.4525980414631163,0.4352055281953654,0.430332185283505,0.6703188703948004,0.7055891489065289,0.4352055281953654,0.632721921161046,0.5244987286786595,0.5690291864782789,0.4352055281953654,0.5604749668114561,,0.4350427881055911,0.4285099468150184,
179,rh,,0.4454456990418088,0.4553140638688218,0.897957651650669,0.8992841105840377,0.4454456990418088,0.4119363338958945,0.4450936166711485,0.4092167668951504,0.4450936166711485,0.6273120391439777,0.51110282825508,0.4411306002734392,,
181,lh,0.5063872681120754,0.5475402534535645,,0.6515913818373706,0.7523130407288277,0.5475402534535645,0.5174207647310063,0.4942588851497531,0.4540238439676161,0.519082244903041,0.4986877665035604,,0.504995978420718,0.50056239088572,
181,rh,0.554433627889567,0.6193093857844995,,0.8919041351952726,0.7492789991794313,0.6193093857844995,0.4497733084092107,0.47285359528831,0.5376796100527279,0.7491396808087831,0.5283431217005594,0.4497733084092107,0.528707108188903,0.4906206956761287,
183,lh,,0.8581853508914475,0.9954218008037944,0.7457477728392652,0.8294909073343049,0.8581853508914475,0.5896424021265645,0.6304111560631871,0.7681250060082232,0.934859061821052,0.6245930884070123,0.5660584691418473,0.6656051229926019,0.7966444789968105,1.1153347969324785
183,rh,,0.9724230306909798,0.8443054444416466,0.8922432833321865,0.5073324845990406,0.9724230306909798,1.2566221739239825,0.7485805946174519,0.7928555703999107,0.9766815748287748,0.5061498822042866,0.5310073136172988,0.7778440054866387,0.8735414624388761,
184,lh,,1.098686120319487,,1.402706553599078,0.643166783983175,1.098686120319487,0.4670932083482121,0.4317199505668076,0.9208111880844244,0.944362567135396,0.4660984414118164,0.5123035736816292,0.9648708577729947,,0.5186475294544697
184,rh,,0.3984392360858912,0.3980816684512702,1.0699005725737396,0.7452853155373824,0.3984392360858912,0.4810780855518282,0.5002471879668474,0.478846676628337,0.4274062259469928,0.4768165743696192,,0.3778121017659713,,
185,lh,,0.7278033461778559,0.6888613820527909,0.5995755139984709,0.9976143313567702,0.7278033461778559,0.5801898347398147,0.6666346264781364,0.5524504410283032,0.5710391477752563,0.554862470862054,0.6676231250763244,0.6348952992258732,0.6936528416317933,
185,rh,,0.6673240194455384,0.681732691051469,0.8291508175574254,0.8890662199756185,0.6673240194455384,0.6055393719731487,0.5461668570835863,0.6298222134819518,0.6656681760968014,0.6423325518545158,0.6698130249847865,0.6106542028568862,0.6770173607877518,
187,lh,1.0578580646330482,0.6053558800043344,,0.6066626666113477,0.6062055638851924,0.6053558800043344,0.6368343182912728,0.5393790618345546,0.671448871917089,0.6350906262323017,0.4945687707928913,0.6005046826425748,0.6188946234906516,0.6300205008316806,0.6665840078135971
187,rh,1.4674334743708384,1.2514833820956062,1.5140146757992057,0.637575519634051,2.092119790722741,1.2514833820956062,0.8453253440559143,0.6580796074016183,0.8264807937627384,0.7479645952296168,0.625263694116686,,1.3657126433368751,1.0499571551284332,
189,lh,,0.4144634540506891,,0.7841905643651179,0.5037811246655501,0.4144634540506891,0.5574146219004008,0.4521019079725164,0.5581636412001717,0.3864486011069422,0.4530526406481442,0.5277926043689166,0.4533148995258664,0.4521019079725164,
189,rh,,0.6728671687754214,0.6390806393571629,0.6999938992529477,1.2007420492681191,0.6728671687754214,0.4803670199153463,0.579808019491119,0.4772325449532024,0.5928869642663261,0.5402187949920912,0.4512147791080458,0.5795318289354721,,
190,lh,,0.3960782656122953,0.4496240298307264,0.6254212936362532,1.0622845369518927,0.3960782656122953,0.5731392635135071,0.4273251005207027,1.5212182061945274,0.4926774926815718,0.4407046064650569,,0.4163809263191266,0.434855383026936,
190,rh,,0.5332410840718428,,0.9437841788300824,1.6612596763123046,0.5332410840718428,0.5663517575012147,0.6613994861249741,0.6809038264527095,0.4814660714442247,0.670611511697792,0.4892956217230783,0.4445887330863288,,
191,lh,0.4693732456986904,0.4698242217835923,0.4794125402758127,0.6001628400294788,0.4834297255546852,0.4698242217835923,0.4973887931251083,0.4527440648300773,0.5210392899116202,0.4698242217835923,0.482534932208264,0.4270330172269312,0.4709596301359698,0.4698242217835923,
191,rh,,0.7725366582687443,,0.5283133956024169,0.7158583550420673,0.7725366582687443,0.5649041913960127,0.7647977915415799,0.518780205049905,0.6475259135422028,0.5712118582883272,0.7135531838502094,0.7241103937549616,0.7816349127540441,
193,lh,1.5550350401428803,1.4264942873370976,1.711575134942155,0.9817910842213262,0.9123385279038856,1.4264942873370976,1.162679830908819,1.0213734544256048,1.02492378837737,0.7082642126104197,0.8707543573203209,,1.3008314181758576,1.2150356189933624,0.7583837812364964
193,rh,0.6423171159323109,0.6019852400257197,0.6465675978783345,0.7014609731475596,0.6068628818868631,0.6019852400257197,0.5756413219658768,0.5209031141849425,0.5498278745384734,0.5999530417551977,0.5464983093052875,0.4846044965732869,0.5620861768540795,0.6283648600381397,0.5756413219658768
194,lh,,0.4483237401788497,,2.1912973059541745,0.8479130518701194,0.4483237401788497,0.8526348664573336,0.4300261269060704,0.4583249029975428,0.5720145011669928,0.4328512519203943,,0.3952144570602378,0.4505382061915587,0.4563511181451956
194,rh,,0.5111778385651446,,1.8315995911026663,1.147059014314482,0.5111778385651446,0.7719517776261285,0.4080789426793852,0.6879246663984283,0.4080789426793852,0.5857934011591104,0.8301704763568456,0.5405727476368207,0.4372135024129017,
195,lh,,0.6241727868292151,,0.966528535463749,0.6553213843671895,0.6241727868292151,0.6698192005440196,0.5517672121374433,0.6461977082868913,0.6225211348373567,0.6469013216718599,,0.5885727875236012,0.6257567004929931,
195,rh,1.0290043171162404,0.9698709571517352,1.0547707228123189,0.7163128769199119,0.7407107354625699,0.9698709571517352,0.6606666676412865,1.0069909221097295,0.6059521235650049,1.0206398074459804,0.6390782519364793,0.5578329509457685,0.5595913413755697,,
196,lh,0.5585216209796033,0.5688904664050826,0.5599925453992424,0.8272697266627834,1.072323738290672,0.5688904664050826,0.6715836019325256,0.6658394214552164,0.6513297102517372,0.6258212322110677,0.6258488548926353,,,,0.5965117154761455
196,rh,0.5320835502175161,0.5287309919449588,0.5326567391160151,0.7531501068180202,1.1336806929655023,0.5287309919449588,0.5244198315506821,0.5035019359197351,0.9934043328179814,0.5903833718553517,0.8905663778598796,0.9132348574955071,0.5356121883735854,,0.5320835502175161
197,lh,,1.3389052703145845,,0.7025151806542591,0.8282007897279958,1.3389052703145845,0.6920998152563682,0.7479317290676761,0.7974792668175866,1.1281050392383154,0.7974792668175866,,0.7675450012833562,1.151863353283551,
197,rh,0.8406140917278951,0.8497911175975672,0.9344694266909956,0.6862440602967435,1.2416991016612406,0.8497911175975672,0.8245410407753617,0.6073940952617667,0.6039163299491739,0.842115059985949,0.6038344765996606,0.8390404959435774,0.9258592396230554,,0.90098567558516
200,lh,0.4454283658649401,0.4766604970453429,0.4821629262563724,0.8895400086054159,0.6340645268482352,0.4766604970453429,0.7151774819893031,0.4485022608860237,0.4444076719385179,0.4545533727803992,0.4554466275115599,1.082538699798531,0.4647577332385098,,
200,rh,,0.5803138283317264,,0.9136162593195232,0.8760177578634635,0.5803138283317264,0.7955458675300837,0.6878905314093732,0.5615009898458015,0.6053579501673952,0.5810031915710883,0.7471178943900856,0.5863030959009602,,
202,lh,,1.1578706760072677,,0.7385518436971146,1.1672956283519371,1.1578706760072677,0.570032993075423,0.6552341545742697,0.6788128360475487,0.549207256856646,0.6073760928814171,0.6892753422803807,0.7981527948388307,,
202,rh,,0.7822395190368046,,0.8060840252573385,0.6937803258212483,0.7822395190368046,0.8493844874868886,1.0576442062187048,0.6308521788087149,1.0610469880703506,0.6923501184034178,0.7416222489060034,0.7884058383646378,0.8048637320728229,
203,lh,,1.1370264206904113,,0.7101625450049003,0.782857704710537,1.1370264206904113,0.6542512279296511,1.3516514161470428,0.690595160964656,0.6422977285410976,0.8516033061417507,0.7934163755751888,0.8783065012991017,0.986491915169182,
203,rh,,0.516270818653229,0.5196933387288961,1.022753611760424,1.4439135477139389,0.516270818653229,0.4640687126387356,0.4804327384810077,0.527115318219957,0.4159661259496525,0.544644771960207,0.8984548608586334,0.4415037107070569,0.488546737207909,0.4928911316607462
205,lh,,0.4786146920574287,,0.5524738968358568,0.6660297712144794,0.4786146920574287,0.5574580761087065,0.5148268585221027,0.5304527735016035,0.5538950020374928,0.5710678640656535,0.5891271581245552,0.6062628023631029,0.5090355463965921,0.5087890601806314
205,rh,,0.3867603089088066,0.381899505385097,1.0355481481285975,3.7635023888871366,0.3867603089088066,0.63919564203231,0.4531617782801768,0.4655982815779216,0.6564893667854572,0.6096001669013964,,0.4053238617426115,0.4023501539242621,0.3994816758904326
206,lh,,0.7359358471903767,0.6654176725020758,0.4723059017415225,0.5043133162910239,0.7359358471903767,0.536027809027577,0.719407241702892,0.6251477399002758,0.6823963386442924,0.4564351343317367,,0.6702217875715587,0.6626607747899039,0.7359358471903767
206,rh,0.6317614818277911,0.7380175243878652,,0.6248807023969896,0.7309233337886145,0.7380175243878652,0.8670969266554293,0.4530320166836484,0.6190077791317269,0.5674056077235226,0.5531146062893231,,0.515704182723917,0.6424229293199035,
212,lh,0.5240411113279008,0.4881676757468632,,0.5527859151554434,0.99143798143693,0.4881676757468632,0.5070951431793334,0.4998323336931887,0.5094753697254037,0.5461909014724773,0.4890873100081724,0.5567984432106315,0.5584388110518361,0.4881297034838768,
212,rh,,0.4923517153113317,0.5007122321462955,0.7310520134173311,1.031452680586556,0.4923517153113317,0.4897800917807128,0.4357581519636019,0.472824214604832,0.4961045752080003,0.4718173833288412,0.5005518783455629,0.4993795023407589,,
215,lh,,0.7874256620280067,,0.6632328453048324,0.5681786007570568,0.7874256620280067,0.7053031282335003,0.757054990081621,0.4735863438784519,0.4749794829052037,0.6280639883161602,0.5142588572670272,0.6554710825116999,0.6543798072496441,0.5300810933156381
215,rh,,0.4881598621276792,0.4627952393813646,0.8491969455790553,1.9902400002828533,0.4881598621276792,0.4806614699219899,0.4390721533608535,0.5023256910131384,0.5081846171652632,0.5657798895110293,0.6207964036660779,0.4593694974563778,0.4593694974563778,0.4538189155431466
216,lh,0.5366806087062478,0.5062418650344552,0.5365440084216864,0.9596177809346732,0.8960713097550087,0.5062418650344552,0.5326560082701255,0.6235333132813731,0.5359887816622563,0.496114592314289,0.5444101424975945,,0.4739570827866259,0.5006092172257124,0.4279929132410892
216,rh,0.84273294247696,0.6851179213770741,,0.5455067042535986,0.776645624360272,0.6851179213770741,0.5393885956299829,0.601212595591454,0.6199988974524356,0.557131429481537,0.5529904939291379,,0.6875135074816192,,0.6406617009753574
217,lh,0.5378649332520461,0.5356904647444699,0.598562800253103,0.7143867118967597,0.8848888993620965,0.5356904647444699,0.4798373238408692,0.4900109111445743,0.4795290623215754,0.4936592729790311,0.5063932290385966,0.4926812753927879,0.536777698998258,0.5353709826086716,0.5593603352870689
217,rh,,0.5004160361730781,,1.646360119392619,1.8639878684915403,0.5004160361730781,0.7046876578272099,0.4942032697027391,0.6917787594312237,0.5032114049827117,0.6537331137387707,0.5890304139921939,0.4957667021054568,0.5285566024520932,0.5821150448139698
218,lh,,1.0383491541794203,,0.8038282170800186,0.7829110749248513,1.0383491541794203,0.7400584155107413,0.7756337507683237,0.9459081680488158,1.0510687679070334,0.839978718762727,0.7967483716497287,0.9324894433148828,1.0444345308891716,
218,rh,0.8140618865179895,0.6118601601343912,0.8140618865179895,0.7481922779490855,0.5501445676022929,0.6118601601343912,0.4432131223973286,0.508720863940586,0.5879045728749372,0.7968976594607512,0.5283031382911357,0.8806705949268909,0.767590785674335,0.8345141216462537,0.8345141216462537
223,lh,0.4238677953628711,0.3189156527462733,0.4278209308830201,0.8023306353933275,0.7272455012117905,0.3189156527462733,0.5840404163921332,0.5313524974680219,0.5191930541950139,0.4931078412852413,0.6066255856964703,0.5457805510960084,0.4166860819387212,0.420927196364982,
223,rh,0.6216539996450092,0.6502897603186119,0.6256155512945479,0.611984629780955,1.3156946912250045,0.6502897603186119,0.560958051142663,0.5838923149627777,0.6124612043633728,0.6111494174587955,0.6311223832410472,,0.6162240372607567,0.6201855889102954,
224,lh,,0.508821451191501,0.5216424799616937,0.7823733652071916,0.7731146521836905,0.508821451191501,0.520808357141848,0.506608237138747,0.6621028104073052,0.4840974266852826,0.5710088366882743,0.543954784654926,0.5442286182765684,0.5216424799616937,
224,rh,,0.6647893225281748,0.7753742973800901,1.1373131226737014,1.125975338920084,0.6647893225281748,0.6341280307302969,0.5926731536383574,0.5011508402626246,0.6089914856000749,0.7345067283041602,0.5522235838961636,,,
226,lh,0.7844178212221415,0.7945926154944843,0.7668331835313772,0.6144201517034018,0.6133183034155809,0.7945926154944843,0.65023358956216,0.8245506458681258,0.8180546451756064,0.6181301674708108,0.5673337701462888,0.8282480854913112,0.7696556844324505,0.7945111000984113,
226,rh,,1.0629428408524793,1.0883914416361862,0.8260515965871551,1.1850900884746955,1.0629428408524793,0.5779261081068059,1.0910735869571957,0.8248285819140878,0.926774393788554,0.9202196802273594,0.9740237053217272,1.0552076001476742,1.0844424960110892,
227,lh,0.9401447387962056,0.6612446955174909,,0.7364928026127677,0.5847246558754948,0.6612446955174909,0.6039378223525704,0.5438446181594612,0.6177661080023564,0.5998923626919395,0.5750360750777261,0.5538873381640022,0.6419172152622198,0.661490790233645,0.6852722463998576
227,rh,0.4541051980834357,0.4424700874108686,,0.63978722465191,1.1036392033862297,0.4424700874108686,0.4830481623663383,0.4902238668843053,0.4695030958349505,0.4487187453486223,0.5525183388419858,0.5030367473575312,0.4476102710819418,0.4421285216647669,
228,lh,0.5232090114678425,0.4861552725617936,,0.5324079401951818,1.5938254296555283,0.4861552725617936,0.5230210338763293,0.4861552725617936,0.5470119029787789,0.494161503414999,0.5513547033462853,0.5055544339194284,0.5127258430076604,0.4612700546105206,
228,rh,0.8238183574993149,0.7720060759379843,0.8232679573636856,0.7704803419187163,0.9254506222800372,0.7720060759379843,0.7389854645155501,0.6589308338248279,0.596995536307021,0.7268038105458527,0.6750144381922611,0.6634124603811458,0.6440638590416197,0.7662183323589814,
229,lh,,0.4494167870870524,,1.2295353412325245,0.8965036204595297,0.4494167870870524,1.1896091993052096,0.4658449206974365,0.4631252562589579,0.6085628635422988,0.5845842350130668,0.5520463416433348,0.459884296262786,,
229,rh,,0.3858060653307625,0.3949504730226637,0.9339660195890792,0.9407647697311848,0.3858060653307625,0.3911741497267925,0.4742036324794645,0.4795536387653777,0.4612890884565578,0.6005966843652675,0.4779152069349309,0.4114186250394062,0.4040948807145648,0.3914376424299244
230,lh,1.134751489094397,1.004127726239282,,0.5982053614429674,0.6626498523920656,1.004127726239282,0.7008565130837896,0.6073650704879126,1.1418405613534737,0.5750665970634752,0.6105392427851923,,0.9703999543047558,1.0029775997915689,
230,rh,,0.5202377383739936,,0.5226273707247706,0.9492515255870362,0.5202377383739936,0.4455998318691906,0.4980489654632462,0.5141552740783368,0.4835564711667728,0.4860556548355871,,,0.4334705980956287,0.4643001540763501
231,lh,,0.7912507008238177,,0.549264679696115,0.7895355982783526,0.7912507008238177,0.5903781055962973,0.5429728447565311,0.5165206819784494,0.5049582254030892,0.6312960856387503,,0.5704285904002486,0.6771393757559916,0.7109286271859825
231,rh,0.852724788224756,1.0689355796637816,,0.694362468001364,0.6054367285431144,1.0689355796637816,0.8140081520641088,0.7382781474927587,0.6805700037749153,0.9360315015357784,0.6395658812411419,,,0.8357061547759559,0.8599929403155007
233,lh,0.5860488342481345,0.5584974581799879,,0.5698343918890449,0.4813122082202694,0.5584974581799879,0.6281112843663238,0.7912390692868352,0.4602818673183027,0.5552418915508074,0.6629290588551142,,0.4883161997541144,0.5548320108647928,0.4943102553911527
233,rh,0.4289006898517876,0.4620325664217704,,1.5932718409801063,1.5780840878411662,0.4620325664217704,0.6705679920273215,0.4667266799020124,0.4898850220785078,0.4987860216665984,0.7218332413019712,0.5192688261578626,,,
234,lh,,0.6437384006255815,,1.9165268680905263,0.8640750246758082,0.6437384006255815,0.543002460410033,0.5294155321435163,0.5040744496170084,0.6554004874208338,0.4733050604641088,,0.5406274153959519,,
234,rh,,0.8805399680267635,0.9719982143909112,0.91259754366152,1.4010762807392914,0.8805399680267635,0.6188346306799899,0.5662046331420338,0.96369778030574,0.8692463171251622,0.6884931021534929,0.6182158773979051,0.8980116631722013,,
236,lh,0.6466252281728291,0.6466252281728291,,0.7895500373513106,0.6630771480213915,0.6466252281728291,0.6832188031311835,0.7029332807608492,0.7465854428117501,0.6573419009717303,0.6582890342680101,,0.6975580249707191,0.6828579143352311,
236,rh,,0.9931044117200424,,0.6097101646420856,0.6398142223126722,0.9931044117200424,0.7263759977785401,0.6150406876608383,0.7359787042447673,0.8051859307946794,0.6020855953331326,,0.970512239517788,,
237,lh,0.5662261759786175,0.5591951687256208,,0.7812889745658175,0.6353338240825275,0.5591951687256208,0.763227226717138,0.5776942298166101,0.4590298581296647,0.6338097871755746,0.6247498134453415,,0.5312980297743817,0.4953969774316573,
237,rh,,0.5420732890292674,0.7346398649261587,0.8851926045714882,0.7045772253576607,0.5420732890292674,0.7644329501906477,0.6732006244732194,0.7398614836317893,0.6682180130375757,0.7780869497112449,0.6515797035423468,0.5612046683754206,0.676841701638368,0.7472834523862885
240,lh,,0.4959139975757916,0.5029342021129357,0.6057364503408897,0.4887890846149837,0.4959139975757916,0.5829907668710083,0.5165759714699745,0.464774569679936,0.4723559209764649,0.4809527554739822,0.4578278514500664,0.5003784823895481,0.4896332970253702,0.508609948715252
240,rh,,0.4722030497971749,0.4731352102281855,1.0730073524326165,3.371996814478673,0.4722030497971749,0.4657661057999753,0.4742429595090198,0.8039947949601343,0.5284772018015561,0.4902825620259795,,0.4601428780847635,0.4962153913724005,0.3979462776235085
244,lh,1.0053315197030503,0.923338140289027,1.0198494807019745,0.5674784889794106,0.5990924842485414,0.923338140289027,0.8099410853415867,0.7101299241812855,0.5903179947407344,1.0032613923697005,0.8813114501823887,,0.7034308735602598,0.9875645309377604,0.959181910256567
244,rh,0.7429061308912926,0.677495862337685,0.7429061308912926,0.6075156522552425,0.8726150426183976,0.677495862337685,0.6504491442828013,0.4954685066619371,0.5026642909094262,0.6602198921750136,0.563279249593874,0.5364164544642567,0.5171701736116943,0.5247926657669655,0.5180516146581304
246,lh,0.6667034167198642,0.6869914626541329,0.6787094156695227,0.7320037928955041,0.9384920508290836,0.6869914626541329,0.6859033826813125,0.6143132314917314,0.8787846853246077,0.6412571273635983,0.582565224736511,,0.6787094156695227,0.6688131302260794,0.8077297200123138
246,rh,,0.6321162906332268,,1.1813836579264474,1.3727137961228006,0.6321162906332268,0.4705672877670656,0.8785567923223911,0.5051890489205515,0.5009512011847801,1.17771097861395,,0.5146133187924528,0.5051890489205515,
248,lh,0.6639420096450104,0.5485737776308472,,0.6475329323372441,0.6607280278933774,0.5485737776308472,0.4755016180789229,0.5987004821666969,0.7847180064896482,0.4997695420643213,0.5190967848684431,,0.5046739422629105,0.5175455974141381,
248,rh,,0.4671070559519983,,1.3401646384209105,1.8611286436055636,0.4671070559519983,0.8291479915125548,0.5932464322219544,0.5786586578198586,0.5811472550900157,0.5467951122159699,,,0.5722630218835489,
249,lh,,0.6228687781401661,0.6421025482256268,0.6021095286544687,0.6061068320381384,0.6228687781401661,0.5004690504963162,0.5202297560491622,0.5635383749129363,0.7015759382947444,0.4969211607428723,0.533607471292662,0.5330861378179997,,
249,rh,0.4139968236823936,0.4565366117932972,0.4637964473675244,0.8059344116410989,0.6504640917740515,0.4565366117932972,0.6157720149675137,0.4290748540242666,0.5498049910036418,0.3795225971847496,0.6079825986837508,0.503328413005175,,0.3662760662189951,0.4325640898355668
251,lh,1.1813023561200025,1.2719739011479527,1.2721559890331091,0.7680607001177737,0.7621479977278864,1.2719739011479527,0.759344093652533,1.0333107650472682,0.8417210460633947,0.871280055418048,0.7477445035737527,0.740395313867199,0.9840342573454522,0.9763047383845715,1.189964110144552
251,rh,,0.4705572517407625,,1.1905049281772542,0.5981187495512778,0.4705572517407625,0.797971428551733,0.5271783166546551,0.5199807077865601,0.4376560479171637,0.7793671216843121,0.8691481334984149,0.5024323221314629,0.3665733059534715,
252,lh,,0.8782149605727324,1.0260499324282146,0.5463225685133584,0.5629302165072443,0.8782149605727324,0.5416747742435502,0.6014669633586947,0.6187622495073866,0.5363307433971328,0.5424300235175943,0.5137256848741911,,0.7519505207899205,
252,rh,,0.5088630050622577,0.5088630050622577,0.7635827385631582,0.4529759685068581,0.5088630050622577,0.7337053459340883,0.4238772635625208,0.4590392873467906,0.4219076498165067,0.4544236746042866,0.4728131609147134,0.44701553668346,0.4538246031718073,
253,lh,0.984076710355212,1.053198495111719,,0.871188617377243,0.91895922475986,1.053198495111719,0.5824277086335148,0.8886194672398937,0.6276423128640519,0.891762424568852,0.6575087717552506,0.6682741702840873,0.8448445137219192,,
253,rh,0.4554682339895268,0.4459099946419131,,1.0314536254428537,1.149418594603897,0.4459099946419131,0.4876060100179352,0.4015377856459978,0.5080871503734519,,0.4725959923086408,0.5198115222875985,0.4488100971783986,,
254,lh,0.8077187762744384,0.8634432387154765,,0.9231184068409296,0.9355238319372216,0.8634432387154765,1.0994394871775248,0.7747302373404519,0.998222249985365,0.8854402352296165,0.9928622893891426,0.7566699735316357,0.8185852028742611,0.777855657439587,0.7566699735316357
254,rh,,0.4729473951875496,0.4836193799562028,0.9188851409250466,0.8907409558052477,0.4729473951875496,0.5377221118271949,0.5161626417466091,0.6664172977133203,0.4651202258261537,0.6000107605845788,0.5436584983900574,0.514763730749688,0.5017909760591666,0.506442546225853
255,lh,0.4813001177282781,0.423472059590211,0.4775382638876336,0.992492314935934,0.678202063596501,0.423472059590211,0.4938821176408305,0.4811713425783918,0.4949927040215737,0.4890293743914481,0.4691102703872872,0.4943406914634678,0.4535618250463684,0.4574997013693799,0.4949927040215737
255,rh,,0.5483286555675826,0.511676369933354,0.8591713218272632,0.5863595814491335,0.5483286555675826,0.6026620335425577,0.5685272048704711,0.6392851788485784,0.6148566814765175,0.6690762782763071,0.654790115288654,0.6319164075721613,0.5856555963666039,
257,lh,,0.5135703558877729,,0.7253004554796787,0.5253842922273366,0.5135703558877729,0.6165869686229069,0.5162181829520599,0.4812832681073835,0.4637497385477652,0.5632634320935717,,0.5177608327402399,0.5144165476509539,
257,rh,,0.6970586698832058,,0.7022628506984618,0.8564551616481466,0.6970586698832058,0.7700130755136025,0.5451261223007496,0.6933550637566792,0.5836393171915919,0.6403074977965768,0.6183353442354769,0.6788613887427889,0.7387278184289087,0.7012085741243723
258,lh,,0.6610965474413592,,0.9009902559875432,1.0812088304195615,0.6610965474413592,0.688898330286175,0.685973926510862,0.7381369387577235,,0.6256264959511307,0.4803262690054896,0.6697061220021185,0.6395981449256744,
258,rh,,0.9395143138073166,0.9312033529194323,0.5576665673381247,0.6844319034541413,0.9395143138073166,0.5143823646595822,0.7459397163065515,0.5921492367883154,,0.5702629215904758,0.947825274695201,0.9226151813120346,0.8865658172785349,
259,lh,0.5169005814376344,0.4684655726839815,,0.6114714970510963,0.7416777800636589,0.4684655726839815,0.5033629436338187,0.5037681026326866,0.4935089202670334,0.5133062769693691,0.6959326203988989,0.4835067287681271,0.4632187049821838,,0.4434869442506828
259,rh,0.6756276976197968,0.624746796184559,0.7977065365742788,1.02917637630605,1.4775608168895973,0.624746796184559,0.4842347806108249,0.5297767880884418,0.4997484072486715,0.4371232182851611,0.5124795362344372,0.5085245455352716,0.4754279391138011,0.495779595179407,
263,lh,,1.0522248732064878,1.0332397264908686,0.946970632964951,1.1867525750865229,1.0522248732064878,0.9613946134649992,0.7582372583365118,0.6838780968250326,0.998780871935812,0.7392045159159635,,,1.0788631722482127,0.980889204264612
263,rh,,0.6558509784594047,,0.8590346105229325,0.5758135462580874,0.6558509784594047,0.8384214324270493,,0.5837770310574144,,0.5338465102979025,0.6404070557706909,0.5781871442059334,0.6000279736202003,
265,lh,,0.5658590921327061,,0.6425121699265206,0.5898376049018561,0.5658590921327061,0.5408426694819083,0.5462557380898445,0.5451288108541126,0.4718789450146207,0.5605002268888504,0.4956114692164723,0.5769938617140471,0.5920341673388696,
265,rh,,1.0220207308582547,,0.9188443243499272,0.8924541786083517,1.0220207308582547,0.9096103098204062,0.7309348954894488,0.5667775323592199,1.048583268857619,0.6646781703534026,0.655542268465199,0.4593570590565565,1.157122792576366,
266,lh,0.5097325714831321,0.447983039868238,,0.8585515023805741,0.6968498788846398,0.447983039868238,0.7461311230812409,0.538830792922737,0.7200886362826054,0.4711342486617137,0.728708144100767,0.5296448188257246,0.447983039868238,0.5084069171407647,
266,rh,,0.4099359926391667,0.3692968090101484,1.342008453606655,1.3368839476451289,0.4099359926391667,0.6870471453983862,0.6358419629756641,0.7012907229535194,0.4367701875654074,0.6294273604675846,0.6373315270599718,0.5347187615360415,0.4524246024580585,0.3876795311473326
268,lh,,0.9689006180713646,,0.9309245157709009,0.96483903324873,0.9689006180713646,0.8495925691201436,0.8209509546193263,0.8883635180542382,1.0581185845743333,0.7197984059743523,0.8716812430080458,1.1607791733818096,1.155604956911788,
268,rh,,0.6216953736371034,,1.2527226263390503,0.8560663145470282,0.6216953736371034,0.9430333955963472,0.8269950567289457,0.7354377315244105,0.5839203745213151,0.7905810497206958,0.6042085487218516,0.657787261283878,0.6834254036910697,
269,lh,0.3793372693137442,0.4007767850439863,0.3791617931118478,0.6573127637369444,0.906345667356034,0.4007767850439863,0.836372989654894,0.4848373624537773,0.4669360019096001,0.4081518883221158,0.7254219577722891,1.5243316694957296,0.4242352227963377,0.4016150574362768,
269,rh,,1.6012312638854658,,1.0267191956045985,1.197661972938103,1.6012312638854658,0.9963035925596828,0.6919563937546295,0.9193147036332108,1.4075181443940534,0.8301647094691222,1.0031357497681417,1.4163384971911583,1.5141071130245218,
270,lh,0.6343023080979301,0.597233848756688,0.6948517034287764,1.1602376133092127,1.4503596115065829,0.597233848756688,1.0873133985261856,0.5450710259518221,1.0943852395083908,0.6311693277346527,0.9071251981423294,0.9076056104612552,0.6121901171730124,0.6408572498257427,0.6485858556603185
270,rh,0.4843691048398602,0.5033333773063153,0.5033333773063153,2.4413296268001337,1.2476179925569553,0.5033333773063153,1.070015242779058,0.5327546814142392,1.0631745489686382,0.5270203846719153,0.6308910530403397,,0.5039508732701606,0.5143419865465819,0.4843691048398602
272,lh,,0.4896311974099939,0.5007025936880994,0.6746696235001565,0.6949173175771812,0.4896311974099939,0.544106228334051,0.5030026539356252,0.4736853911029683,0.5271289059654419,0.5112036511609949,,0.4951120099809561,0.5498783771094174,0.5539307197528354
272,rh,0.6701220812407496,0.527526462487528,0.5335146637020618,0.8885724467574629,1.0530370653954533,0.527526462487528,1.6119380571221358,0.537402224345932,0.6059051297393746,0.5335146637020618,0.6313314970128088,0.5557407271418602,0.5472596394702528,0.5735089164622991,
273,lh,,0.4574218900924293,0.3617840563128683,1.180578127959922,0.6741930168458818,0.4574218900924293,0.7823186661762978,0.4333795559785018,0.5204610913945247,0.4355300149647441,0.4604659246759337,0.4740729990745694,0.4736437557038838,0.4115800428227075,
273,rh,,0.465057869617753,0.5683076825922233,1.7430316356212487,1.6623091410795374,0.465057869617753,0.7245444729864476,0.4719039701111526,0.6950695829131994,0.7117358402491694,0.495704915702852,,0.4911306346434446,,
274,lh,1.156985075212552,1.039151437908528,0.8357645006670003,0.8418408320200342,1.0675215344585087,1.039151437908528,0.7628522725537605,0.6974334448979815,0.9656277130824392,0.6435406353897983,0.9198419443463792,,0.7800508331383464,1.074596269940281,
274,rh,0.3581812347045389,0.4369709661240402,0.4326475058826525,1.085397715361831,1.006420426131991,0.4369709661240402,0.5027278937611688,0.9296942750205354,1.0102256100250235,0.4754547627383285,0.8498311293064427,,0.4830741567697146,0.4206268394286079,0.4933333531528453
275,lh,0.4557127256146346,0.5087918078699145,0.4331628358587155,0.9050324075287188,0.8400131592353659,0.5087918078699145,0.7293466145770966,0.4738972289659803,0.7114220723953382,0.4557127256146346,0.4714565178770765,0.6374571988513265,0.4714782419816617,0.4730815577282715,
275,rh,0.4545840993658244,0.5003449500550389,,0.6069085593092685,1.155843319310335,0.5003449500550389,0.5465688676039328,0.5797498644524652,1.0183385120105686,1.0822158014334766,0.6722209273918422,0.5272236808518135,0.5119701431506929,0.5270423534758956,
277,lh,0.4181631462814162,0.4334168752873185,0.4265998484190338,0.6573325298053947,0.6221384032041646,0.4334168752873185,0.4612005098758744,0.5826931676112412,0.4445890211229245,0.4444715619420646,0.4558855487229153,,0.4111835205441572,0.4332935962650945,0.4361391675827375
277,rh,0.3979388533489958,0.5247265612126606,0.4710924525651884,1.0478957039121806,1.0082510046652635,0.5247265612126606,0.9433363883467364,0.5678146362865837,0.5488875022891999,0.5436327314183175,0.5992695416489942,,0.509907751374904,0.4200869521361555,0.5647572596652956
278,lh,0.9807113031795222,0.9401919980390028,0.9526069642649232,0.9578408699785392,0.7389840995501717,0.9401919980390028,0.6331334082377629,0.9454839126262397,0.7005065435181881,0.6993110834766456,0.764363124905878,0.814766675368821,0.8552417919735473,0.9401919980390028,
278,rh,1.1358071374765155,1.0558836468119586,1.025631737219384,1.5616708956632217,0.6883211716134598,1.0558836468119586,0.5621783001021476,0.8826515257103944,1.0246198759053835,0.6972940279168186,0.7726631928703482,0.6779236897299115,0.9025547238639168,1.0117161628631088,
280,lh,0.6451012539541263,0.6401570514991339,,1.291274610950575,0.6281864867140837,0.6401570514991339,1.117664594493508,0.4920264106772607,0.4897462008184318,0.5478563228122528,0.5449096823402335,,0.5633890321224597,0.5731987045289613,0.6479640398413928
280,rh,,0.448548694611348,,0.8075141413877346,1.374815340169267,0.448548694611348,0.4533352320670436,0.6915837446979745,0.9307087971669528,0.6419175545232764,0.7572088943755214,,0.513227403558969,,
281,lh,,0.5279784026338797,0.482359182966468,0.5021487945215866,0.605980786969877,0.5279784026338797,0.5225925220146408,0.5042282782519241,0.475439246656583,0.5441193063259531,0.5747603751509043,0.4648843796835392,0.5314006261266202,0.4661962873015122,0.5053321727923384
281,rh,,0.4997845131794848,0.5493828422961922,0.5837747132526403,1.7336731385644764,0.4997845131794848,0.5681562761235186,0.5869691432069138,0.511877465677568,0.540520802298657,0.5001347804131796,,0.5175721319041053,0.5415123793651782,0.5483070871543744
282,lh,1.299466804457306,1.2377215269629025,1.2734989549901483,0.6654391495655427,0.7647584907173393,1.2377215269629025,0.7547662231780687,1.1539327798536283,0.6373165552412061,1.0773922275591492,0.6755090362821148,0.592098070479085,1.1547506912715,1.133436049051745,1.1152538425085077
282,rh,,0.4160239301884347,0.4461634896639674,0.8989470491372504,0.6748473451054393,0.4160239301884347,0.5990688409065821,0.403382841217637,0.7054020063780928,0.4277802008618604,0.5086009071324203,,0.4315819500913314,0.4351793459409852,0.4142959046322997
285,lh,,0.4650865942138994,0.4738690453629978,1.0341262442057166,0.6368821828744857,0.4650865942138994,0.5107578864722112,0.4966677549419862,0.5318088723810809,0.5453448050046399,0.6103602817544105,0.4948757462423344,0.4386956695451758,0.4979824281181553,0.466954334370439
285,rh,1.1869298874028718,0.7851046587400976,0.7912335564435178,1.336791267688456,1.2922071154369543,0.7851046587400976,0.5476953857014768,0.6124891286669139,1.0058108394441905,0.5024483547238995,0.5524962885776981,0.593647581151892,0.6739365064618483,0.8003833458827082,0.6371482673002911
286,lh,,0.4757158819287088,0.584979183357901,0.6247089326767532,0.5890780995763416,0.4757158819287088,0.5039063765070133,0.4757972515990181,0.481804045663975,0.5153310168790759,0.5138501302927427,0.4726463650139523,0.5030191766636462,0.5730341587524763,0.6275031329590346
286,rh,,0.5241970776547786,0.5383605810951745,1.7963353822278605,1.2453394107022893,0.5241970776547786,0.5577596148006371,0.4894949281413317,0.4917314979032682,0.5144259002063187,0.4965049157187909,0.5141730802104019,0.5281093428678519,0.5514970661901769,
287,lh,0.3530714227795468,0.3804408890237496,,0.9798029708020638,1.0773846269827354,0.3804408890237496,0.507916568250371,0.5205527853733474,0.5555411364049161,0.4137292476734432,0.515654365951427,0.4463196544282714,0.4382660249277418,0.4216671813647182,
287,rh,0.7761557831673557,0.916010492631516,0.8106197265179182,0.6054306581094249,0.6784466358164003,0.916010492631516,0.5975788730649514,0.8064283021277021,0.7778215154886566,0.6903752539487815,0.7507695040581358,0.5475346109987498,0.8750430616700284,0.8049705648367158,0.835112875292569
288,lh,0.4672485430939644,0.4377328921831978,,0.8096920305802353,0.8417769889592768,0.4377328921831978,0.9229106477193454,0.4811229019473405,0.5093894162611963,0.4972782238331326,0.5356476813293208,0.5849978830333524,0.5004628855024167,0.4792852321001031,
288,rh,0.6710710444991288,0.7242322588099537,0.4236639900440358,1.2847404554996729,1.238197487741044,0.7242322588099537,1.4494280309723573,,0.7541509797972157,1.0374543710825868,0.8661070681902947,1.4171744816769,0.6166605021891614,0.681103431311599,0.6613948676738561
290,lh,0.4435031521939578,0.5167478848794798,,0.5958337450473226,0.5194589246600774,0.5167478848794798,0.4758291239800279,1.1329089303774489,0.5774470228613189,0.4786980394157566,0.540313315959323,0.5678849866176291,,0.521546164133458,0.5146309165110643
290,rh,,0.5192185155387686,,1.3846126503531924,0.5598730762452504,0.5192185155387686,0.6146883611363784,0.8950224863107636,0.5452442505952512,0.5181625756369899,0.6419381511302666,0.93641313711293,0.564178091091972,0.5191462277123933,0.5530855021443979
291,lh,,0.4765209267838447,,0.5653328797368395,0.5357936585535126,0.4765209267838447,0.53257508879285,0.4417337951308596,0.5666134247088723,0.5718109465069874,0.5630894158016099,,0.4541976223080287,0.4797178166553277,
291,rh,0.7431500983422562,0.804907602616869,,0.5734346378073834,0.7610969450057561,0.804907602616869,0.6412041798077588,0.6440310090767466,0.6095402570698933,0.5968244125427633,0.5467727082481408,0.5806685151451664,0.6204921595375198,0.6581816980893,0.6204921595375198
292,lh,0.3621935926205675,,0.3596856236585942,1.2956994129193289,0.7164976623712108,,0.622411379356282,0.7727262821682597,0.5066849696405111,0.5724070574652946,0.710054263732169,,0.3950705249985117,0.4739417470768859,0.3771874059651781
292,rh,0.503893427930166,0.5206672037882059,0.4991461808630417,0.9200273381118236,1.1538053155286478,0.5206672037882059,1.255640839131133,0.4991461808630417,0.4470215914628923,0.4991461808630417,1.4116005825530205,0.474010370913478,0.4755222236692762,,0.5401569107348722
293,lh,,0.4528914858371903,,0.5668084141793264,0.5751807911451725,0.4528914858371903,0.4518600180869283,,0.4470065984611855,0.4368424206235027,0.4179185802337392,0.4169473997271888,0.4134727980625362,0.4611014046035184,0.4083955556859917
293,rh,,1.036440141877926,,0.7013399873467958,0.7100243903891679,1.036440141877926,0.5997719154897981,,0.7819592485607163,1.031863304699085,0.9192725711750712,,0.9951037439164938,1.036440141877926,
294,lh,0.8374363976216466,0.6560410900890838,0.6610259356753514,0.8381333367752188,0.6703554547987354,0.6560410900890838,0.6966160314854977,0.540408518890231,0.6530112521550178,0.6094092968411625,0.592377213717846,0.7078470853707532,0.666016989930525,0.666016989930525,0.6337520925396869
294,rh,0.3592643056569229,0.4444602518765052,,1.394744243037218,2.075813606961007,0.4444602518765052,1.659559238071462,0.456620081614656,0.6320001380867721,0.4093674280101299,0.7049609245743945,0.4978198589781436,0.4011403900561331,,0.3665167698473703
295,lh,1.024129893402654,0.7087738187111852,1.0529138324592249,0.6770211947227325,0.6613254250861939,0.7087738187111852,0.6503927446015603,0.958012223687223,0.5193995635340711,0.5754245340953803,0.4914925701895405,0.514670161233586,0.6608969196642283,1.0452621032737766,
295,rh,0.6484151594688115,0.8208957155566015,,1.3704065620006696,0.7222224172864791,0.8208957155566015,0.5384665904222561,,0.5870592258717369,,0.4964184081445447,0.5510336291931621,0.558686316149823,0.7748225318543631,
296,lh,0.4598165614467969,0.4924660627288214,,0.7521878823909285,0.8889503278670987,0.4924660627288214,0.6084796257969736,0.4999589895947665,0.5361820680353349,0.594082298500523,0.594082298500523,0.591390709261096,0.4965917684553133,0.4654532714733795,0.5055052515381817
296,rh,0.6632749122299479,0.6136240031300989,0.6182159873181614,1.054123384362618,1.3271283573785506,0.6136240031300989,0.4973394747767015,0.6738902187115303,0.6077544023829029,0.6987102899910802,0.5762979232070389,0.5387889008566502,0.559050489342328,,0.5966790570222857
297,lh,1.0910100694976466,1.1808693250745588,1.1371359857026953,0.6592686375484971,0.9921666776558352,1.1808693250745588,0.673734250773218,0.810521802263885,0.6606584004113517,0.723977152800638,0.7318677199886404,,0.9528853284672884,,1.1850167331066457
297,rh,0.7868414301137734,0.7324690238008278,0.7892259479197286,0.7077416531049796,1.185396932822902,0.7324690238008278,1.3604000790513868,0.6693979859241794,0.7813310469561122,0.6060069538212185,0.6064711496981541,0.6612335129366667,,0.7971362115392377,0.7813310469561122
299,lh,0.3983230093384963,,,0.6136599171238508,1.0104873719276315,,0.480785948258802,0.5914190850217329,0.4635771843585469,0.8285603238039809,0.5915836071447007,,0.4577625368476968,0.4250985750910033,0.4504794893975711
299,rh,,0.6870458878777939,1.0228523913262977,0.7501164414997691,0.93503431736806,0.6870458878777939,0.529801288143914,0.6788797196359722,0.6892140688271913,0.5957164808944716,0.6507564757096032,0.6698535805365224,0.6884551006142737,0.684832041730441,0.54399986099981
301,lh,0.4382651443877881,0.4576891003281089,,0.620310759434505,0.619511415347405,0.4576891003281089,0.511862260447058,0.4948078078139734,0.5067195659761735,0.4417915701975105,0.5154947820872058,0.479777732455277,0.4464850082830279,0.4639830183980334,
301,rh,0.5530458285665123,0.6471371893342471,,0.7483897742856133,0.5700654403373617,0.6471371893342471,0.7429011970904142,0.5189159292894634,0.6683719916539224,0.5552361014609135,0.7356951010871087,,,0.6426409430637734,
303,lh,0.4217035302656287,0.3965315871705457,0.4094711304404378,0.84502564757863,0.5827523188282921,0.3965315871705457,0.5810195371130611,0.4809340382049297,0.4892033522572901,0.3897729069810897,0.7414223790582499,0.7428363493123724,0.4077667880595268,0.4094711304404378,0.4112283163513232
303,rh,1.4194164116604493,1.3770111910225418,1.3834039439936836,1.166200293465743,0.7810724138767106,1.3770111910225418,0.8527581826756953,1.2384241687209556,0.8841987196471136,1.3669228047607425,0.8682882845038042,,1.4457247946003904,,1.0553562620446155
304,lh,,0.5603302176031889,0.5110694996632263,0.8971957219730997,1.3464901814089454,0.5603302176031889,0.4379779229171858,0.7180375365696746,0.4459379801742527,0.4512328303958857,0.5303531221221951,0.5552571322389683,0.4532630544069457,0.4756587222337635,0.4750713781611079
304,rh,0.5339681468346041,0.6379491032266811,0.6196111931808483,0.7474007970119008,0.6836561973450395,0.6379491032266811,0.5879416809283284,0.6121449217666562,0.8019082146130748,0.6309772729800093,0.6525234727148903,,0.682886211598582,0.5925710674227908,0.6722630530945218
308,lh,0.6849201547346114,0.6552855986705994,0.6261532045331202,0.7363111994520595,0.6230328307827665,0.6552855986705994,0.4732463528911776,0.4654575660973677,0.4707332783970019,0.489218352304389,0.5033512939532799,0.4921174178494324,0.4878461447619077,0.6929749583034196,0.5583929783592263
308,rh,0.7549807746978002,0.6936971674801738,0.7549807746978002,0.8513371695168155,1.0384307852668524,0.6936971674801738,0.5777612083988022,0.638792291103791,0.5679813836793897,0.7336081408027961,0.5810355236743169,0.638792291103791,0.481144888162566,0.7682966157559441,0.7657993400024229
