,sub,species,hemi,label,vertices,total_surface_area_(mm^2),total_gray_matter_volume_(mm^3),cortical_thickness_mean,cortical_thickness_std,rectified_mean_curvature,rectified_Gaussian_curvature,folding_index,intrinsic_curvature_index,sulcal_depth_mean,sulcal_depth_max,sulcal_pct_max_depth_mean,max_path_length,thickness_max_depth,sulcal_pct_max_thickness_mean,max_path_length_fusiform,label_mean_thickness_pct_max
0,h1_100206,human,lh,CoS,1115.0,807.0,1669.0,2.399,0.532,0.113,0.017,6.0,1.0,0.6493362784385681,1.1618093252182007,0.34830325841903687,36.30428056090204,2.672605514526367,0.479886531829834,66.36853516904256,0.479886531829834
0,h1_100206,human,lh,MFS,371.0,279.0,970.0,3.336,0.522,0.13,0.025,2.0,0.5,-0.01786305010318756,0.44819754362106323,-0.00958172045648098,25.829169654237194,2.8623504638671875,0.6672952771186829,66.36853516904256,0.6672952771186829
0,h1_100206,human,lh,OTS,1496.0,1037.0,2410.0,2.799,0.516,0.117,0.022,10.0,1.4,0.46951592,1.167013,0.25184783,discontinuous,2.0939803,0.5598347,66.36853516904256,0.5598347
0,h1_100206,human,rh,CoS,1109.0,796.0,1553.0,2.277,0.334,0.094,0.015,4.0,0.8,0.7038146257400513,1.3291462659835815,0.30983877182006836,45.444336684849446,1.9279100894927979,0.45532703399658203,115.1728506256172,0.45532703399658203
0,h1_100206,human,rh,MFS,276.0,213.0,633.0,2.958,0.599,0.099,0.022,1.0,0.2,0.11813519150018692,0.38517722487449646,0.052006397396326065,27.673411984110462,3.154397487640381,0.5916836261749268,115.1728506256172,0.5916836261749268
0,h1_100206,human,rh,OTS,1397.0,1001.0,2295.0,2.523,0.454,0.11,0.019,7.0,1.2,0.2696346938610077,0.7847720384597778,0.11870069801807404,45.38563131296418,2.444169044494629,0.5046576261520386,115.1728506256172,0.5046576261520386
0,h2_100307,human,lh,CoS,1091.0,772.0,1779.0,2.606,0.39,0.099,0.017,4.0,0.8,0.7010260820388794,1.0952041149139404,0.3849240243434906,44.26322665631538,2.4107208251953125,0.5211566686630249,62.89067839705967,0.5211566686630249
0,h2_100307,human,lh,MFS,498.0,368.0,1114.0,3.292,0.606,0.118,0.02,3.0,0.5,0.1431487649679184,0.3920721113681793,0.07860107719898224,24.753366985029906,2.41664981842041,0.6583772301673889,62.89067839705967,0.6583772301673889
0,h2_100307,human,lh,OTS,1433.0,1004.0,2484.0,2.725,0.537,0.099,0.016,7.0,1.1,0.4873962998390198,1.1792610883712769,0.26762276887893677,54.78497266270326,2.7866039276123047,0.5450704097747803,62.89067839705967,0.5450704097747803
0,h2_100307,human,rh,CoS,918.0,637.0,1469.0,2.581,0.437,0.092,0.012,4.0,0.5,0.5100038647651672,1.0861380100250244,0.2784007489681244,43.728082333243954,2.0270092487335205,0.5161494612693787,83.41775064574746,0.5161494612693787
0,h2_100307,human,rh,MFS,51.0,44.0,161.0,2.988,0.237,0.131,0.021,0.0,0.1,-0.03528037667274475,0.0690341666340828,-0.01925884187221527,9.403744225898649,3.1552586555480957,0.5976495146751404,83.41775064574746,0.5976495146751404
0,h2_100307,human,rh,OTS,1716.0,1189.0,2920.0,2.865,0.474,0.103,0.017,8.0,1.4,0.467096209526062,1.0436091423034668,0.25497838854789734,63.378546436665516,2.5613818168640137,0.5730707049369812,83.41775064574746,0.5730707049369812
0,h3_100408,human,lh,CoS,1100.0,807.0,1809.0,2.534,0.395,0.098,0.016,5.0,0.8,0.5870031714439392,1.0910526514053345,0.30091097950935364,46.26289163805906,2.1237382888793945,0.5067200064659119,75.61961932763175,0.5067200064659119
0,h3_100408,human,lh,MFS,154.0,127.0,504.0,3.612,0.646,0.123,0.027,1.0,0.2,0.0072144209407269955,0.22484345734119415,0.0036982730962336063,20.545454999851245,4.440075874328613,0.7223130464553833,75.61961932763175,0.7223130464553833
0,h3_100408,human,lh,OTS,1777.0,1295.0,3290.0,2.728,0.537,0.109,0.017,9.0,1.4,0.3210947811603546,0.8993778228759766,0.16460037231445312,55.82203562876656,2.3574209213256836,0.5455151796340942,75.61961932763175,0.5455151796340942
0,h3_100408,human,rh,CoS,1187.0,849.0,1785.0,2.41,0.363,0.092,0.013,5.0,0.7,0.6040014624595642,1.1175711154937744,0.31413590908050537,45.86372354544902,2.39467191696167,0.4819009304046631,89.03680482616521,0.4819009304046631
0,h3_100408,human,rh,MFS,482.0,359.0,1118.0,3.039,0.672,0.122,0.024,3.0,0.5,-0.019345730543136597,0.2756843566894531,-0.010061546228826046,30.986309896561906,1.7510234117507935,0.6077788472175598,89.03680482616521,0.6077788472175598
0,h3_100408,human,rh,OTS,1175.0,839.0,1958.0,2.647,0.392,0.106,0.021,5.0,1.1,0.49291160702705383,1.0474262237548828,0.2563590407371521,46.30805195557757,2.4287166595458984,0.5294532179832458,89.03680482616521,0.5294532179832458
0,h4_100610,human,lh,CoS,1085.0,770.0,2016.0,2.793,0.612,0.097,0.013,5.0,0.6,0.5360206365585327,1.0969468355178833,0.3109530806541443,59.80658859580137,2.7535626888275146,0.5585598945617676,69.86262174209108,0.5585598945617676
0,h4_100610,human,lh,MFS,310.0,232.0,679.0,3.05,0.3,0.117,0.015,2.0,0.3,0.02872839942574501,0.22127634286880493,0.0166657492518425,30.65051042954895,2.6893162727355957,0.6100503206253052,69.86262174209108,0.6100503206253052
0,h4_100610,human,lh,OTS,2079.0,1462.0,3765.0,2.86,0.541,0.1,0.015,9.0,1.4,0.4570518136024475,1.3209518194198608,0.26514217257499695,66.87484674915476,2.2958316802978516,0.5720027089118958,69.86262174209108,0.5720027089118958
0,h4_100610,human,rh,CoS,1105.0,792.0,1910.0,2.652,0.502,0.104,0.015,6.0,0.6,0.4781782925128937,1.0549840927124023,0.24016010761260986,54.865120977959435,3.0031397342681885,0.5304046869277954,84.11007413259355,0.5304046869277954
0,h4_100610,human,rh,MFS,242.0,181.0,553.0,3.284,0.399,0.125,0.021,1.0,0.3,0.1203167513012886,0.4659464359283447,0.060427840799093246,28.548079932711317,3.038212299346924,0.6567448377609253,84.11007413259355,0.6567448377609253
0,h4_100610,human,rh,OTS,1622.0,1177.0,2647.0,2.488,0.463,0.101,0.012,9.0,0.9,0.47297579050064087,0.9654096961021423,0.23754717409610748,81.71194715177268,2.2291040420532227,0.4976315498352051,84.11007413259355,0.4976315498352051
0,h5_101006,human,lh,CoS,1248.0,870.0,1744.0,2.328,0.37,0.109,0.015,7.0,0.9,0.6182206273078918,1.195142388343811,0.35233673453330994,60.18236986339308,1.8862495422363281,0.4655604660511017,53.78265787583838,0.4655604660511017
0,h5_101006,human,lh,MFS,409.0,304.0,838.0,2.988,0.323,0.12,0.017,3.0,0.3,0.04315096512436867,0.26099324226379395,0.024592628702521324,34.50799172015626,3.2032971382141113,0.5975184440612793,53.78265787583838,0.5975184440612793
0,h5_101006,human,lh,OTS,696.0,514.0,1257.0,2.864,0.457,0.127,0.017,5.0,0.6,0.294454425573349,0.949507474899292,0.167815700173378,28.773017771686362,3.3415067195892334,0.5727916359901428,53.78265787583838,0.5727916359901428
0,h5_101006,human,rh,CoS,1199.0,840.0,1710.0,2.293,0.568,0.11,0.016,8.0,0.8,0.6279178857803345,1.2130495309829712,0.33581334352493286,56.08230105944591,1.3742473125457764,0.45851191878318787,49.4733680311162,0.45851191878318787
0,h5_101006,human,rh,MFS,337.0,242.0,770.0,3.044,0.263,0.126,0.021,2.0,0.4,-0.09546947479248047,0.1373267024755478,-0.05105750262737274,33.68191316360444,3.4280295372009277,0.6087468266487122,49.4733680311162,0.6087468266487122
0,h5_101006,human,rh,OTS,544.0,400.0,1118.0,3.041,0.437,0.124,0.021,4.0,0.5,0.10423704981803894,0.6436218023300171,0.055746451020240784,38.431657469025666,2.927849769592285,0.6082618236541748,49.4733680311162,0.6082618236541748
0,h6_101107,human,lh,CoS,699.0,496.0,1263.0,2.881,0.669,0.099,0.012,3.0,0.4,0.3994901180267334,0.8117647767066956,0.22755271196365356,34.63846545622329,2.6983590126037598,0.5762391686439514,59.6448434734467,0.5762391686439514
0,h6_101107,human,lh,MFS,754.0,544.0,1381.0,2.719,0.485,0.109,0.016,4.0,0.6,0.44608840346336365,1.1232514381408691,0.25409549474716187,45.41280080160127,2.465712785720825,0.5437624454498291,59.6448434734467,0.5437624454498291
0,h6_101107,human,lh,OTS,838.0,622.0,1604.0,2.797,0.433,0.094,0.013,3.0,0.5,0.3190734386444092,0.8514917492866516,0.18174675107002258,41.97535050179088,2.6258997917175293,0.5593859553337097,59.6448434734467,0.5593859553337097
0,h6_101107,human,rh,CoS,973.0,680.0,1557.0,2.616,0.52,0.095,0.012,4.0,0.5,0.6068805456161499,1.0131675004959106,0.3447627127170563,45.468059831919525,2.634242534637451,0.5232425928115845,76.05290088786278,0.5232425928115845
0,h6_101107,human,rh,MFS,559.0,388.0,951.0,2.821,0.465,0.1,0.012,3.0,0.3,0.291907399892807,0.6340622305870056,0.16582965850830078,29.403436429783333,2.8468329906463623,0.5642445683479309,76.05290088786278,0.5642445683479309
0,h6_101107,human,rh,OTS,1189.0,856.0,2088.0,2.726,0.505,0.096,0.013,5.0,0.7,0.2666724920272827,0.9039494395256042,0.15149396657943726,62.694611296061865,2.6858737468719482,0.5451443791389465,76.05290088786278,0.5451443791389465
0,h7_101309,human,lh,CoS,1529.0,1101.0,2221.0,2.345,0.336,0.104,0.016,8.0,1.2,0.6859248876571655,1.3921326398849487,0.3411400318145752,51.50544880409433,2.3133578300476074,0.4689728319644928,55.4391779084295,0.4689728319644928
0,h7_101309,human,lh,MFS,650.0,469.0,1293.0,2.991,0.447,0.138,0.068,29.0,2.8,0.04357833042740822,0.3725309669971466,0.021673385053873062,47.63428166407651,2.838876247406006,0.5982703566551208,55.4391779084295,0.5982703566551208
0,h7_101309,human,lh,OTS,1151.0,832.0,2090.0,2.842,0.425,0.112,0.018,6.0,1.0,0.4196350872516632,1.2117292881011963,0.20870263874530792,46.4286455470954,3.2903754711151123,0.5684147477149963,55.4391779084295,0.5684147477149963
0,h7_101309,human,rh,CoS,1532.0,1104.0,2331.0,2.413,0.404,0.102,0.019,7.0,1.3,0.6364933252334595,1.3039661645889282,0.344846248626709,52.37968929324492,2.7664685249328613,0.48250633478164673,67.63601582490247,0.48250633478164673
0,h7_101309,human,rh,MFS,139.0,107.0,354.0,3.323,0.266,0.127,0.035,1.0,0.2,-0.08307543396949768,0.16826288402080536,-0.04500950872898102,14.002695149607034,3.2941203117370605,0.6646731495857239,67.63601582490247,0.6646731495857239
0,h7_101309,human,rh,OTS,721.0,520.0,1222.0,2.688,0.444,0.112,0.019,4.0,0.5,0.14632922410964966,0.6634100079536438,0.0792798325419426,35.75200804067389,2.2862300872802734,0.5376177430152893,67.63601582490247,0.5376177430152893
0,h8_101410,human,lh,CoS,1366.0,978.0,2256.0,2.562,0.443,0.104,0.019,6.0,1.1,0.5747849345207214,1.198210597038269,0.30945703387260437,56.01561800297378,2.1548044681549072,0.5123464465141296,70.55022450085869,0.5123464465141296
0,h8_101410,human,lh,MFS,476.0,355.0,1142.0,3.454,0.488,0.121,0.02,3.0,0.4,-0.03450872749090195,0.29487836360931396,-0.018579069525003433,40.97075341188883,3.753399133682251,0.6908650398254395,70.55022450085869,0.6908650398254395
0,h8_101410,human,lh,OTS,1714.0,1228.0,3096.0,2.792,0.518,0.099,0.018,7.0,1.3,0.5692196488380432,1.5782986879348755,0.30646076798439026,62.577569718566316,2.3679351806640625,0.5583619475364685,70.55022450085869,0.5583619475364685
0,h8_101410,human,rh,CoS,1231.0,885.0,1712.0,2.204,0.573,0.108,0.014,9.0,0.8,0.4550108015537262,1.0702056884765625,0.21999767422676086,59.753432030494466,2.5908851623535156,0.44076430797576904,93.74794031415036,0.44076430797576904
0,h8_101410,human,rh,MFS,461.0,322.0,953.0,3.271,0.676,0.106,0.018,3.0,0.4,0.0642426460981369,0.265102356672287,0.031061308458447456,44.402630756286115,3.5513484477996826,0.6541194915771484,93.74794031415036,0.6541194915771484
0,h8_101410,human,rh,OTS,1565.0,1103.0,2642.0,2.735,0.471,0.103,0.018,8.0,1.2,0.5473406314849854,1.3132905960083008,0.26463913917541504,57.409236292429334,2.7357630729675293,0.5469698309898376,93.74794031415036,0.5469698309898376
0,h9_101915,human,lh,CoS,1186.0,893.0,2074.0,2.63,0.419,0.099,0.014,5.0,0.7,0.5728323459625244,1.093543529510498,0.31781691312789917,51.700268431466874,2.1575677394866943,0.5259779691696167,88.75109894757401,0.5259779691696167
0,h9_101915,human,lh,MFS,516.0,376.0,1054.0,3.158,0.513,0.118,0.02,3.0,0.4,0.06893343478441238,0.4409017860889435,0.038245417177677155,33.574463632176695,2.531080484390259,0.6316348314285278,88.75109894757401,0.6316348314285278
0,h9_101915,human,lh,OTS,1320.0,968.0,2373.0,2.746,0.536,0.119,0.018,9.0,1.2,0.38891687989234924,0.9443548321723938,0.21577759087085724,42.51536324446374,3.6361136436462402,0.5491937398910522,88.75109894757401,0.5491937398910522
0,h9_101915,human,rh,CoS,1329.0,961.0,2216.0,2.624,0.493,0.089,0.008,6.0,0.5,0.49874991178512573,1.0991989374160767,0.2699686884880066,60.302642560103465,2.644388437271118,0.5247858166694641,90.27133282155603,0.5247858166694641
0,h9_101915,human,rh,MFS,568.0,433.0,1266.0,3.295,0.486,0.115,0.016,3.0,0.4,0.06569776684045792,0.3839724361896515,0.035561587661504745,43.31554656405548,3.4719834327697754,0.6590279340744019,90.27133282155603,0.6590279340744019
0,h9_101915,human,rh,OTS,872.0,628.0,1518.0,2.862,0.407,0.106,0.013,5.0,0.6,0.4695518910884857,0.9737714529037476,0.25416406989097595,47.74205790493316,2.604464054107666,0.5723687410354614,90.27133282155603,0.5723687410354614
0,h10_102008,human,lh,CoS,1300.0,938.0,2273.0,2.757,0.45,0.109,0.02,23.0,1.2,0.6339735984802246,1.2793586254119873,0.3403831720352173,59.09693565672835,1.8673324584960938,0.551351010799408,75.65721610958572,0.551351010799408
0,h10_102008,human,lh,MFS,322.0,225.0,682.0,3.263,0.548,0.105,0.016,2.0,0.2,-0.07581166923046112,0.19602787494659424,-0.040703609585762024,31.1860601309808,3.329108953475952,0.652536153793335,75.65721610958572,0.652536153793335
0,h10_102008,human,lh,OTS,1538.0,1074.0,2629.0,2.882,0.556,0.118,0.023,9.0,1.6,0.3854592442512512,1.0980297327041626,0.20695477724075317,57.35962408808906,2.7657222747802734,0.5764952898025513,75.65721610958572,0.5764952898025513
0,h10_102008,human,rh,CoS,1711.0,1207.0,2732.0,2.612,0.57,0.099,0.018,8.0,1.4,0.5449628829956055,1.1696864366531372,0.279978483915329,67.65254286336096,2.4272046089172363,0.5224207639694214,82.78941562099163,0.5224207639694214
0,h10_102008,human,rh,MFS,860.0,612.0,1668.0,3.072,0.583,0.122,0.022,6.0,1.0,0.0552518256008625,0.4407877027988434,0.028386009857058525,30.592293244671655,2.342986583709717,0.6143137216567993,82.78941562099163,0.6143137216567993
0,h10_102008,human,rh,OTS,1590.0,1106.0,2507.0,2.665,0.522,0.102,0.015,8.0,1.1,0.47107231616973877,1.2202601432800293,0.24201667308807373,73.84028189899101,2.9516639709472656,0.5329399704933167,82.78941562099163,0.5329399704933167
0,h11_102311,human,lh,CoS,1375.0,1015.0,2189.0,2.374,0.38,0.103,0.017,6.0,1.1,0.5761206746101379,1.152829647064209,0.29716241359710693,51.01193410909095,2.0943312644958496,0.4747287929058075,86.74422480845487,0.4747287929058075
0,h11_102311,human,lh,MFS,347.0,248.0,767.0,3.241,0.372,0.103,0.019,2.0,0.3,0.1309432089328766,0.35419267416000366,0.06754037737846375,26.38098135968484,3.3368420600891113,0.6482514142990112,86.74422480845487,0.6482514142990112
0,h11_102311,human,lh,OTS,922.0,697.0,1758.0,2.786,0.657,0.115,0.021,5.0,0.9,0.2982436716556549,1.1664133071899414,0.1538337767124176,29.607751490127303,2.2673864364624023,0.5571649074554443,86.74422480845487,0.5571649074554443
0,h11_102311,human,rh,CoS,980.0,702.0,1575.0,2.513,0.407,0.095,0.013,5.0,0.6,0.48749053478240967,1.0628923177719116,0.25707805156707764,40.65541929477892,2.7243785858154297,0.5025767683982849,60.18802817743038,0.5025767683982849
0,h11_102311,human,rh,MFS,246.0,189.0,580.0,3.323,0.368,0.122,0.023,1.0,0.3,0.16174127161502838,0.370201051235199,0.08529423177242279,22.993926633597912,3.291961908340454,0.6646633744239807,60.18802817743038,0.6646633744239807
0,h11_102311,human,rh,OTS,844.0,623.0,1711.0,2.895,0.504,0.107,0.018,4.0,0.7,0.31584426760673523,0.796413779258728,0.16656044125556946,43.322066683518464,2.5678153038024902,0.5789105296134949,60.18802817743038,0.5789105296134949
0,h12_102513,human,lh,CoS,1276.0,923.0,2399.0,2.992,0.443,0.099,0.015,5.0,0.9,0.5092483162879944,1.0512721538543701,0.2785639762878418,58.58337970638783,2.5498909950256348,0.5984174013137817,82.75629291608516,0.5984174013137817
0,h12_102513,human,lh,MFS,398.0,287.0,791.0,3.213,0.366,0.118,0.018,2.0,0.3,-0.029159963130950928,0.2163073718547821,-0.015950791537761688,32.49925319626694,3.404529094696045,0.6426439881324768,82.75629291608516,0.6426439881324768
0,h12_102513,human,lh,OTS,1016.0,737.0,1946.0,2.956,0.453,0.122,0.021,6.0,1.1,0.38117629289627075,1.259966492652893,0.20850726962089539,40.37530341341692,3.5529801845550537,0.5912846922874451,82.75629291608516,0.5912846922874451
0,h12_102513,human,rh,CoS,1114.0,803.0,1828.0,2.748,0.417,0.088,0.011,4.0,0.6,0.6770355701446533,1.1764867305755615,0.37015020847320557,43.22058060496951,2.136660575866699,0.5495074987411499,87.85536997351589,0.5495074987411499
0,h12_102513,human,rh,MFS,419.0,290.0,905.0,3.266,0.43,0.1,0.013,2.0,0.3,0.1097319945693016,0.35219815373420715,0.05999288707971573,33.17638076203991,2.504701614379883,0.6532993316650391,87.85536997351589,0.6532993316650391
0,h12_102513,human,rh,OTS,1351.0,964.0,2414.0,2.882,0.452,0.099,0.015,6.0,0.8,0.36947375535964966,1.1358166933059692,0.20199942588806152,52.81592669126063,2.2509350776672363,0.5763776302337646,87.85536997351589,0.5763776302337646
0,h13_102816,human,lh,CoS,918.0,691.0,1573.0,2.549,0.531,0.118,0.022,5.0,0.9,0.5945660471916199,1.1798280477523804,0.30106422305107117,47.01117499260181,3.2168407440185547,0.5097421407699585,66.7819306556824,0.5097421407699585
0,h13_102816,human,lh,MFS,355.0,258.0,838.0,3.317,0.366,0.125,0.033,4.0,0.6,-0.09719318151473999,0.1499188393354416,-0.04921469837427139,35.62127040103164,3.7048020362854004,0.663452684879303,66.7819306556824,0.663452684879303
0,h13_102816,human,lh,OTS,1194.0,821.0,2044.0,2.727,0.43,0.111,0.023,8.0,1.1,0.372361958026886,1.198697805404663,0.18854904174804688,47.46084125524487,2.911724328994751,0.5453979969024658,66.7819306556824,0.5453979969024658
0,h13_102816,human,rh,CoS,1102.0,784.0,1601.0,2.422,0.425,0.106,0.016,6.0,0.8,0.5941737294197083,1.1553022861480713,0.29721981287002563,53.80473077669976,1.9688358306884766,0.48448848724365234,71.04447990678752,0.48448848724365234
0,h13_102816,human,rh,MFS,220.0,167.0,477.0,2.592,0.426,0.105,0.02,1.0,0.2,-0.004205296281725168,0.24580621719360352,-0.002103586681187153,27.988661533618526,1.9584784507751465,0.5183394551277161,71.04447990678752,0.5183394551277161
0,h13_102816,human,rh,OTS,672.0,490.0,1218.0,2.74,0.506,0.111,0.021,3.0,0.6,0.29842743277549744,0.9646698236465454,0.14928051829338074,41.72100793972989,2.194422721862793,0.5480464696884155,71.04447990678752,0.5480464696884155
0,h14_103111,human,lh,CoS,996.0,762.0,1838.0,2.578,0.413,0.099,0.015,4.0,0.7,0.6431065797805786,1.1185179948806763,0.37777233123779297,48.07430463390042,2.513669967651367,0.5156835317611694,78.08126604127506,0.5156835317611694
0,h14_103111,human,lh,MFS,465.0,347.0,1016.0,3.24,0.497,0.113,0.017,2.0,0.4,0.04364386945962906,0.26247265934944153,0.02563718892633915,40.465573084530995,3.1872787475585938,0.6479382514953613,78.08126604127506,0.6479382514953613
0,h14_103111,human,lh,OTS,1786.0,1272.0,3149.0,2.672,0.439,0.094,0.017,7.0,1.2,0.41423553228378296,1.0203039646148682,0.24332936108112335,66.09929440196461,2.2724597454071045,0.5344765782356262,78.08126604127506,0.5344765782356262
0,h14_103111,human,rh,CoS,1255.0,936.0,1960.0,2.506,0.351,0.101,0.015,6.0,0.9,0.6380807757377625,1.121893048286438,0.3550902009010315,53.86574308520974,1.9793336391448975,0.5012616515159607,68.74309883394984,0.5012616515159607
0,h14_103111,human,rh,MFS,319.0,226.0,721.0,3.084,0.479,0.095,0.02,1.0,0.3,-0.040165748447179794,0.16917572915554047,-0.022352131083607674,25.359548036381426,2.553658962249756,0.6168064475059509,68.74309883394984,0.6168064475059509
0,h14_103111,human,rh,OTS,1094.0,764.0,1883.0,2.843,0.414,0.097,0.015,5.0,0.7,0.37262091040611267,0.9059948325157166,0.20736253261566162,42.14789635164772,2.9192585945129395,0.5685195326805115,68.74309883394984,0.5685195326805115
0,h15_103414,human,lh,CoS,1131.0,821.0,1825.0,2.592,0.327,0.108,0.021,6.0,0.9,0.6707225441932678,1.4184836149215698,0.37808436155319214,56.36434411773236,3.02545166015625,0.5184676051139832,75.36090563790837,0.5184676051139832
0,h15_103414,human,lh,MFS,315.0,224.0,602.0,3.108,0.385,0.12,0.02,2.0,0.3,-0.04377524554729462,0.1947895586490631,-0.02467598021030426,29.171441876217877,3.1840567588806152,0.6216530799865723,75.36090563790837,0.6216530799865723
0,h15_103414,human,lh,OTS,1394.0,985.0,2252.0,2.776,0.447,0.113,0.021,8.0,1.3,0.4603389799594879,1.1447850465774536,0.2594917118549347,49.454497350481034,3.159088134765625,0.5552026033401489,75.36090563790837,0.5552026033401489
0,h15_103414,human,rh,CoS,1217.0,858.0,1905.0,2.529,0.383,0.099,0.018,5.0,0.9,0.6024230122566223,1.1318533420562744,0.3086463510990143,50.89626839169607,1.871443748474121,0.5058175325393677,83.93052634077472,0.5058175325393677
0,h15_103414,human,rh,MFS,465.0,334.0,1034.0,3.165,0.472,0.105,0.017,2.0,0.3,0.026875106617808342,0.2695102393627167,0.013769233599305153,46.80875349369556,2.51145601272583,0.6330628395080566,83.93052634077472,0.6330628395080566
0,h15_103414,human,rh,OTS,1229.0,872.0,2081.0,2.673,0.429,0.102,0.02,5.0,1.0,0.40671154856681824,1.0364429950714111,0.2083752453327179,54.228403471597375,1.9680356979370117,0.5346565246582031,83.93052634077472,0.5346565246582031
0,h16_103515,human,lh,CoS,1082.0,783.0,1742.0,2.617,0.37,0.104,0.019,5.0,0.9,0.46788346767425537,1.188632845878601,0.247502863407135,48.051814976720124,2.551734447479248,0.5234124660491943,72.19981268396928,0.5234124660491943
0,h16_103515,human,lh,MFS,135.0,104.0,374.0,3.027,0.316,0.091,0.015,0.0,0.1,-0.14519710838794708,0.14608797430992126,-0.07680694013834,22.649693013937124,3.006290912628174,0.6054388880729675,72.19981268396928,0.6054388880729675
0,h16_103515,human,lh,OTS,1272.0,902.0,2195.0,2.729,0.388,0.113,0.023,7.0,1.2,0.4400634765625,1.2053639888763428,0.23278652131557465,43.904124382883815,2.907411813735962,0.5457325577735901,72.19981268396928,0.5457325577735901
0,h16_103515,human,rh,CoS,1047.0,768.0,1739.0,2.66,0.467,0.116,0.022,6.0,1.1,0.49660471081733704,1.0928287506103516,0.27627891302108765,48.12988019705183,2.4496965408325195,0.5319875478744507,80.68656970833808,0.5319875478744507
0,h16_103515,human,rh,MFS,273.0,193.0,633.0,3.009,0.441,0.088,0.016,1.0,0.2,-0.15441931784152985,0.042353808879852295,-0.08590897917747498,24.048206111320685,2.569232940673828,0.6017309427261353,80.68656970833808,0.6017309427261353
0,h16_103515,human,rh,OTS,1477.0,1025.0,2590.0,2.768,0.466,0.104,0.019,6.0,1.4,0.4558994770050049,1.214594841003418,0.25363314151763916,42.96838932012263,2.6439120769500732,0.5536470413208008,80.68656970833808,0.5536470413208008
0,h17_103818,human,lh,CoS,1410.0,1035.0,2559.0,2.829,0.677,0.114,0.019,8.0,1.2,0.5159152746200562,1.1173360347747803,0.2742449939250946,68.48308446380008,2.2694480419158936,0.5657363533973694,51.74026557363911,0.5657363533973694
0,h17_103818,human,lh,MFS,286.0,215.0,672.0,3.516,0.325,0.135,0.017,2.0,0.3,0.17957356572151184,0.46209707856178284,0.09545587748289108,30.955280626827975,3.8506972789764404,0.7031043767929077,51.74026557363911,0.7031043767929077
0,h17_103818,human,lh,OTS,1179.0,861.0,2025.0,2.688,0.38,0.112,0.019,6.0,1.1,0.27478906512260437,0.9948546290397644,0.14606957137584686,51.36780548547294,2.4834814071655273,0.537579357624054,51.74026557363911,0.537579357624054
0,h17_103818,human,rh,CoS,1161.0,812.0,1972.0,2.644,0.606,0.102,0.015,6.0,0.8,0.5027726292610168,1.0955524444580078,0.27153000235557556,53.81861154911471,2.076427698135376,0.5287096500396729,56.11015784375448,0.5287096500396729
0,h17_103818,human,rh,MFS,318.0,241.0,659.0,3.247,0.3,0.12,0.025,2.0,0.3,0.3171533942222595,0.6554636359214783,0.1712835282087326,21.077032523201535,3.3669824600219727,0.6493078470230103,56.11015784375448,0.6493078470230103
0,h17_103818,human,rh,OTS,657.0,479.0,1233.0,2.966,0.461,0.114,0.016,4.0,0.5,0.2555607557296753,0.6837002038955688,0.13801945745944977,35.64800479522033,2.595811128616333,0.5931536555290222,56.11015784375448,0.5931536555290222
0,h18_104416,human,lh,CoS,1173.0,848.0,1931.0,2.477,0.386,0.095,0.015,4.0,0.8,0.6817346811294556,1.3309705257415771,0.3592075705528259,41.49284174798126,1.8938212394714355,0.4953550398349762,71.09344589029632,0.4953550398349762
0,h18_104416,human,lh,MFS,332.0,270.0,825.0,3.05,0.416,0.122,0.028,2.0,0.3,0.01390200387686491,0.31511572003364563,0.0073249973356723785,36.09100362705368,2.1579298973083496,0.6099390983581543,71.09344589029632,0.6099390983581543
0,h18_104416,human,lh,OTS,736.0,528.0,1250.0,2.741,0.445,0.123,0.02,5.0,0.6,0.16228057444095612,0.6417362093925476,0.08550600707530975,44.90399189469327,2.221102476119995,0.5481472611427307,71.09344589029632,0.5481472611427307
0,h18_104416,human,rh,CoS,1423.0,1042.0,2337.0,2.599,0.612,0.114,0.018,8.0,1.2,0.6688393950462341,1.1787902116775513,0.3470016121864319,52.6731919460815,2.7471060752868652,0.5198632478713989,72.82495204163149,0.5198632478713989
0,h18_104416,human,rh,MFS,613.0,443.0,1249.0,3.232,0.472,0.131,0.021,5.0,0.6,-0.0022813850082457066,0.3009508550167084,-0.0011836093617603183,44.60387772911822,3.8175559043884277,0.646392822265625,72.82495204163149,0.646392822265625
0,h18_104416,human,rh,OTS,1020.0,732.0,1770.0,2.646,0.586,0.116,0.017,7.0,0.8,0.17648883163928986,0.7994963526725769,0.09156445413827896,28.568113074306275,2.232793092727661,0.5292839407920837,72.82495204163149,0.5292839407920837
0,h19_104820,human,lh,CoS,898.0,635.0,1393.0,2.444,0.718,0.109,0.019,5.0,0.7,0.431386262178421,1.0637153387069702,0.24569709599018097,44.83448497036264,2.6526479721069336,0.4888099730014801,64.99354587610446,0.4888099730014801
0,h19_104820,human,lh,MFS,334.0,255.0,674.0,2.971,0.498,0.133,0.022,2.0,0.3,0.22579029202461243,0.4769231975078583,0.12859942018985748,25.095510451874908,1.9610378742218018,0.5942694544792175,64.99354587610446,0.5942694544792175
0,h19_104820,human,lh,OTS,603.0,443.0,1020.0,2.469,0.411,0.12,0.023,4.0,0.6,0.07550577819347382,0.6208744049072266,0.04300449788570404,83.08843151608794,2.5354652404785156,0.49379226565361023,64.99354587610446,0.49379226565361023
0,h19_104820,human,rh,CoS,838.0,591.0,1278.0,2.403,0.612,0.112,0.02,5.0,0.8,0.479658842086792,0.8947483897209167,0.2692086696624756,44.762957433620855,2.2151308059692383,0.48056304454803467,57.41708808076774,0.48056304454803467
0,h19_104820,human,rh,MFS,519.0,367.0,822.0,2.523,0.41,0.117,0.019,3.0,0.4,0.20000429451465607,0.5502577424049377,0.11225248873233795,36.8411352872465,2.7928318977355957,0.5045989155769348,57.41708808076774,0.5045989155769348
0,h19_104820,human,rh,OTS,914.0,651.0,1525.0,2.543,0.341,0.102,0.016,4.0,0.7,0.2488337904214859,0.9759042263031006,0.13965804874897003,42.9359340483831,1.4752576351165771,0.5086901187896729,57.41708808076774,0.5086901187896729
0,h20_105014,human,lh,CoS,1206.0,873.0,1920.0,2.501,0.442,0.092,0.016,5.0,0.7,0.6481308341026306,1.2859392166137695,0.3176957964897156,50.295505109696464,2.6353182792663574,0.5002080798149109,60.343113624596754,0.5002080798149109
0,h20_105014,human,lh,MFS,401.0,281.0,781.0,3.097,0.461,0.108,0.014,2.0,0.3,-0.04732232913374901,0.19860030710697174,-0.02319609373807907,33.17919186206014,3.304659128189087,0.6194605827331543,60.343113624596754,0.6194605827331543
0,h20_105014,human,lh,OTS,1610.0,1127.0,2766.0,2.853,0.628,0.113,0.02,9.0,1.5,0.5454965233802795,1.3692272901535034,0.2673873007297516,37.12117424365172,2.3400535583496094,0.5705360770225525,60.343113624596754,0.5705360770225525
0,h20_105014,human,rh,CoS,1333.0,939.0,2026.0,2.661,0.491,0.102,0.013,7.0,0.7,0.7211665511131287,1.2442647218704224,0.3825835585594177,52.261267545214984,2.3887295722961426,0.5321024060249329,82.19731875523692,0.5321024060249329
0,h20_105014,human,rh,MFS,386.0,283.0,937.0,3.482,0.483,0.099,0.016,1.0,0.3,-0.0014858455397188663,0.27611246705055237,-0.0007882494828663766,29.28120748262429,3.2359066009521484,0.6963921785354614,82.19731875523692,0.6963921785354614
0,h20_105014,human,rh,OTS,839.0,612.0,1518.0,2.907,0.474,0.114,0.017,5.0,0.7,0.4151191711425781,0.9766067862510681,0.22022339701652527,32.81682261849004,2.772481918334961,0.5813888907432556,82.19731875523692,0.5813888907432556
0,h21_105115,human,lh,CoS,1101.0,824.0,1928.0,2.575,0.486,0.103,0.014,6.0,0.6,0.4807848334312439,1.084688425064087,0.26579800248146057,55.83840436859231,1.973076581954956,0.5149609446525574,54.420007783429426,0.5149609446525574
0,h21_105115,human,lh,MFS,379.0,299.0,825.0,2.835,0.387,0.132,0.02,3.0,0.4,0.07411681115627289,0.33888643980026245,0.040974877774715424,37.30524198156496,2.1735801696777344,0.5670837759971619,54.420007783429426,0.5670837759971619
0,h21_105115,human,lh,OTS,867.0,635.0,1443.0,2.506,0.323,0.105,0.014,4.0,0.6,0.3830123543739319,0.9218298196792603,0.2117452770471573,42.694338527857276,2.426344633102417,0.5012245178222656,54.420007783429426,0.5012245178222656
0,h21_105115,human,rh,CoS,1440.0,1047.0,2240.0,2.378,0.356,0.093,0.012,6.0,0.8,0.5964911580085754,1.2137409448623657,0.3095329999923706,48.47672023082658,2.432413101196289,0.47559890151023865,65.67755877432084,0.47559890151023865
0,h21_105115,human,rh,MFS,172.0,130.0,423.0,3.295,0.801,0.124,0.023,2.0,0.2,0.13960224390029907,0.6565167307853699,0.07244282215833664,16.807503080375497,3.102247476577759,0.6589030623435974,65.67755877432084,0.6589030623435974
0,h21_105115,human,rh,OTS,679.0,497.0,1256.0,2.798,0.55,0.117,0.024,3.0,0.7,0.4031856656074524,0.8072566986083984,0.20922231674194336,33.519646374202615,2.9359629154205322,0.5595600008964539,65.67755877432084,0.5595600008964539
0,h22_105216,human,lh,CoS,1853.0,1351.0,3327.0,2.68,0.414,0.105,0.016,8.0,1.4,0.5684796571731567,1.2201014757156372,0.30432313680648804,61.90776613630463,2.2481629848480225,0.536012589931488,77.37292064016475,0.536012589931488
0,h22_105216,human,lh,MFS,512.0,370.0,896.0,2.759,0.35,0.118,0.019,3.0,0.5,0.312802791595459,0.626215398311615,0.16745209693908691,23.720438746564426,2.5416934490203857,0.5518547892570496,77.37292064016475,0.5518547892570496
0,h22_105216,human,lh,OTS,794.0,596.0,1535.0,2.923,0.421,0.117,0.016,5.0,0.6,0.10007082670927048,0.5545637011528015,0.053570717573165894,49.49212050595625,2.8575856685638428,0.5845394134521484,77.37292064016475,0.5845394134521484
0,h22_105216,human,rh,CoS,921.0,667.0,1699.0,2.829,0.419,0.104,0.019,4.0,0.8,0.5423666834831238,1.2893366813659668,0.29296332597732544,44.108422355684525,1.7543865442276,0.5657720565795898,73.46376628426202,0.5657720565795898
0,h22_105216,human,rh,MFS,81.0,62.0,222.0,3.373,0.216,0.111,0.02,0.0,0.1,-0.19059163331985474,0.09144852310419083,-0.10294946283102036,10.490971554198577,3.4343421459198,0.6746876835823059,73.46376628426202,0.6746876835823059
0,h22_105216,human,rh,OTS,1275.0,893.0,2324.0,2.859,0.427,0.102,0.019,6.0,0.9,0.24765007197856903,0.9465634822845459,0.13376998901367188,47.193971006573335,2.07493257522583,0.5718429088592529,73.46376628426202,0.5718429088592529
0,h23_105620,human,lh,CoS,972.0,716.0,1640.0,2.655,0.53,0.111,0.02,5.0,0.9,0.48877203464508057,1.0770360231399536,0.2674684226512909,34.962392537563034,2.3079490661621094,0.5309532880783081,54.02276451978005,0.5309532880783081
0,h23_105620,human,lh,MFS,176.0,133.0,458.0,3.007,0.423,0.125,0.022,1.0,0.2,-0.16436229646205902,0.1219736784696579,-0.08994320780038834,22.831752546915133,3.694117307662964,0.6014308333396912,54.02276451978005,0.6014308333396912
0,h23_105620,human,lh,OTS,989.0,711.0,1744.0,2.691,0.344,0.122,0.024,6.0,1.1,0.34835085272789,0.8798142075538635,0.19062639772891998,42.83649406166505,2.866342067718506,0.5382065176963806,54.02276451978005,0.5382065176963806
0,h23_105620,human,rh,CoS,947.0,686.0,1558.0,2.519,0.529,0.094,0.012,4.0,0.6,0.6742669939994812,1.1195411682128906,0.37063151597976685,39.026353414006216,2.214354991912842,0.5038695931434631,65.79084869539992,0.5038695931434631
0,h23_105620,human,rh,MFS,489.0,355.0,1025.0,3.071,0.64,0.125,0.021,3.0,0.5,0.1438101828098297,0.5043632388114929,0.07904966920614243,33.06762381602205,1.988845705986023,0.6142823100090027,65.79084869539992,0.6142823100090027
0,h23_105620,human,rh,OTS,1064.0,768.0,1728.0,2.561,0.532,0.105,0.019,6.0,0.8,0.3546237051486969,0.9181122779846191,0.19492976367473602,48.86607428238223,2.420943260192871,0.512155294418335,65.79084869539992,0.512155294418335
0,h24_105923,human,lh,CoS,1297.0,911.0,1994.0,2.496,0.49,0.103,0.016,7.0,0.9,0.5455085635185242,1.1145986318588257,0.2987219989299774,56.82543130015833,2.4638633728027344,0.4991706311702728,73.27091322246578,0.4991706311702728
0,h24_105923,human,lh,MFS,86.0,71.0,233.0,3.262,0.532,0.126,0.022,0.0,0.1,-0.018690340220928192,0.14141309261322021,-0.01023488212376833,11.19761570152458,3.888853073120117,0.6524232029914856,73.27091322246578,0.6524232029914856
0,h24_105923,human,lh,OTS,623.0,444.0,1044.0,2.635,0.559,0.106,0.014,4.0,0.4,0.29330506920814514,0.7348331212997437,0.16061466932296753,36.83364630666724,2.19258975982666,0.5269169211387634,73.27091322246578,0.5269169211387634
0,h24_105923,human,rh,CoS,1015.0,721.0,1624.0,2.66,0.493,0.098,0.014,5.0,0.6,0.6382132768630981,1.1432855129241943,0.35799628496170044,41.972922883237764,2.373077630996704,0.5320367217063904,78.35779368952211,0.5320367217063904
0,h24_105923,human,rh,MFS,459.0,333.0,920.0,2.962,0.445,0.118,0.016,3.0,0.4,0.14724275469779968,0.5449047088623047,0.082593634724617,42.482245636781,3.093848705291748,0.5924505591392517,78.35779368952211,0.5924505591392517
0,h24_105923,human,rh,OTS,876.0,617.0,1343.0,2.419,0.319,0.089,0.014,3.0,0.5,0.41692593693733215,0.9013787508010864,0.23386839032173157,37.999723022501726,1.7848176956176758,0.48373880982398987,78.35779368952211,0.48373880982398987
0,h25_106319,human,lh,CoS,1391.0,996.0,2397.0,2.59,0.515,0.105,0.018,7.0,1.0,0.5033596754074097,1.1405527591705322,0.2797146439552307,57.18540934423072,2.4717941284179688,0.5179991722106934,69.92768634928183,0.5179991722106934
0,h25_106319,human,lh,MFS,405.0,288.0,758.0,2.806,0.367,0.106,0.02,2.0,0.3,0.11418319493532181,0.545818030834198,0.06345108151435852,31.073244951273995,2.279146432876587,0.5612038969993591,69.92768634928183,0.5612038969993591
0,h25_106319,human,lh,OTS,1467.0,1049.0,2663.0,2.856,0.465,0.11,0.017,8.0,1.1,0.4251282215118408,1.3291218280792236,0.23624181747436523,64.4111912605957,2.952789783477783,0.571278989315033,69.92768634928183,0.571278989315033
0,h25_106319,human,rh,CoS,1256.0,904.0,2077.0,2.609,0.443,0.101,0.015,6.0,0.8,0.5636624097824097,1.1638009548187256,0.29621851444244385,56.69237669782966,2.5349204540252686,0.5218612551689148,62.520224900661475,0.5218612551689148
0,h25_106319,human,rh,MFS,218.0,159.0,524.0,3.295,0.385,0.135,0.023,2.0,0.3,-0.05745697394013405,0.20110450685024261,-0.030195055529475212,29.12349681726428,3.3961429595947266,0.6589900255203247,62.520224900661475,0.6589900255203247
0,h25_106319,human,rh,OTS,1285.0,922.0,2079.0,2.611,0.393,0.108,0.02,6.0,1.1,0.41402411460876465,0.9403728246688843,0.2175798863172531,52.484937344257155,2.1501355171203613,0.5222667455673218,62.520224900661475,0.5222667455673218
0,h26_106521,human,lh,CoS,1188.0,865.0,2057.0,2.608,0.583,0.105,0.02,6.0,1.0,0.577785313129425,1.2156046628952026,0.3101275861263275,53.19876468464476,2.0415520668029785,0.5215872526168823,63.753240813007224,0.5215872526168823
0,h26_106521,human,lh,MFS,387.0,297.0,735.0,2.837,0.434,0.13,0.026,3.0,0.5,0.09274846315383911,0.412095844745636,0.049782946705818176,27.38430051986817,2.2813243865966797,0.567350447177887,63.753240813007224,0.567350447177887
0,h26_106521,human,lh,OTS,1054.0,762.0,1747.0,2.574,0.474,0.125,0.021,8.0,1.2,0.3190051019191742,0.8316059708595276,0.17122672498226166,57.70208761737627,1.9779531955718994,0.5147145390510559,63.753240813007224,0.5147145390510559
0,h26_106521,human,rh,CoS,1043.0,733.0,1472.0,2.286,0.433,0.099,0.015,5.0,0.8,0.6200254559516907,1.1749000549316406,0.33255070447921753,40.884584859196366,2.293557643890381,0.4571884274482727,53.43444267962275,0.4571884274482727
0,h26_106521,human,rh,MFS,509.0,371.0,907.0,2.764,0.638,0.126,0.02,3.0,0.5,0.4585936665534973,0.8324697017669678,0.24596677720546722,30.18025314686141,3.0984139442443848,0.552864134311676,53.43444267962275,0.552864134311676
0,h26_106521,human,rh,OTS,1006.0,717.0,1773.0,2.563,0.47,0.118,0.024,6.0,1.1,0.2766422927379608,0.8169804215431213,0.14837713539600372,49.136011237630136,2.144178867340088,0.5125787258148193,53.43444267962275,0.5125787258148193
0,h27_107018,human,lh,CoS,1265.0,927.0,2040.0,2.412,0.463,0.086,0.011,5.0,0.6,0.5854910612106323,1.183080792427063,0.31090959906578064,50.78512202404397,1.713806390762329,0.4824387729167938,67.80967206702873,0.4824387729167938
0,h27_107018,human,lh,MFS,361.0,270.0,707.0,2.965,0.556,0.116,0.015,2.0,0.2,0.2109420895576477,0.5982611775398254,0.11201523244380951,31.025005126685215,2.695870876312256,0.5930435657501221,67.80967206702873,0.5930435657501221
0,h27_107018,human,lh,OTS,1266.0,909.0,2147.0,2.606,0.445,0.117,0.019,7.0,1.2,0.41778168082237244,0.9709025025367737,0.22185198962688446,31.260202704188142,2.2335171699523926,0.5212624669075012,67.80967206702873,0.5212624669075012
0,h27_107018,human,rh,CoS,995.0,743.0,1552.0,2.249,0.39,0.093,0.013,4.0,0.6,0.5688881278038025,1.1128125190734863,0.2819526791572571,38.54488345247607,1.5945806503295898,0.44977766275405884,70.22822582930552,0.44977766275405884
0,h27_107018,human,rh,MFS,320.0,247.0,616.0,2.932,0.438,0.138,0.018,3.0,0.3,0.08441890776157379,0.366168737411499,0.04183973744511604,27.69616478386248,3.1102635860443115,0.5864390134811401,70.22822582930552,0.5864390134811401
0,h27_107018,human,rh,OTS,668.0,485.0,1376.0,3.179,0.418,0.114,0.024,3.0,0.6,0.09009159356355667,0.7974486947059631,0.04465123638510704,26.145267267174468,3.225010395050049,0.6358991861343384,70.22822582930552,0.6358991861343384
0,h28_107220,human,lh,CoS,1287.0,936.0,2210.0,2.601,0.345,0.099,0.015,5.0,0.9,0.6040955781936646,1.195296049118042,0.3367970585823059,49.707461603090294,1.8873212337493896,0.52016282081604,74.42002385801561,0.52016282081604
0,h28_107220,human,lh,MFS,154.0,119.0,408.0,2.897,0.383,0.094,0.014,0.0,0.1,-0.06102124601602554,0.17109321057796478,-0.03402073308825493,43.520525456605306,3.167999744415283,0.5794110894203186,74.42002385801561,0.5794110894203186
0,h28_107220,human,lh,OTS,1192.0,874.0,2204.0,2.793,0.359,0.104,0.016,5.0,0.9,0.2613864243030548,0.7297443747520447,0.1457289159297943,38.76602864107273,3.0398640632629395,0.558662474155426,74.42002385801561,0.558662474155426
0,h28_107220,human,rh,CoS,1334.0,949.0,2161.0,2.611,0.429,0.095,0.014,6.0,0.8,0.6434497237205505,1.2796096801757812,0.3516150116920471,50.572025208249954,2.19242000579834,0.5222042798995972,93.75968130468993,0.5222042798995972
0,h28_107220,human,rh,MFS,155.0,122.0,391.0,2.878,0.397,0.102,0.017,0.0,0.2,-0.06790249049663544,0.11878880858421326,-0.03710551559925079,11.136218469483214,3.3098831176757812,0.5755725502967834,93.75968130468993,0.5755725502967834
0,h28_107220,human,rh,OTS,881.0,614.0,1633.0,3.194,0.373,0.108,0.02,4.0,0.8,0.29848843812942505,0.6570829749107361,0.1631099134683609,39.80266842607948,2.863048791885376,0.6388190388679504,93.75968130468993,0.6388190388679504
0,h29_107321,human,lh,CoS,1078.0,770.0,1818.0,2.614,0.617,0.11,0.017,6.0,0.8,0.546421229839325,1.0504332780838013,0.2765434980392456,57.18448299727578,1.6416184902191162,0.5228675007820129,56.88997204702333,0.5228675007820129
0,h29_107321,human,lh,MFS,280.0,205.0,617.0,3.056,0.477,0.115,0.02,2.0,0.2,-0.07607924193143845,0.18750596046447754,-0.03850366547703743,28.76617904942481,3.673858165740967,0.6111248135566711,56.88997204702333,0.6111248135566711
0,h29_107321,human,lh,OTS,1301.0,932.0,2116.0,2.642,0.433,0.123,0.023,9.0,1.4,0.6386185884475708,1.4110543727874756,0.32320451736450195,41.626186913142305,2.400801420211792,0.5284005999565125,56.88997204702333,0.5284005999565125
0,h29_107321,human,rh,CoS,1383.0,964.0,2195.0,2.565,0.671,0.103,0.018,7.0,1.1,0.5584345459938049,1.0813097953796387,0.27190032601356506,58.159696015567604,2.5463643074035645,0.5130496621131897,73.92492021800788,0.5130496621131897
0,h29_107321,human,rh,MFS,298.0,224.0,633.0,3.005,0.587,0.113,0.027,1.0,0.3,0.18052078783512115,0.6886651515960693,0.08789509534835815,34.014474816512305,3.027906894683838,0.6010043621063232,73.92492021800788,0.6010043621063232
0,h29_107321,human,rh,OTS,703.0,512.0,1043.0,2.38,0.287,0.1,0.019,3.0,0.5,0.49420201778411865,1.1284745931625366,0.24062567949295044,37.883126208431634,2.6302428245544434,0.47601374983787537,73.92492021800788,0.47601374983787537
0,h30_107422,human,lh,CoS,1560.0,1131.0,2620.0,2.601,0.436,0.106,0.019,7.0,1.4,0.5635884404182434,1.3152700662612915,0.29217925667762756,61.33347942280255,2.3287811279296875,0.5201386213302612,62.98410633216328,0.5201386213302612
0,h30_107422,human,lh,MFS,357.0,269.0,796.0,3.071,0.331,0.138,0.03,3.0,0.5,-0.014670871198177338,0.33686625957489014,-0.007605769205838442,25.99583239563516,2.701946258544922,0.6141967177391052,62.98410633216328,0.6141967177391052
0,h30_107422,human,lh,OTS,1125.0,819.0,2079.0,3.022,0.514,0.125,0.019,9.0,1.0,0.14597994089126587,0.918732225894928,0.07567988336086273,31.890643021053044,3.239154815673828,0.6043257117271423,62.98410633216328,0.6043257117271423
0,h30_107422,human,rh,CoS,1469.0,1031.0,2145.0,2.456,0.355,0.103,0.017,8.0,1.1,0.5683903098106384,1.1081712245941162,0.28373241424560547,60.879506022104806,2.197721481323242,0.4912700057029724,88.32151612468658,0.4912700057029724
0,h30_107422,human,rh,MFS,673.0,486.0,1327.0,2.915,0.506,0.113,0.019,4.0,0.5,0.1836816519498825,0.7773001790046692,0.0916912853717804,27.513112571582973,2.328606128692627,0.5829303860664368,88.32151612468658,0.5829303860664368
0,h30_107422,human,rh,OTS,1299.0,939.0,2184.0,2.591,0.429,0.099,0.011,7.0,0.7,0.35876160860061646,1.1602210998535156,0.17908868193626404,61.332238667602695,2.2645912170410156,0.5182209610939026,88.32151612468658,0.5182209610939026
0,h31_107725,human,lh,CoS,1229.0,862.0,1941.0,2.542,0.448,0.098,0.013,6.0,0.7,0.654481828212738,1.3473948240280151,0.36021554470062256,52.98284918894922,2.540497303009033,0.5084905028343201,54.79732468671904,0.5084905028343201
0,h31_107725,human,lh,MFS,215.0,165.0,563.0,3.188,0.377,0.115,0.024,1.0,0.3,-0.15878146886825562,-0.037283264100551605,-0.08739060163497925,18.996423163819927,2.8273348808288574,0.6376294493675232,54.79732468671904,0.6376294493675232
0,h31_107725,human,lh,OTS,715.0,510.0,1160.0,2.65,0.425,0.11,0.019,3.0,0.7,0.4379464387893677,1.040900707244873,0.24103818833827972,32.168461408350225,2.7960281372070312,0.5300452709197998,54.79732468671904,0.5300452709197998
0,h31_107725,human,rh,CoS,1205.0,886.0,1931.0,2.567,0.492,0.112,0.018,6.0,1.0,0.7099623680114746,1.233236312866211,0.3572157025337219,48.92449582757359,1.6724491119384766,0.5134794116020203,88.71185862950855,0.5134794116020203
0,h31_107725,human,rh,MFS,625.0,445.0,1340.0,3.465,0.609,0.14,0.035,7.0,1.1,0.037378717213869095,0.34026268124580383,0.018807003274559975,45.04782701060029,3.3738932609558105,0.693053126335144,88.71185862950855,0.693053126335144
0,h31_107725,human,rh,OTS,1139.0,799.0,1820.0,2.594,0.424,0.103,0.017,6.0,0.8,0.38041841983795166,1.2316023111343384,0.19140654802322388,53.39198003410969,2.562706470489502,0.5187370181083679,88.71185862950855,0.5187370181083679
0,h32_108121,human,lh,CoS,1326.0,930.0,2337.0,2.797,0.562,0.101,0.019,6.0,1.1,0.5373868942260742,1.1488747596740723,0.2731877863407135,55.12266089027426,2.5496561527252197,0.5594430565834045,59.885080557652245,0.5594430565834045
0,h32_108121,human,lh,MFS,71.0,58.0,226.0,4.087,0.303,0.165,0.029,1.0,0.1,0.010016722604632378,0.13541047275066376,0.005092133302241564,10.849532746729079,4.113321304321289,0.817366898059845,59.885080557652245,0.817366898059845
0,h32_108121,human,lh,OTS,629.0,461.0,1295.0,2.99,0.547,0.127,0.02,5.0,0.6,0.07584193348884583,0.6557506918907166,0.03855526074767113,41.77304822400366,2.6800670623779297,0.598091185092926,59.885080557652245,0.598091185092926
0,h32_108121,human,rh,CoS,1036.0,712.0,1707.0,2.678,0.634,0.096,0.012,5.0,0.5,0.40430426597595215,0.9236397743225098,0.20567183196544647,51.70938219273884,2.53324294090271,0.5355637073516846,65.48285619746439,0.5355637073516846
0,h32_108121,human,rh,MFS,711.0,504.0,1292.0,2.841,0.488,0.103,0.018,4.0,0.5,0.44529327750205994,0.9113216400146484,0.22652319073677063,36.01826883516396,2.254077911376953,0.5681907534599304,65.48285619746439,0.5681907534599304
0,h32_108121,human,rh,OTS,697.0,505.0,1259.0,2.882,0.395,0.106,0.015,4.0,0.5,0.1687183529138565,0.700168788433075,0.08582796156406403,46.493998661559644,2.5569379329681396,0.5764158368110657,65.48285619746439,0.5764158368110657
0,c01,chimp,lh,CoS,958.0,633.0,1272.0,2.286,0.838,0.092,0.022,4.0,0.8,0.49611929059028625,0.9848270416259766,0.2641725242137909,57.33665802846639,2.7494287490844727,0.4572368562221527,52.80309697953449,0.4572368562221527
0,c01,chimp,lh,MFS,366.0,255.0,458.0,1.947,0.47,0.09,0.015,1.0,0.2,0.30553123354911804,0.5958568453788757,0.16268858313560486,25.089467441073545,1.489537000656128,0.38945478200912476,52.80309697953449,0.38945478200912476
0,c01,chimp,lh,OTS,649.0,447.0,605.0,1.524,0.528,0.099,0.022,3.0,0.6,0.5800585150718689,1.0994921922683716,0.30886828899383545,31.00828961858727,1.752064824104309,0.30483099818229675,52.80309697953449,0.30483099818229675
0,c01,chimp,rh,CoS,1022.0,689.0,1195.0,1.913,0.543,0.092,0.016,4.0,0.7,0.6058971285820007,0.9884732365608215,0.3207577168941498,56.236064199056756,2.200756549835205,0.38258519768714905,74.03342386256415,0.38258519768714905
0,c01,chimp,rh,MFS,364.0,270.0,576.0,2.233,0.648,0.11,0.021,2.0,0.3,0.1773281,0.8043991,0.09387625,discontinuous,2.231121,0.44654804,74.03342386256415,0.44654804
0,c01,chimp,rh,OTS,1152.0,784.0,1246.0,1.848,0.837,0.09,0.017,4.0,0.8,0.3229182958602905,0.9284605979919434,0.17095071077346802,49.176271974012764,1.0913888216018677,0.3695387542247772,74.03342386256415,0.3695387542247772
0,c02,chimp,lh,CoS,847.0,601.0,882.0,1.571,0.444,0.098,0.014,4.0,0.4,0.5652067065238953,1.0372024774551392,0.2768899202346802,47.91931062289467,2.4156129360198975,0.3142487704753876,52.43450793256949,0.3142487704753876
0,c02,chimp,lh,MFS,237.0,189.0,473.0,2.506,0.71,0.095,0.015,1.0,0.2,-0.054652273654937744,0.2770577073097229,-0.02677367441356182,27.817350771340312,1.6996984481811523,0.5011579990386963,52.43450793256949,0.5011579990386963
0,c02,chimp,lh,OTS,496.0,346.0,452.0,1.498,0.542,0.098,0.014,2.0,0.3,0.4396291971206665,1.120846152305603,0.21537058055400848,25.126196254370896,0.9727396368980408,0.29965463280677795,52.43450793256949,0.29965463280677795
0,c02,chimp,rh,CoS,1066.0,701.0,950.0,1.524,0.504,0.089,0.013,5.0,0.6,0.5675256848335266,1.0586498975753784,0.2989247739315033,54.76039071305986,1.4277371168136597,0.3047213554382324,62.66534914642611,0.3047213554382324
0,c02,chimp,rh,MFS,370.0,272.0,612.0,2.281,0.524,0.102,0.02,2.0,0.3,0.04854089021682739,0.43906736373901367,0.025567255914211273,21.164253402421505,1.6300791501998901,0.4562326669692993,62.66534914642611,0.4562326669692993
0,c02,chimp,rh,OTS,849.0,593.0,952.0,1.783,0.607,0.1,0.021,4.0,0.6,0.2516396939754486,0.9224680066108704,0.13254261016845703,42.82084249380391,2.3733959197998047,0.35656213760375977,62.66534914642611,0.35656213760375977
0,c03,chimp,lh,CoS,1039.0,717.0,1129.0,1.79,0.519,0.094,0.01,6.0,0.4,0.646550178527832,1.1557413339614868,0.3270963430404663,58.97769711115757,0.9490414261817932,0.35805201530456543,73.09437725851554,0.35805201530456543
0,c03,chimp,lh,MFS,613.0,441.0,1109.0,2.661,0.72,0.085,0.011,2.0,0.3,0.04672064632177353,0.3411083221435547,0.023636452853679657,51.24616246269503,3.0930871963500977,0.5322682857513428,73.09437725851554,0.5322682857513428
0,c03,chimp,lh,OTS,1204.0,823.0,1246.0,1.879,0.655,0.094,0.015,5.0,0.7,0.5676301121711731,1.117859959602356,0.28716984391212463,61.84088510441137,2.4742918014526367,0.37574028968811035,73.09437725851554,0.37574028968811035
0,c03,chimp,rh,CoS,960.0,640.0,932.0,1.808,0.604,0.098,0.012,5.0,0.5,0.5332911014556885,0.961726188659668,0.2701203525066376,55.64334791234146,1.8920022249221802,0.3615025281906128,77.87002730691651,0.3615025281906128
0,c03,chimp,rh,MFS,706.0,487.0,1119.0,2.815,0.66,0.098,0.012,4.0,0.4,0.13664816319942474,0.5833824276924133,0.06921445578336716,47.741455546392544,3.0124361515045166,0.5629822015762329,77.87002730691651,0.5629822015762329
0,c03,chimp,rh,OTS,1301.0,866.0,1291.0,1.819,0.567,0.084,0.013,5.0,0.7,0.5546972751617432,1.0677828788757324,0.2809629440307617,54.98741906415492,1.722825050354004,0.3638078570365906,77.87002730691651,0.3638078570365906
0,c04,chimp,lh,CoS,584.0,406.0,773.0,2.09,1.029,0.092,0.012,3.0,0.3,0.4579956829547882,0.7843860387802124,0.24670007824897766,46.11985706906123,1.4978587627410889,0.41808176040649414,57.288399586112334,0.41808176040649414
0,c04,chimp,lh,MFS,437.0,313.0,648.0,2.202,0.742,0.102,0.012,2.0,0.3,0.19272664189338684,0.5089790225028992,0.10381250083446503,36.46709170622694,1.9429172277450562,0.4404643177986145,57.288399586112334,0.4404643177986145
0,c04,chimp,lh,OTS,786.0,522.0,739.0,1.64,0.588,0.086,0.012,4.0,0.4,0.2653621733188629,0.9870458841323853,0.14293774962425232,45.40446463070175,1.441623330116272,0.32803088426589966,57.288399586112334,0.32803088426589966
0,c04,chimp,rh,CoS,1189.0,790.0,1308.0,1.871,0.645,0.099,0.014,8.0,0.7,0.5065453052520752,0.993238627910614,0.20296551287174225,72.77775458531971,1.3936171531677246,0.3742992877960205,81.66051636288276,0.3742992877960205
0,c04,chimp,rh,MFS,269.0,198.0,539.0,2.794,0.578,0.09,0.012,1.0,0.1,-0.1406164914369583,0.04990186169743538,-0.05634303763508797,30.172666715058376,3.165447950363159,0.5587869882583618,81.66051636288276,0.5587869882583618
0,c04,chimp,rh,OTS,466.0,310.0,367.0,1.379,0.385,0.098,0.012,3.0,0.2,0.2647072970867157,0.6911945343017578,0.10606447607278824,26.604731089769796,1.8941831588745117,0.2758479118347168,81.66051636288276,0.2758479118347168
0,c05,chimp,lh,CoS,1050.0,719.0,1079.0,1.816,0.78,0.111,0.017,8.0,0.7,0.47479167580604553,0.9637250304222107,0.23527240753173828,69.23708763913427,1.871063470840454,0.3632024824619293,74.58787188381862,0.3632024824619293
0,c05,chimp,lh,MFS,373.0,264.0,634.0,2.635,0.627,0.098,0.022,1.0,0.3,0.3742244243621826,0.6828187108039856,0.18543854355812073,27.43144361685252,2.9109630584716797,0.5270323753356934,74.58787188381862,0.5270323753356934
0,c05,chimp,lh,OTS,805.0,538.0,797.0,1.662,0.684,0.1,0.016,4.0,0.6,0.3239796757698059,0.7872447967529297,0.1605408787727356,50.520990177195515,1.6966627836227417,0.3324666917324066,74.58787188381862,0.3324666917324066
0,c05,chimp,rh,CoS,1372.0,941.0,1774.0,2.226,0.872,0.103,0.015,8.0,0.8,0.5603359341621399,0.9942123293876648,0.2719903886318207,73.14797042266319,1.6239527463912964,0.44521766901016235,77.65566383267033,0.44521766901016235
0,c05,chimp,rh,MFS,692.0,512.0,1054.0,2.131,1.071,0.107,0.011,4.0,0.4,0.30791646242141724,0.7084210515022278,0.1494644731283188,47.456703064622026,1.0003892183303833,0.42619386315345764,77.65566383267033,0.42619386315345764
0,c05,chimp,rh,OTS,352.0,241.0,302.0,1.527,0.43,0.103,0.014,2.0,0.2,0.40472784638404846,0.8357154130935669,0.19645729660987854,28.052252471078376,1.7878761291503906,0.30548974871635437,77.65566383267033,0.30548974871635437
0,c06,chimp,lh,CoS,1332.0,886.0,1470.0,1.816,0.731,0.089,0.013,6.0,0.7,0.6767264008522034,1.1056764125823975,0.3605661988258362,61.29124013692446,1.437958836555481,0.3631804883480072,49.017259993113036,0.3631804883480072
0,c06,chimp,lh,MFS,443.0,334.0,998.0,3.553,0.834,0.106,0.015,2.0,0.4,0.018725082278251648,0.33695074915885925,0.00997689738869667,25.73696287742758,1.623486042022705,0.7106074094772339,49.017259993113036,0.7106074094772339
0,c06,chimp,lh,OTS,677.0,462.0,700.0,1.627,0.513,0.096,0.02,3.0,0.5,0.28586268424987793,0.6703407764434814,0.1523103266954422,38.102527606842145,1.5845990180969238,0.3253168761730194,49.017259993113036,0.3253168761730194
0,c06,chimp,rh,CoS,768.0,555.0,976.0,2.07,0.714,0.092,0.016,3.0,0.5,0.7210278511047363,1.1524862051010132,0.3661039173603058,38.27195301644216,0.9315029382705688,0.4140418767929077,56.78418552082871,0.4140418767929077
0,c06,chimp,rh,MFS,975.0,701.0,1390.0,2.216,0.88,0.106,0.019,5.0,0.7,0.3313196003437042,0.8621591925621033,0.16822849214076996,46.393107792420395,1.4993895292282104,0.4431176483631134,56.78418552082871,0.4431176483631134
0,c06,chimp,rh,OTS,658.0,474.0,723.0,1.726,0.57,0.097,0.016,3.0,0.4,-0.008691917173564434,0.3985922634601593,-0.004413347691297531,36.88961088163323,1.549056053161621,0.34517690539360046,56.78418552082871,0.34517690539360046
0,c07,chimp,lh,CoS,1073.0,731.0,1199.0,1.96,0.638,0.108,0.016,7.0,0.7,0.5590085983276367,1.0129719972610474,0.29280272126197815,67.78842167161635,1.8314288854599,0.3919041156768799,68.45598209802945,0.3919041156768799
0,c07,chimp,lh,MFS,137.0,107.0,328.0,3.002,0.839,0.083,0.015,0.0,0.1,-0.22776323556900024,-0.0988302230834961,-0.11929994821548462,11.299677298056862,3.3441333770751953,0.6004980802536011,68.45598209802945,0.6004980802536011
0,c07,chimp,lh,OTS,897.0,605.0,778.0,1.56,0.523,0.088,0.013,4.0,0.5,0.361194372177124,0.8642574548721313,0.18918976187705994,40.88329969193329,2.1297130584716797,0.3119271993637085,68.45598209802945,0.3119271993637085
0,c07,chimp,rh,CoS,1333.0,922.0,1615.0,2.091,0.836,0.104,0.018,8.0,0.9,0.5249972939491272,0.9624936580657959,0.2636590003967285,79.65860132561164,1.8252761363983154,0.41824018955230713,64.27415909859818,0.41824018955230713
0,c07,chimp,rh,MFS,717.0,500.0,865.0,2.02,0.759,0.107,0.012,5.0,0.4,0.3195946514606476,0.6398295164108276,0.16050368547439575,53.617555910156135,1.374667763710022,0.4040621519088745,64.27415909859818,0.4040621519088745
0,c07,chimp,rh,OTS,589.0,419.0,548.0,1.536,0.443,0.083,0.015,2.0,0.4,0.4632890522480011,0.9918946027755737,0.23266850411891937,36.7125140336849,1.6794710159301758,0.30727264285087585,64.27415909859818,0.30727264285087585
0,c09,chimp,lh,CoS,1257.0,834.0,1301.0,1.822,0.717,0.099,0.014,7.0,0.7,0.6197841167449951,1.1272506713867188,0.3010002374649048,62.346464917897954,1.4776835441589355,0.3644063174724579,71.62132335680174,0.3644063174724579
0,c09,chimp,lh,MFS,298.0,219.0,436.0,2.254,0.585,0.101,0.019,1.0,0.3,0.016597477719187737,0.2767640948295593,0.008060622029006481,36.817417439321346,3.09118914604187,0.4508030116558075,71.62132335680174,0.4508030116558075
0,c09,chimp,lh,OTS,1040.0,682.0,1037.0,1.86,0.501,0.098,0.018,5.0,0.7,0.5451225638389587,1.0694855451583862,0.26474061608314514,52.21005753009338,2.4046130180358887,0.37198880314826965,71.62132335680174,0.37198880314826965
0,c09,chimp,rh,CoS,1440.0,951.0,1515.0,1.842,0.729,0.092,0.011,8.0,0.6,0.6302530765533447,1.1565861701965332,0.30866676568984985,64.2214317645741,1.837009072303772,0.36842015385627747,94.12570220019722,0.36842015385627747
0,c09,chimp,rh,MFS,142.0,104.0,161.0,1.505,0.378,0.065,0.01,0.0,0.1,0.016393626108765602,0.1687624305486679,0.008028787560760975,18.96989346041781,1.2588777542114258,0.3009182810783386,94.12570220019722,0.3009182810783386
0,c09,chimp,rh,OTS,891.0,582.0,847.0,1.882,0.525,0.108,0.016,6.0,0.6,0.4643683135509491,1.0264055728912354,0.22742463648319244,46.7234790527045,2.9938976764678955,0.3763313293457031,94.12570220019722,0.3763313293457031
0,c10,chimp,lh,CoS,985.0,663.0,1771.0,3.109,1.061,0.097,0.024,7.0,0.7,0.41720715165138245,1.0228723287582397,0.19429442286491394,56.47164019233515,0.0,0.6217749714851379,63.43721742966079,0.6217749714851379
0,c10,chimp,lh,MFS,380.0,275.0,738.0,3.091,0.87,0.081,0.013,1.0,0.2,0.32609719038009644,0.7270323038101196,0.15186427533626556,23.979649884288417,2.3961920738220215,0.6181646585464478,63.43721742966079,0.6181646585464478
0,c10,chimp,lh,OTS,1069.0,741.0,979.0,1.466,0.367,0.072,0.01,3.0,0.4,0.3775525391101837,0.93254154920578,0.17582716047763824,41.063617356693676,1.4234235286712646,0.2931923270225525,63.43721742966079,0.2931923270225525
0,c10,chimp,rh,CoS,665.0,472.0,1016.0,2.354,0.804,0.083,0.013,2.0,0.3,0.43067121505737305,0.9108471870422363,0.23156224191188812,43.8952595136042,2.272812604904175,0.47085127234458923,41.123956232589144,0.47085127234458923
0,c10,chimp,rh,MFS,461.0,321.0,903.0,3.362,0.766,0.089,0.013,2.0,0.3,0.30946117639541626,0.6389452219009399,0.1663903146982193,34.91579343242836,2.752044677734375,0.6724404096603394,41.123956232589144,0.6724404096603394
0,c10,chimp,rh,OTS,713.0,496.0,786.0,1.931,0.665,0.093,0.015,3.0,0.5,0.3479290306568146,0.9076735377311707,0.18707360327243805,40.12855238788353,1.1178345680236816,0.38615843653678894,41.123956232589144,0.38615843653678894
0,c11,chimp,lh,CoS,772.0,650.0,930.0,1.75,0.713,0.157,0.039,8.0,1.6,0.460161030292511,1.1367164850234985,0.18722854554653168,47.92796963321975,3.0527141094207764,0.34998172521591187,66.19497867348065,0.34998172521591187
0,c11,chimp,lh,MFS,658.0,472.0,1060.0,2.329,0.665,0.11,0.017,4.0,0.5,0.12996551394462585,0.5840519666671753,0.05287986621260643,52.87696906758009,1.695780634880066,0.4658505618572235,66.19497867348065,0.4658505618572235
0,c11,chimp,lh,OTS,872.0,607.0,858.0,1.741,0.662,0.103,0.015,5.0,0.6,0.3680674433708191,0.9466689825057983,0.14975784718990326,47.64067359209961,1.9993062019348145,0.34810295701026917,66.19497867348065,0.34810295701026917
0,c11,chimp,rh,CoS,1368.0,939.0,1624.0,1.929,0.984,0.09,0.011,7.0,0.6,0.5485429763793945,1.0300813913345337,0.2675347924232483,71.78660086612554,2.1142945289611816,0.38570284843444824,75.86474922178387,0.38570284843444824
0,c11,chimp,rh,MFS,337.0,242.0,513.0,2.312,0.603,0.099,0.013,2.0,0.2,0.21258248388767242,0.5412278175354004,0.10368050634860992,27.152513157381634,2.4910545349121094,0.4624241292476654,75.86474922178387,0.4624241292476654
0,c11,chimp,rh,OTS,390.0,283.0,515.0,1.777,0.999,0.119,0.019,3.0,0.3,-0.04293529689311981,0.2753344774246216,-0.02094035968184471,33.45950279464518,1.3434104919433594,0.3553580641746521,75.86474922178387,0.3553580641746521
0,c12,chimp,lh,CoS,1413.0,967.0,1706.0,2.224,0.406,0.112,0.019,10.0,1.1,0.6544266939163208,1.1708773374557495,0.3540135324001312,68.28416818612251,2.4451744556427,0.4447876214981079,70.89429187185877,0.4447876214981079
0,c12,chimp,lh,MFS,416.0,289.0,639.0,2.866,0.702,0.11,0.023,2.0,0.3,0.30865299701690674,0.7315114140510559,0.1669664978981018,24.676182655371854,2.274653673171997,0.5732409954071045,70.89429187185877,0.5732409954071045
0,c12,chimp,lh,OTS,325.0,236.0,605.0,3.148,0.706,0.099,0.021,2.0,0.2,0.08652666956186295,0.4085446000099182,0.04680678993463516,25.813356838233275,3.755171775817871,0.6296254992485046,70.89429187185877,0.6296254992485046
0,c12,chimp,rh,CoS,993.0,725.0,1153.0,2.101,0.493,0.134,0.027,10.0,1.2,0.7523037195205688,1.4283156394958496,0.4185371696949005,60.98337316506456,2.2071502208709717,0.4202558100223541,83.92391804964976,0.4202558100223541
0,c12,chimp,rh,MFS,413.0,299.0,829.0,3.548,0.969,0.094,0.016,2.0,0.3,0.1356838345527649,0.4823859930038452,0.0754864290356636,36.72279172401285,4.346434593200684,0.709627091884613,83.92391804964976,0.709627091884613
0,c12,chimp,rh,OTS,328.0,254.0,510.0,2.603,0.545,0.108,0.022,2.0,0.2,0.15931330621242523,0.5718249678611755,0.0886324793100357,28.607684945594446,2.817251682281494,0.5206145644187927,83.92391804964976,0.5206145644187927
0,c13,chimp,lh,CoS,946.0,607.0,689.0,1.253,0.446,0.094,0.012,5.0,0.4,0.5150217413902283,0.883527398109436,0.2686465382575989,54.24776268652614,0.9229572415351868,0.2505682706832886,55.78959431388435,0.2505682706832886
0,c13,chimp,lh,MFS,383.0,285.0,455.0,1.837,0.668,0.107,0.015,2.0,0.2,0.22503231465816498,0.5652009844779968,0.1173817440867424,35.171884762979346,2.139289140701294,0.36733976006507874,55.78959431388435,0.36733976006507874
0,c13,chimp,lh,OTS,925.0,632.0,807.0,1.443,0.493,0.096,0.015,5.0,0.6,0.37773481011390686,0.850762665271759,0.19703468680381775,43.57702930342897,1.1485674381256104,0.28863659501075745,55.78959431388435,0.28863659501075745
0,c13,chimp,rh,CoS,994.0,651.0,754.0,1.37,0.409,0.101,0.012,7.0,0.5,0.5167334675788879,0.9215883016586304,0.2584037184715271,56.99389350403548,1.3942375183105469,0.27400892972946167,68.46502566553964,0.27400892972946167
0,c13,chimp,rh,MFS,397.0,284.0,714.0,2.993,0.539,0.091,0.012,2.0,0.2,0.23301830887794495,0.4969530999660492,0.11652583628892899,31.62286885018486,3.9007883071899414,0.5985874533653259,68.46502566553964,0.5985874533653259
0,c13,chimp,rh,OTS,932.0,617.0,900.0,1.717,0.549,0.093,0.014,4.0,0.6,0.4142763316631317,0.9565176367759705,0.20716780424118042,56.032790493079006,2.1823859214782715,0.3434888422489166,68.46502566553964,0.3434888422489166
0,c14,chimp,lh,CoS,1208.0,813.0,1409.0,1.995,0.684,0.093,0.01,7.0,0.5,0.5948927402496338,1.1122584342956543,0.3225519359111786,60.60683429905204,1.6847825050354004,0.39907166361808777,69.40098922305631,0.39907166361808777
0,c14,chimp,lh,MFS,334.0,256.0,479.0,2.25,0.918,0.097,0.019,1.0,0.3,0.10942384600639343,0.3450108766555786,0.0593298077583313,20.621292088843056,3.1675660610198975,0.4499821066856384,69.40098922305631,0.4499821066856384
0,c14,chimp,lh,OTS,695.0,466.0,721.0,1.915,0.545,0.112,0.022,5.0,0.6,0.45225539803504944,0.901432991027832,0.24521368741989136,38.141228621567,2.915083885192871,0.38303807377815247,69.40098922305631,0.38303807377815247
0,c14,chimp,rh,CoS,1502.0,986.0,1656.0,1.941,0.816,0.091,0.011,8.0,0.7,0.6417009234428406,1.2280528545379639,0.3237146735191345,67.16365262915136,2.755765914916992,0.3881089389324188,94.15903757985987,0.3881089389324188
0,c14,chimp,rh,MFS,370.0,283.0,653.0,2.848,0.75,0.122,0.02,3.0,0.3,0.09729374945163727,0.4345545172691345,0.04908113181591034,36.75424899901266,3.574359655380249,0.5696017146110535,94.15903757985987,0.5696017146110535
0,c14,chimp,rh,OTS,632.0,439.0,649.0,1.959,0.503,0.124,0.022,6.0,0.5,0.3312801718711853,1.0223701000213623,0.16711872816085815,35.84987571765809,2.1504318714141846,0.3918377459049225,94.15903757985987,0.3918377459049225
0,c15,chimp,lh,CoS,1133.0,776.0,1483.0,2.185,0.871,0.099,0.013,6.0,0.6,0.49274542927742004,0.9523770809173584,0.2733716070652008,63.005314308780136,1.359232783317566,0.4369499385356903,77.52999389332952,0.4369499385356903
0,c15,chimp,lh,MFS,560.0,382.0,858.0,2.647,0.742,0.095,0.012,3.0,0.3,0.21007785201072693,0.568430483341217,0.11654967069625854,39.22086864176874,2.438184976577759,0.5294210314750671,77.52999389332952,0.5294210314750671
0,c15,chimp,lh,OTS,887.0,596.0,688.0,1.289,0.47,0.099,0.015,5.0,0.6,0.3945043385028839,1.0016305446624756,0.2188681662082672,45.48249183872318,0.9246945977210999,0.25786617398262024,77.52999389332952,0.25786617398262024
0,c15,chimp,rh,CoS,1017.0,676.0,1182.0,1.87,0.839,0.087,0.012,4.0,0.5,0.6292920112609863,1.0043890476226807,0.3277848958969116,55.7948559735478,1.1846674680709839,0.3740743398666382,70.00862637636345,0.3740743398666382
0,c15,chimp,rh,MFS,188.0,148.0,399.0,2.742,0.4,0.099,0.017,1.0,0.1,-0.05349390581250191,0.21706323325634003,-0.027863847091794014,15.581010734613901,2.1803998947143555,0.5484886169433594,70.00862637636345,0.5484886169433594
0,c15,chimp,rh,OTS,395.0,269.0,386.0,1.675,0.851,0.099,0.014,3.0,0.2,0.17005948722362518,0.727053701877594,0.08858039975166321,24.864059207317982,1.3234877586364746,0.3349364399909973,70.00862637636345,0.3349364399909973
0,c16,chimp,lh,CoS,1046.0,713.0,1032.0,1.655,0.664,0.093,0.013,5.0,0.5,0.6026028394699097,1.0907461643218994,0.30804839730262756,59.45517824808563,1.472545862197876,0.3309447765350342,57.77865419515849,0.3309447765350342
0,c16,chimp,lh,MFS,441.0,307.0,703.0,2.37,0.769,0.099,0.014,2.0,0.3,0.13785293698310852,0.4419495463371277,0.0704699158668518,37.61835855470409,1.2697633504867554,0.474027544260025,57.77865419515849,0.474027544260025
0,c16,chimp,lh,OTS,778.0,537.0,642.0,1.365,0.501,0.093,0.015,4.0,0.5,0.426918089389801,0.9768733382225037,0.21823899447917938,38.41294443853637,1.4245487451553345,0.2730792164802551,57.77865419515849,0.2730792164802551
0,c16,chimp,rh,CoS,955.0,649.0,999.0,1.766,0.695,0.1,0.015,6.0,0.6,0.6577751636505127,1.0476787090301514,0.3201495409011841,52.394897653889416,1.8572732210159302,0.3532894551753998,70.59845286534188,0.3532894551753998
0,c16,chimp,rh,MFS,384.0,278.0,574.0,2.267,0.556,0.115,0.018,3.0,0.3,0.18018585443496704,0.4806126356124878,0.0876992866396904,33.964803233113216,3.3181495666503906,0.45334646105766296,70.59845286534188,0.45334646105766296
0,c16,chimp,rh,OTS,1026.0,709.0,917.0,1.473,0.475,0.082,0.01,4.0,0.4,0.41189485788345337,0.8796592950820923,0.20047570765018463,46.50182048367028,1.117579460144043,0.29451093077659607,70.59845286534188,0.29451093077659607
0,c17,chimp,lh,CoS,1667.0,1137.0,1733.0,1.756,0.56,0.096,0.013,9.0,0.8,0.6047196388244629,1.115455150604248,0.29478713870048523,76.35895036297896,2.795261859893799,0.3511924743652344,68.69531372671767,0.3511924743652344
0,c17,chimp,lh,MFS,121.0,93.0,206.0,2.398,0.511,0.114,0.026,0.0,0.1,0.22296644747257233,0.4506508708000183,0.10869110375642776,13.0247959116253,2.9533541202545166,0.4796578884124756,68.69531372671767,0.4796578884124756
0,c17,chimp,lh,OTS,778.0,502.0,669.0,1.67,0.573,0.106,0.016,5.0,0.6,0.6383150219917297,1.1633415222167969,0.31116414070129395,38.95334702764971,1.3189442157745361,0.3340345323085785,68.69531372671767,0.3340345323085785
0,c17,chimp,rh,CoS,818.0,552.0,729.0,1.597,0.488,0.107,0.012,6.0,0.4,0.6160951852798462,1.0806798934936523,0.30382102727890015,49.98218020090299,1.4056189060211182,0.31931272149086,65.56111509576402,0.31931272149086
0,c17,chimp,rh,MFS,220.0,168.0,377.0,2.69,0.498,0.114,0.017,1.0,0.2,0.33392706513404846,0.7989135384559631,0.16467267274856567,19.128836018918562,3.508502721786499,0.5379082560539246,65.56111509576402,0.5379082560539246
0,c17,chimp,rh,OTS,846.0,569.0,756.0,1.632,0.489,0.099,0.015,4.0,0.6,0.48735547065734863,1.0330193042755127,0.24033433198928833,41.43057725484269,1.7847130298614502,0.326305091381073,65.56111509576402,0.326305091381073
0,c18,chimp,lh,CoS,1052.0,727.0,1172.0,1.832,0.732,0.105,0.012,6.0,0.6,0.5573142766952515,1.0135518312454224,0.23919011652469635,66.03733863168884,2.0908119678497314,0.3663211762905121,76.7996278799205,0.3663211762905121
0,c18,chimp,lh,MFS,662.0,450.0,953.0,2.256,0.668,0.097,0.017,3.0,0.5,0.29589930176734924,0.8275333046913147,0.12699511647224426,43.57765252170718,1.9770286083221436,0.4512494206428528,76.7996278799205,0.4512494206428528
0,c18,chimp,lh,OTS,441.0,296.0,299.0,1.194,0.243,0.112,0.016,3.0,0.4,0.530915379524231,0.971444308757782,0.22786013782024384,28.00155069294783,1.4406406879425049,0.238840252161026,76.7996278799205,0.238840252161026
0,c18,chimp,rh,CoS,785.0,551.0,1140.0,2.485,0.857,0.101,0.015,4.0,0.5,0.48301219940185547,0.931017279624939,0.2039182186126709,46.290066547801004,2.0156219005584717,0.4969402849674225,93.8900239356118,0.4969402849674225
0,c18,chimp,rh,MFS,254.0,184.0,550.0,3.2,0.518,0.097,0.023,1.0,0.2,0.042740341275930405,0.33562248945236206,0.018044129014015198,17.941207296891065,3.8382678031921387,0.6399217844009399,93.8900239356118,0.6399217844009399
0,c18,chimp,rh,OTS,759.0,525.0,812.0,1.793,0.684,0.106,0.022,3.0,0.7,0.3603261411190033,0.9206073880195618,0.1521225869655609,35.19367196632953,1.9157963991165161,0.3586992025375366,93.8900239356118,0.3586992025375366
0,c19,chimp,lh,CoS,855.0,605.0,1040.0,1.86,0.798,0.107,0.018,5.0,0.6,0.48845553398132324,0.8899343013763428,0.25243330001831055,55.646039365941036,1.072501540184021,0.3720630407333374,64.64912069898136,0.3720630407333374
0,c19,chimp,lh,MFS,465.0,321.0,667.0,2.24,0.603,0.089,0.012,2.0,0.3,0.4039080739021301,0.6829550266265869,0.2087392359972,32.20409249255704,1.5161616802215576,0.4479708671569824,64.64912069898136,0.4479708671569824
0,c19,chimp,lh,OTS,889.0,582.0,625.0,1.29,0.365,0.085,0.013,4.0,0.5,0.43387266993522644,0.8303426504135132,0.22422493994235992,46.53477644946082,1.6543684005737305,0.258020281791687,64.64912069898136,0.258020281791687
0,c19,chimp,rh,CoS,1198.0,831.0,1124.0,1.499,0.625,0.092,0.012,6.0,0.6,0.677070140838623,1.0904306173324585,0.3378051221370697,62.13554554682203,1.3611360788345337,0.29980412125587463,61.11675321723764,0.29980412125587463
0,c19,chimp,rh,MFS,339.0,251.0,555.0,2.43,0.607,0.1,0.014,2.0,0.2,0.2689341902732849,0.5754424929618835,0.13417714834213257,27.76953206742769,1.5785143375396729,0.485948771238327,61.11675321723764,0.485948771238327
0,c19,chimp,rh,OTS,1092.0,745.0,1008.0,1.524,0.564,0.078,0.012,4.0,0.5,0.33798155188560486,0.8205828666687012,0.16862638294696808,48.391644271021974,1.5491058826446533,0.3048156201839447,61.11675321723764,0.3048156201839447
0,c20,chimp,lh,CoS,1160.0,789.0,1457.0,2.214,0.634,0.107,0.013,9.0,0.6,0.5234195590019226,0.9762774109840393,0.27117347717285156,64.62250188697526,2.5043632984161377,0.44286036491394043,60.814021698212684,0.44286036491394043
0,c20,chimp,lh,MFS,383.0,255.0,538.0,2.61,0.6,0.106,0.015,3.0,0.3,0.22590939700603485,0.5702500939369202,0.1170392781496048,29.552069502923487,3.677051544189453,0.5219625234603882,60.814021698212684,0.5219625234603882
0,c20,chimp,lh,OTS,838.0,544.0,614.0,1.361,0.471,0.1,0.016,5.0,0.5,0.5395044088363647,1.0565340518951416,0.27950671315193176,42.32128707107918,2.0769309997558594,0.27222713828086853,60.814021698212684,0.27222713828086853
0,c20,chimp,rh,CoS,1041.0,726.0,1294.0,2.174,0.672,0.112,0.017,7.0,0.6,0.49826544523239136,0.8750039339065552,0.25099438428878784,58.974782256658585,1.8312792778015137,0.43477100133895874,99.39019756905608,0.43477100133895874
0,c20,chimp,rh,MFS,170.0,126.0,227.0,1.769,0.543,0.076,0.015,0.0,0.1,-0.15881112217903137,0.10468740016222,-0.0799989253282547,24.26288927327884,1.746239185333252,0.35372793674468994,99.39019756905608,0.35372793674468994
0,c20,chimp,rh,OTS,1515.0,1038.0,1407.0,1.603,0.479,0.097,0.018,7.0,1.1,0.439068466424942,1.0834746360778809,0.2211747020483017,66.11703596488357,1.676034688949585,0.32055729627609253,99.39019756905608,0.32055729627609253
0,c21,chimp,lh,CoS,1140.0,753.0,988.0,1.58,0.628,0.116,0.031,9.0,1.8,0.6913316249847412,1.1580853462219238,0.35304272174835205,52.437588527254,1.0160194635391235,0.3160915970802307,59.41354827767074,0.3160915970802307
0,c21,chimp,lh,MFS,603.0,404.0,678.0,1.688,0.584,0.099,0.014,3.0,0.4,0.3164246082305908,0.7188330888748169,0.16158875823020935,40.81281563027177,1.083276629447937,0.33762291073799133,59.41354827767074,0.33762291073799133
0,c21,chimp,lh,OTS,396.0,291.0,381.0,1.441,0.393,0.111,0.015,2.0,0.3,0.3934745490550995,0.7938838601112366,0.20093588531017303,28.388876745650954,1.2204804420471191,0.28824231028556824,59.41354827767074,0.28824231028556824
0,c21,chimp,rh,CoS,930.0,648.0,798.0,1.455,0.557,0.101,0.015,5.0,0.5,0.6154060363769531,1.1108319759368896,0.32130688428878784,52.62834506247954,1.204372763633728,0.290914922952652,59.24747687880173,0.290914922952652
0,c21,chimp,rh,MFS,505.0,348.0,631.0,1.85,0.542,0.099,0.018,2.0,0.4,0.32043319940567017,0.7267646193504333,0.16729992628097534,35.81410738576986,1.196901559829712,0.3699076175689697,59.24747687880173,0.3699076175689697
0,c21,chimp,rh,OTS,1091.0,759.0,838.0,1.266,0.312,0.102,0.021,5.0,0.9,0.3603161871433258,0.9338909387588501,0.18812307715415955,60.909738769612616,1.1318776607513428,0.25310036540031433,59.24747687880173,0.25310036540031433
0,c22,chimp,lh,CoS,1518.0,1045.0,1336.0,1.541,0.665,0.105,0.015,12.0,0.9,0.5736669301986694,1.09441077709198,0.2767353951931,81.69399431364819,1.15254807472229,0.3082577884197235,65.28853931336627,0.3082577884197235
0,c22,chimp,lh,MFS,289.0,205.0,385.0,2.108,0.459,0.106,0.025,1.0,0.3,0.13696317374706268,0.36893942952156067,0.06607067584991455,27.198967951588678,2.974000930786133,0.42151564359664917,65.28853931336627,0.42151564359664917
0,c22,chimp,lh,OTS,742.0,497.0,594.0,1.293,0.369,0.096,0.012,4.0,0.4,0.5729441046714783,1.0068682432174683,0.27638667821884155,42.79005557604701,0.9062923192977905,0.25855183601379395,65.28853931336627,0.25855183601379395
0,c22,chimp,rh,CoS,812.0,547.0,779.0,1.716,0.641,0.104,0.012,6.0,0.4,0.4609995186328888,0.889937162399292,0.23421218991279602,45.35478282501964,1.3918085098266602,0.3431704342365265,73.68949899000893,0.3431704342365265
0,c22,chimp,rh,MFS,264.0,194.0,337.0,1.78,0.375,0.093,0.019,1.0,0.2,-0.07419098913669586,0.2584160566329956,-0.03769296035170555,28.93195788448134,2.0496604442596436,0.3559289872646332,73.68949899000893,0.3559289872646332
0,c22,chimp,rh,OTS,1116.0,750.0,847.0,1.344,0.466,0.098,0.017,5.0,0.8,0.4601581394672394,1.0307220220565796,0.2337847203016281,48.52505675207439,1.1268093585968018,0.2687665522098541,73.68949899000893,0.2687665522098541
0,c23,chimp,lh,CoS,1308.0,909.0,1436.0,1.735,0.647,0.099,0.015,7.0,0.7,0.5752005,1.1057733,0.30312648,62.39601021293143,1.1899128,0.34695074,discontinuous,0.34695074
0,c23,chimp,lh,MFS,685.0,482.0,904.0,2.039,0.587,0.099,0.015,3.0,0.4,0.16408439,0.54454505,0.08647129,46.9888827734772,2.012057,0.4078469,discontinuous,0.4078469
0,c23,chimp,lh,OTS,675.0,462.0,574.0,1.457,0.452,0.1,0.014,3.0,0.5,0.5776477,1.0887382,0.30441612,33.04346831184646,2.3572087,0.29149553,discontinuous,0.29149553
0,c23,chimp,rh,CoS,1412.0,975.0,1691.0,1.976,0.779,0.1,0.016,8.0,0.9,0.550438642501831,1.0355961322784424,0.26866447925567627,68.429155997605,1.7192752361297607,0.3951265513896942,93.19814646974484,0.3951265513896942
0,c23,chimp,rh,MFS,524.0,372.0,707.0,2.221,0.69,0.105,0.019,2.0,0.4,0.21771924197673798,0.5158096551895142,0.10626693814992905,21.660652074285224,3.5132718086242676,0.4442729949951172,93.19814646974484,0.4442729949951172
0,c23,chimp,rh,OTS,1223.0,867.0,1343.0,1.737,0.533,0.104,0.021,6.0,1.0,0.36044368147850037,1.0880441665649414,0.17592954635620117,54.952115766274616,1.8058106899261475,0.3474268317222595,93.19814646974484,0.3474268317222595
0,c24,chimp,lh,CoS,592.0,397.0,749.0,2.171,0.709,0.103,0.019,4.0,0.4,0.4837198555469513,0.9774637818336487,0.24843783676624298,37.729928932939714,2.3518998622894287,0.43419018387794495,68.51161558089386,0.43419018387794495
0,c24,chimp,lh,MFS,163.0,120.0,254.0,2.118,0.499,0.092,0.019,1.0,0.1,-0.09985888749361038,0.1562797725200653,-0.05128738656640053,21.282594927495733,2.5356099605560303,0.42363491654396057,68.51161558089386,0.42363491654396057
0,c24,chimp,lh,OTS,962.0,679.0,1018.0,1.765,0.562,0.091,0.018,3.0,0.7,0.3070058524608612,1.0279124975204468,0.1576777696609497,40.05697430346175,1.918265461921692,0.3529031276702881,68.51161558089386,0.3529031276702881
0,c24,chimp,rh,CoS,734.0,459.0,741.0,1.841,0.738,0.099,0.041,20.0,1.6,0.5453389286994934,0.8459509015083313,0.2688644230365753,37.24190935636176,1.316943645477295,0.36821043491363525,71.24275218161189,0.36821043491363525
0,c24,chimp,rh,MFS,479.0,342.0,693.0,2.377,0.989,0.108,0.019,3.0,0.3,0.1617351621389389,0.4621872007846832,0.07973910123109818,40.19114800614673,1.0512592792510986,0.47543975710868835,71.24275218161189,0.47543975710868835
0,c24,chimp,rh,OTS,432.0,289.0,399.0,1.53,0.405,0.099,0.016,2.0,0.3,0.23975437879562378,0.6191236972808838,0.11820434778928757,30.872223413632106,1.0658657550811768,0.3060300946235657,71.24275218161189,0.3060300946235657
0,c25,chimp,lh,CoS,1480.0,1009.0,1698.0,1.93,0.751,0.096,0.015,7.0,1.1,0.677747905254364,1.1276336908340454,0.3560231029987335,71.2674506399143,1.9083003997802734,0.38607484102249146,57.520410108028486,0.38607484102249146
0,c25,chimp,lh,MFS,491.0,353.0,814.0,2.374,1.089,0.096,0.012,2.0,0.3,0.16966161131858826,0.4456958770751953,0.08912377804517746,34.52545248648614,1.4547154903411865,0.47482672333717346,57.520410108028486,0.47482672333717346
0,c25,chimp,lh,OTS,264.0,187.0,362.0,2.408,0.559,0.118,0.02,2.0,0.3,0.475349485874176,0.8180418014526367,0.2497025728225708,16.910355595561526,2.1055006980895996,0.48153018951416016,57.520410108028486,0.48153018951416016
0,c25,chimp,rh,CoS,1278.0,879.0,1510.0,1.926,0.678,0.089,0.014,5.0,0.7,0.6777288317680359,1.0387495756149292,0.3393322229385376,58.140472324834064,1.698007345199585,0.38515686988830566,67.72240177494666,0.38515686988830566
0,c25,chimp,rh,MFS,392.0,283.0,730.0,2.831,0.773,0.108,0.013,2.0,0.2,0.14589281380176544,0.36410000920295715,0.07304710894823074,32.30766938002135,3.8229598999023438,0.5662730932235718,67.72240177494666,0.5662730932235718
0,c25,chimp,rh,OTS,353.0,258.0,531.0,2.312,0.648,0.097,0.023,1.0,0.3,0.39976799488067627,0.983989417552948,0.20015990734100342,26.840136335491792,2.4867944717407227,0.4623575210571289,67.72240177494666,0.4623575210571289
0,c26,chimp,lh,CoS,1395.0,925.0,1961.0,2.532,0.882,0.089,0.011,6.0,0.6,0.6214268803596497,1.2311111688613892,0.31442397832870483,62.701754018446195,2.8080942630767822,0.5064018368721008,76.55897061265424,0.5064018368721008
0,c26,chimp,lh,MFS,599.0,403.0,1122.0,3.187,0.659,0.091,0.013,3.0,0.3,0.2299128919839859,0.6934900879859924,0.11632925271987915,33.84541088255462,3.0412392616271973,0.6374325156211853,76.55897061265424,0.6374325156211853
0,c26,chimp,lh,OTS,726.0,484.0,894.0,2.071,0.713,0.09,0.019,4.0,0.6,0.28993961215019226,1.1278311014175415,0.14670105278491974,32.83867030747728,2.7620902061462402,0.4141401946544647,76.55897061265424,0.4141401946544647
0,c26,chimp,rh,CoS,1501.0,1015.0,1973.0,2.326,0.934,0.092,0.011,7.0,0.7,0.5919837355613708,1.1562411785125732,0.30089086294174194,69.06767494848222,2.661320209503174,0.46514323353767395,71.46058334619178,0.46514323353767395
0,c26,chimp,rh,MFS,569.0,392.0,1046.0,3.079,0.929,0.094,0.012,3.0,0.3,0.18329830467700958,0.4788672626018524,0.0931660532951355,33.602547696915934,3.0736074447631836,0.615800678730011,71.46058334619178,0.615800678730011
0,c26,chimp,rh,OTS,853.0,575.0,1051.0,2.023,0.609,0.103,0.019,4.0,0.7,0.26271969079971313,0.8881816864013672,0.13353396952152252,46.03299453231655,2.1528329849243164,0.40464118123054504,71.46058334619178,0.40464118123054504
0,c27,chimp,lh,CoS,1840.0,1216.0,1713.0,1.639,0.66,0.094,0.012,10.0,1.0,0.6588221192359924,1.1574180126190186,0.3390790820121765,78.79050186716813,1.1363147497177124,0.327757865190506,76.41398812602066,0.327757865190506
0,c27,chimp,lh,MFS,461.0,345.0,733.0,2.376,0.686,0.098,0.015,2.0,0.3,0.19416947662830353,0.46594658493995667,0.09993413090705872,34.701507517417014,2.636317014694214,0.4752523601055145,76.41398812602066,0.4752523601055145
0,c27,chimp,lh,OTS,698.0,469.0,681.0,1.791,0.494,0.112,0.016,5.0,0.5,0.5057023167610168,1.0377624034881592,0.26027223467826843,40.755513956695914,1.7567229270935059,0.3582919239997864,76.41398812602066,0.3582919239997864
0,c27,chimp,rh,CoS,1412.0,970.0,1733.0,2.162,0.746,0.095,0.013,8.0,0.7,0.6316782832145691,1.1676732301712036,0.3121328055858612,66.2711352677841,3.03481125831604,0.43242892622947693,96.06940248289581,0.43242892622947693
0,c27,chimp,rh,MFS,385.0,270.0,600.0,2.406,0.715,0.1,0.022,2.0,0.2,0.06677589565515518,0.5202232003211975,0.03299614042043686,32.62096061558815,3.881434917449951,0.4812169373035431,96.06940248289581,0.4812169373035431
0,c27,chimp,rh,OTS,333.0,230.0,387.0,2.513,0.788,0.133,0.022,3.0,0.3,0.45197761058807373,0.8267226815223694,0.2233368456363678,28.141923787591015,3.3664889335632324,0.5026479959487915,96.06940248289581,0.5026479959487915
0,c29,chimp,lh,CoS,1229.0,838.0,1340.0,1.942,0.699,0.098,0.012,7.0,0.6,0.6495376229286194,1.1652954816818237,0.35922643542289734,66.78102865907373,1.293569564819336,0.38840940594673157,63.4248257906232,0.38840940594673157
0,c29,chimp,lh,MFS,576.0,421.0,775.0,2.186,0.7,0.101,0.014,3.0,0.4,0.20489798486232758,0.680526077747345,0.11331871151924133,48.013206914028125,2.6717443466186523,0.43721967935562134,63.4248257906232,0.43721967935562134
0,c29,chimp,lh,OTS,842.0,577.0,1039.0,1.949,0.798,0.08,0.011,4.0,0.3,0.27554386854171753,0.9884980320930481,0.15238937735557556,37.939816658222426,1.258806586265564,0.38980451226234436,63.4248257906232,0.38980451226234436
0,c29,chimp,rh,CoS,914.0,606.0,751.0,1.484,0.512,0.096,0.011,5.0,0.5,0.5707729458808899,1.0361534357070923,0.28637900948524475,57.15974486825472,1.3115582466125488,0.29673629999160767,56.80555382485821,0.29673629999160767
0,c29,chimp,rh,MFS,558.0,384.0,777.0,2.501,0.725,0.096,0.012,3.0,0.3,0.26234832406044006,0.5782883167266846,0.13163036108016968,41.13801872636109,3.7421462535858154,0.5002217292785645,56.80555382485821,0.5002217292785645
0,c29,chimp,rh,OTS,649.0,462.0,625.0,1.626,0.431,0.108,0.018,4.0,0.5,0.30309581756591797,0.8621524572372437,0.15207496285438538,35.56367570336141,1.7546069622039795,0.32516494393348694,56.80555382485821,0.32516494393348694
0,c30,chimp,lh,CoS,948.0,615.0,1014.0,1.885,0.662,0.098,0.033,9.0,1.8,0.5924960374832153,0.9963169693946838,0.3164326548576355,47.63847187117181,3.5758485794067383,0.3770343065261841,54.9690791334792,0.3770343065261841
0,c30,chimp,lh,MFS,392.0,293.0,665.0,2.539,0.697,0.088,0.015,1.0,0.2,0.2332659363746643,0.6805875897407532,0.12457966059446335,35.9663984165716,1.9085990190505981,0.5077380537986755,54.9690791334792,0.5077380537986755
0,c30,chimp,lh,OTS,1037.0,708.0,975.0,1.561,0.603,0.09,0.017,4.0,0.7,0.3059860169887543,0.7628937363624573,0.1634170562028885,50.22167118876607,1.666872262954712,0.3121137320995331,54.9690791334792,0.3121137320995331
0,c30,chimp,rh,CoS,621.0,410.0,549.0,1.572,0.618,0.097,0.016,3.0,0.4,0.5842987895011902,0.9814886450767517,0.29336994886398315,41.72582050169014,1.7628597021102905,0.3143880367279053,57.23353984685578,0.3143880367279053
0,c30,chimp,rh,MFS,218.0,156.0,366.0,2.504,0.651,0.096,0.018,1.0,0.2,0.1411811113357544,0.404352068901062,0.07088547199964523,20.04150057270217,2.696708917617798,0.5007479786872864,57.23353984685578,0.5007479786872864
0,c30,chimp,rh,OTS,851.0,597.0,763.0,1.512,0.519,0.086,0.015,4.0,0.5,0.2680843472480774,0.8445913791656494,0.13460217416286469,40.40680581355938,2.08138370513916,0.30239203572273254,57.23353984685578,0.30239203572273254
0,c29_nc01,chimp,lh,CoS,746.0,510.0,916.0,2.052,0.669,0.105,0.013,5.0,0.4,0.35576170682907104,0.7199665904045105,0.17067675292491913,55.743362870740604,1.7489796876907349,0.41039344668388367,74.24911382201566,0.41039344668388367
0,c29_nc01,chimp,lh,MFS,535.0,362.0,685.0,2.056,0.893,0.089,0.014,2.0,0.3,0.5044291615486145,1.0300624370574951,0.24199999868869781,31.245299842064128,1.4489250183105469,0.4111698269844055,74.24911382201566,0.4111698269844055
0,c29_nc01,chimp,lh,OTS,789.0,551.0,714.0,1.453,0.35,0.104,0.014,4.0,0.5,0.4135616719722748,0.947758138179779,0.19840630888938904,37.35489370238583,1.2131328582763672,0.2905382215976715,74.24911382201566,0.2905382215976715
0,c29_nc01,chimp,rh,CoS,623.0,416.0,615.0,1.59,0.466,0.09,0.012,3.0,0.3,0.7334280014038086,1.053086757659912,0.3680903911590576,32.06280755819904,1.2611960172653198,0.31804394721984863,75.28594081792454,0.31804394721984863
0,c29_nc01,chimp,rh,MFS,408.0,287.0,816.0,2.897,0.829,0.095,0.02,2.0,0.3,0.19149792194366455,0.577384352684021,0.0961083322763443,29.669695712169123,3.0728979110717773,0.5793923139572144,75.28594081792454,0.5793923139572144
0,c29_nc01,chimp,rh,OTS,1056.0,734.0,1038.0,1.622,0.599,0.099,0.017,5.0,0.8,0.16351206600666046,0.7150585651397705,0.08206288516521454,35.93189269607766,1.4245977401733398,0.32449090480804443,75.28594081792454,0.32449090480804443
0,c30_nc02,chimp,lh,CoS,1273.0,844.0,1410.0,1.946,0.705,0.089,0.011,6.0,0.5,0.6259608864784241,1.2177348136901855,0.327568918466568,51.278100785269125,2.1692922115325928,0.3891306221485138,62.67083358696386,0.3891306221485138
0,c30_nc02,chimp,lh,MFS,396.0,281.0,539.0,2.582,0.54,0.118,0.022,3.0,0.3,0.3290388286113739,0.6757877469062805,0.1721879243850708,27.36719073659486,3.420290470123291,0.516318678855896,62.67083358696386,0.516318678855896
0,c30_nc02,chimp,lh,OTS,702.0,499.0,815.0,1.972,0.626,0.102,0.02,4.0,0.5,0.16441954672336578,0.7545390129089355,0.08604168891906738,42.38144651615375,3.3381567001342773,0.39437517523765564,62.67083358696386,0.39437517523765564
0,c30_nc02,chimp,rh,CoS,1175.0,759.0,1040.0,1.535,0.663,0.084,0.01,6.0,0.5,0.5904760956764221,1.0835919380187988,0.3031383752822876,55.95247986223631,1.256183385848999,0.3070487082004547,63.4553508912541,0.3070487082004547
0,c30_nc02,chimp,rh,MFS,553.0,391.0,655.0,1.856,0.755,0.114,0.022,4.0,0.4,0.391060471534729,0.7539673447608948,0.20076248049736023,36.45306527116999,1.3266010284423828,0.37125489115715027,63.4553508912541,0.37125489115715027
0,c30_nc02,chimp,rh,OTS,384.0,288.0,481.0,2.023,0.47,0.126,0.023,4.0,0.4,0.27437102794647217,0.6766018271446228,0.14085650444030762,29.316996171483364,2.048258066177368,0.40455737709999084,63.4553508912541,0.40455737709999084
