index,Hemi,Avg Count,Percentage,Median Coeff,95% CI Lower,95% CI Upper
mcgs,RH,9.58,34.22,0.14,-2.95,1.89
pos,RH,13.61,48.59,-0.51,-2.91,2.26
sbps,RH,11.57,41.31,-0.47,-3.14,3.11
prculs-d,RH,14.94,53.36,-1.23,-3.89,1.86
prcus-p,RH,15.74,56.21,-1.26,-4.41,-0.03
prcus-i,RH,17.16,61.28,-1.85,-5.27,-0.15
prcus-a,RH,9.78,34.94,-0.78,-4.0,2.45
ifrms,RH,24.21,86.45,-1.76,-4.41,-0.22
sspls-v,RH,12.15,43.39,0.04,-1.97,2.86
mcgs,LH,16.12,46.06,0.81,-1.68,2.82
pos,LH,13.43,38.36,-0.17,-2.25,2.33
sbps,LH,18.87,53.9,-1.46,-3.48,0.05
prculs-d,LH,13.77,39.35,-0.33,-2.65,2.36
prcus-p,LH,23.97,68.48,1.61,0.04,3.87
prcus-i,LH,14.06,40.18,-0.36,-2.12,1.57
prcus-a,LH,12.64,36.13,0.28,-1.97,2.54
ifrms,LH,25.4,72.58,-1.61,-4.04,-0.16
sspls-v,LH,20.34,58.12,1.28,-0.19,3.25
