,sub,hemi,label,vertices,total_surface_area_(mm^2),total_gray_matter_volume_(mm^3),cortical_thickness_mean,cortical_thickness_std,rectified_mean_curvature,rectified_Gaussian_curvature,folding_index,intrinsic_curvature_index,sulcal_depth_mean,sulcal_depth_max,sulcal_depth_mean_pct
0,103,lh,superiorfrontal,14207.0,9364.0,30780.0,2.472,0.357,0.14,0.041,224.0,22.6,-0.7869218587875366,12.197774887084961,-0.046627894043922424
0,103,lh,rostralanteriorcingulate,1844.0,1259.0,4218.0,2.162,0.118,0.14,0.036,28.0,2.5,1.179718255996704,9.040762901306152,0.06990247964859009
0,103,lh,caudalanteriorcingulate,2118.0,1391.0,4388.0,2.093,0.067,0.126,0.025,27.0,2.3,2.518699884414673,8.911407470703125,0.1492418795824051
0,103,rh,superiorfrontal,15084.0,10228.0,33798.0,2.403,0.229,0.14,0.036,223.0,23.1,-0.7493078708648682,13.484864234924316,-0.04372745379805565
0,103,rh,rostralanteriorcingulate,1193.0,771.0,2460.0,2.343,0.029,0.128,0.033,20.0,1.5,1.5119359493255615,9.797995567321777,0.08823222666978836
0,103,rh,caudalanteriorcingulate,1043.0,708.0,2137.0,2.133,0.067,0.134,0.019,17.0,0.8,0.9141967296600342,7.424720287322998,0.05334989354014397
0,111,lh,superiorfrontal,10997.0,7148.0,24122.0,2.157,0.248,0.122,0.031,135.0,13.6,-1.1821080446243286,12.288764953613281,-0.06824575364589691
0,111,lh,rostralanteriorcingulate,1649.0,1091.0,3437.0,2.041,0.068,0.134,0.038,30.0,2.2,1.026517629623413,8.551336288452148,0.059263162314891815
0,111,lh,caudalanteriorcingulate,1548.0,1036.0,3263.0,1.864,0.046,0.128,0.02,20.0,1.2,2.5547306537628174,8.399974822998047,0.14749033749103546
0,111,rh,superiorfrontal,11797.0,7796.0,26083.0,2.188,0.185,0.118,0.024,127.0,11.3,-0.6943150162696838,14.490222930908203,-0.040193408727645874
0,111,rh,rostralanteriorcingulate,1238.0,830.0,2520.0,2.14,0.032,0.122,0.026,19.0,1.2,1.3490465879440308,9.087925910949707,0.07809535413980484
0,111,rh,caudalanteriorcingulate,1283.0,859.0,2635.0,1.998,0.06,0.134,0.026,19.0,1.3,0.8299892544746399,7.182620525360107,0.048047490417957306
0,115,lh,superiorfrontal,12790.0,8425.0,30188.0,2.27,0.295,0.123,0.027,140.0,13.8,-1.3607603311538696,12.47502326965332,-0.08329243957996368
0,115,lh,rostralanteriorcingulate,1720.0,1140.0,3815.0,2.074,0.066,0.122,0.028,23.0,1.9,1.990844964981079,9.157901763916016,0.12186005711555481
0,115,lh,caudalanteriorcingulate,1779.0,1166.0,3548.0,1.949,0.037,0.11,0.018,17.0,1.3,2.673607349395752,7.967687129974365,0.16365209221839905
0,115,rh,superiorfrontal,13605.0,8892.0,29918.0,2.335,0.257,0.129,0.03,176.0,16.3,-0.8309124708175659,13.646822929382324,-0.048352207988500595
0,115,rh,rostralanteriorcingulate,1480.0,971.0,3562.0,2.224,0.085,0.13,0.038,26.0,2.0,1.3640590906143188,9.393325805664062,0.07937689870595932
0,115,rh,caudalanteriorcingulate,1472.0,968.0,2841.0,2.02,0.097,0.141,0.023,23.0,1.3,1.7200618982315063,6.911738872528076,0.100093312561512
0,118,lh,superiorfrontal,12056.0,7676.0,22669.0,2.291,0.267,0.136,0.048,211.0,26.1,-1.0238771438598633,12.035253524780273,-0.06175677850842476
0,118,lh,rostralanteriorcingulate,1537.0,969.0,3012.0,2.128,0.077,0.148,0.051,29.0,3.2,1.6900922060012817,8.943717956542969,0.10194060206413269
0,118,lh,caudalanteriorcingulate,1440.0,915.0,2618.0,1.95,0.047,0.128,0.027,19.0,1.5,2.9358866214752197,9.54508113861084,0.17708267271518707
0,118,rh,superiorfrontal,12417.0,8066.0,23455.0,2.404,0.253,0.133,0.039,183.0,18.8,-0.5590851902961731,14.169233322143555,-0.03257694095373154
0,118,rh,rostralanteriorcingulate,1280.0,809.0,2467.0,2.088,0.05,0.112,0.03,15.0,1.4,2.2526676654815674,8.231321334838867,0.13125909864902496
0,118,rh,caudalanteriorcingulate,1119.0,711.0,2103.0,1.97,0.091,0.148,0.03,26.0,1.4,0.5149128437042236,8.1318941116333,0.03000309132039547
0,123,lh,superiorfrontal,11681.0,7791.0,25810.0,2.214,0.279,0.123,0.027,142.0,12.8,-0.982136607170105,13.717157363891602,-0.0630425438284874
0,123,lh,rostralanteriorcingulate,1181.0,777.0,2660.0,1.873,0.049,0.127,0.031,16.0,1.3,1.7393335103988647,8.2765474319458,0.1116463914513588
0,123,lh,caudalanteriorcingulate,1249.0,864.0,2503.0,1.794,0.097,0.135,0.025,21.0,1.2,2.2840511798858643,8.52904224395752,0.14661137759685516
0,123,rh,superiorfrontal,11594.0,7899.0,24692.0,2.247,0.205,0.128,0.026,156.0,12.2,-0.8159509301185608,12.70663833618164,-0.05029086396098137
0,123,rh,rostralanteriorcingulate,1250.0,818.0,2667.0,1.983,0.085,0.129,0.026,24.0,1.3,1.1443569660186768,5.533431053161621,0.07053205370903015
0,123,rh,caudalanteriorcingulate,1255.0,786.0,2158.0,1.822,0.07,0.148,0.02,25.0,1.0,1.8535304069519043,6.216434478759766,0.11424172669649124
0,124,lh,superiorfrontal,11228.0,7233.0,22806.0,2.287,0.304,0.125,0.041,151.0,20.0,-0.9266979098320007,11.940102577209473,-0.05603961646556854
0,124,lh,rostralanteriorcingulate,1103.0,728.0,2371.0,2.044,0.062,0.133,0.035,18.0,1.3,2.6164822578430176,9.545809745788574,0.15822486579418182
0,124,lh,caudalanteriorcingulate,1362.0,907.0,2965.0,1.924,0.045,0.118,0.025,14.0,1.5,2.7345497608184814,8.282273292541504,0.16536471247673035
0,124,rh,superiorfrontal,10737.0,6965.0,22016.0,2.325,0.245,0.125,0.035,151.0,15.0,-0.6217753291130066,13.466769218444824,-0.03674013912677765
0,124,rh,rostralanteriorcingulate,1073.0,742.0,2705.0,2.099,0.084,0.139,0.033,16.0,1.5,0.9643718600273132,7.653233051300049,0.05698384717106819
0,124,rh,caudalanteriorcingulate,1066.0,716.0,2157.0,2.057,0.078,0.138,0.028,19.0,1.3,0.9949411749839783,9.104902267456055,0.058790162205696106
0,127,lh,superiorfrontal,13490.0,8092.0,26813.0,2.204,0.338,0.12,0.036,218.0,20.5,-0.7968820333480835,13.719345092773438,-0.047082915902137756
0,127,lh,rostralanteriorcingulate,1542.0,1026.0,3525.0,1.87,0.049,0.139,0.045,25.0,3.0,1.5036851167678833,6.374294281005859,0.08884361386299133
0,127,lh,caudalanteriorcingulate,1289.0,833.0,2555.0,1.75,0.064,0.124,0.023,13.0,1.2,3.240403652191162,8.231148719787598,0.19145575165748596
0,127,rh,superiorfrontal,12307.0,7945.0,26304.0,2.173,0.3,0.13,0.034,159.0,16.5,-0.8126571178436279,12.745882987976074,-0.04490497708320618
0,127,rh,rostralanteriorcingulate,1059.0,729.0,2637.0,1.964,0.043,0.127,0.032,15.0,1.3,1.6119270324707031,7.5581464767456055,0.08907023817300797
0,127,rh,caudalanteriorcingulate,1079.0,678.0,2077.0,1.773,0.064,0.151,0.027,20.0,1.1,1.9312256574630737,7.313941955566406,0.10671371966600418
0,129,lh,superiorfrontal,14163.0,9182.0,31756.0,2.276,0.278,0.126,0.028,158.0,16.1,-1.0648305416107178,11.902264595031738,-0.06512341648340225
0,129,lh,rostralanteriorcingulate,2252.0,1513.0,4390.0,2.196,0.043,0.13,0.033,39.0,2.7,1.6950491666793823,10.05666446685791,0.10366662591695786
0,129,lh,caudalanteriorcingulate,2077.0,1378.0,4112.0,1.971,0.086,0.106,0.017,22.0,1.3,2.7273082733154297,8.724930763244629,0.16679802536964417
0,129,rh,superiorfrontal,18330.0,12181.0,39610.0,2.421,0.303,0.125,0.027,211.0,19.8,-0.3466111719608307,12.428279876708984,-0.01931857131421566
0,129,rh,rostralanteriorcingulate,1219.0,791.0,1920.0,2.114,0.045,0.097,0.018,13.0,0.8,1.615977168083191,9.217649459838867,0.09006740897893906
0,129,rh,caudalanteriorcingulate,897.0,609.0,1456.0,1.968,0.062,0.139,0.013,14.0,0.5,1.420645833015442,6.903214931488037,0.079180508852005
0,130,lh,superiorfrontal,11064.0,7247.0,24207.0,2.199,0.293,0.131,0.031,141.0,13.2,-1.269350290298462,11.18305778503418,-0.0782860592007637
0,130,lh,rostralanteriorcingulate,1510.0,992.0,3004.0,1.966,0.075,0.143,0.035,25.0,2.3,1.1648508310317993,8.171895980834961,0.07184115052223206
0,130,lh,caudalanteriorcingulate,1349.0,925.0,2898.0,1.824,0.034,0.128,0.025,17.0,1.3,2.7214317321777344,8.986355781555176,0.16784188151359558
0,130,rh,superiorfrontal,12231.0,8034.0,25368.0,2.214,0.217,0.132,0.03,155.0,14.9,-0.6970704197883606,13.353593826293945,-0.04299473762512207
0,130,rh,rostralanteriorcingulate,1105.0,727.0,2163.0,2.018,0.059,0.152,0.042,20.0,2.0,1.6127128601074219,9.298831939697266,0.09947080910205841
0,130,rh,caudalanteriorcingulate,1165.0,784.0,2366.0,1.896,0.046,0.142,0.022,20.0,0.9,1.6292017698287964,7.612824440002441,0.1004878357052803
0,134,lh,superiorfrontal,12017.0,7871.0,25738.0,2.293,0.196,0.129,0.029,141.0,14.2,-0.9891462922096252,11.845010757446289,-0.05954089015722275
0,134,lh,rostralanteriorcingulate,2074.0,1350.0,4563.0,2.171,0.064,0.121,0.03,27.0,2.7,1.5925666093826294,9.448776245117188,0.09586330503225327
0,134,lh,caudalanteriorcingulate,1952.0,1285.0,4073.0,2.04,0.063,0.13,0.025,28.0,1.7,2.571498155593872,9.216289520263672,0.15478932857513428
0,134,rh,superiorfrontal,13582.0,8898.0,28802.0,2.357,0.239,0.129,0.03,164.0,15.7,-0.3334496319293976,13.9528226852417,-0.019870050251483917
0,134,rh,rostralanteriorcingulate,1567.0,1026.0,3449.0,2.201,0.055,0.138,0.036,27.0,2.2,0.5927033424377441,8.578707695007324,0.03531882166862488
0,134,rh,caudalanteriorcingulate,1544.0,1045.0,3327.0,2.128,0.094,0.144,0.026,30.0,1.5,0.680489718914032,8.375048637390137,0.04054995998740196
0,142,lh,superiorfrontal,15283.0,9795.0,29345.0,2.277,0.201,0.123,0.029,196.0,18.0,-1.1372959613800049,13.895601272583008,-0.06974773854017258
0,142,lh,rostralanteriorcingulate,2333.0,1528.0,4467.0,2.11,0.125,0.114,0.022,36.0,1.9,1.366736650466919,8.862456321716309,0.08381880819797516
0,142,lh,caudalanteriorcingulate,1981.0,1291.0,3672.0,2.001,0.087,0.113,0.019,22.0,1.4,2.245452404022217,8.387456893920898,0.13770842552185059
0,142,rh,superiorfrontal,16517.0,10764.0,31232.0,2.364,0.196,0.124,0.031,221.0,19.7,-0.387501984834671,14.981683731079102,-0.022308869287371635
0,142,rh,rostralanteriorcingulate,1646.0,1106.0,3232.0,2.218,0.06,0.125,0.021,21.0,1.4,0.6943104267120361,8.64391040802002,0.039972126483917236
0,142,rh,caudalanteriorcingulate,1467.0,956.0,2762.0,2.015,0.136,0.135,0.022,25.0,1.2,1.2172194719314575,8.125402450561523,0.07007651776075363
0,143,lh,superiorfrontal,13647.0,9112.0,30012.0,2.353,0.263,0.126,0.03,176.0,16.4,-1.0159275531768799,11.586654663085938,-0.06415669620037079
0,143,lh,rostralanteriorcingulate,2009.0,1305.0,3947.0,2.192,0.07,0.143,0.036,42.0,2.8,1.6516762971878052,9.660266876220703,0.10430476814508438
0,143,lh,caudalanteriorcingulate,1749.0,1168.0,3455.0,2.07,0.068,0.142,0.034,35.0,2.4,2.1143577098846436,8.87044906616211,0.13352350890636444
0,143,rh,superiorfrontal,16213.0,10887.0,33571.0,2.44,0.236,0.127,0.031,220.0,19.9,-0.5328607559204102,13.900651931762695,-0.031834013760089874
0,143,rh,rostralanteriorcingulate,1818.0,1186.0,3894.0,2.376,0.098,0.118,0.026,27.0,1.9,1.1811175346374512,7.916430950164795,0.07056199759244919
0,143,rh,caudalanteriorcingulate,941.0,620.0,1576.0,2.14,0.139,0.131,0.014,16.0,0.5,1.6101936101913452,7.89815092086792,0.09619574248790741
0,147,lh,superiorfrontal,13739.0,9223.0,30125.0,2.445,0.35,0.129,0.034,224.0,20.0,-0.8667580485343933,12.555578231811523,-0.05644558370113373
0,147,lh,rostralanteriorcingulate,1711.0,1141.0,3618.0,2.136,0.071,0.135,0.036,29.0,2.4,1.6303565502166748,10.018402099609375,0.10617314279079437
0,147,lh,caudalanteriorcingulate,1651.0,1031.0,3129.0,1.961,0.083,0.131,0.027,28.0,1.8,2.4866490364074707,8.853866577148438,0.1619371771812439
0,147,rh,superiorfrontal,15527.0,10343.0,33024.0,2.464,0.292,0.125,0.031,210.0,19.2,-0.3753475546836853,14.698773384094238,-0.02217344380915165
0,147,rh,rostralanteriorcingulate,1383.0,964.0,3110.0,2.198,0.06,0.137,0.035,29.0,2.0,0.7201375961303711,9.022221565246582,0.04254170507192612
0,147,rh,caudalanteriorcingulate,1317.0,841.0,2621.0,1.997,0.134,0.139,0.023,30.0,1.2,0.9351173639297485,8.25115966796875,0.05524151399731636
0,148,lh,superiorfrontal,13453.0,7963.0,24611.0,2.174,0.278,0.116,0.038,182.0,21.6,-0.663334846496582,12.029187202453613,-0.04062359780073166
0,148,lh,rostralanteriorcingulate,1877.0,1229.0,3609.0,2.011,0.049,0.145,0.036,32.0,2.6,1.988814353942871,8.597761154174805,0.12179791927337646
0,148,lh,caudalanteriorcingulate,1692.0,1119.0,3132.0,1.84,0.057,0.148,0.028,31.0,1.9,2.6859381198883057,8.467637062072754,0.16449080407619476
0,148,rh,superiorfrontal,14358.0,8737.0,26883.0,2.184,0.234,0.123,0.037,192.0,22.7,-0.5875700116157532,12.937891006469727,-0.035388171672821045
0,148,rh,rostralanteriorcingulate,1291.0,839.0,2787.0,2.119,0.044,0.144,0.036,27.0,2.0,1.4252264499664307,9.783955574035645,0.08583855628967285
0,148,rh,caudalanteriorcingulate,1156.0,822.0,2627.0,1.898,0.082,0.139,0.025,17.0,1.2,1.213712215423584,7.619067192077637,0.07309947162866592
0,149,lh,superiorfrontal,11139.0,7458.0,23802.0,2.511,0.214,0.136,0.033,155.0,15.1,-1.214310646057129,12.3986234664917,-0.07309958338737488
0,149,lh,rostralanteriorcingulate,1837.0,1244.0,3681.0,2.143,0.072,0.144,0.037,38.0,2.7,0.6739559769630432,8.801438331604004,0.04057108610868454
0,149,lh,caudalanteriorcingulate,1790.0,1140.0,3178.0,2.129,0.137,0.152,0.032,34.0,2.4,2.1813297271728516,8.868356704711914,0.13131262362003326
0,149,rh,superiorfrontal,12986.0,8458.0,25239.0,2.496,0.186,0.131,0.035,178.0,18.3,-0.6705670952796936,14.102375030517578,-0.037852250039577484
0,149,rh,rostralanteriorcingulate,1359.0,925.0,2785.0,2.228,0.084,0.145,0.039,31.0,2.0,0.9156007170677185,8.107240676879883,0.0516839325428009
0,149,rh,caudalanteriorcingulate,1487.0,998.0,2633.0,2.143,0.114,0.139,0.024,26.0,1.4,1.1301997900009155,8.383298873901367,0.06379764527082443
0,153,lh,superiorfrontal,12673.0,8258.0,26989.0,2.198,0.216,0.125,0.029,135.0,14.6,-0.8908674120903015,14.326081275939941,-0.05158905312418938
0,153,lh,rostralanteriorcingulate,2030.0,1341.0,4005.0,2.007,0.083,0.124,0.029,30.0,2.3,1.298681378364563,9.065033912658691,0.07520507276058197
0,153,lh,caudalanteriorcingulate,1599.0,1069.0,3166.0,1.838,0.058,0.123,0.024,18.0,1.3,2.7301809787750244,7.691043376922607,0.15810148417949677
0,153,rh,superiorfrontal,14582.0,9530.0,30474.0,2.193,0.221,0.127,0.032,169.0,18.3,-0.5269840955734253,13.18886947631836,-0.03032725676894188
0,153,rh,rostralanteriorcingulate,1180.0,775.0,2126.0,2.085,0.063,0.126,0.025,20.0,0.9,1.4940928220748901,7.362608909606934,0.08598311990499496
0,153,rh,caudalanteriorcingulate,1227.0,838.0,2440.0,1.881,0.065,0.139,0.022,20.0,1.1,1.3214175701141357,8.372973442077637,0.07604588568210602
0,160,lh,superiorfrontal,12478.0,7861.0,26796.0,2.41,0.238,0.127,0.036,186.0,18.8,-1.095452070236206,13.38696002960205,-0.06718731671571732
0,160,lh,rostralanteriorcingulate,1587.0,1085.0,3646.0,2.243,0.062,0.144,0.039,29.0,2.7,1.559739589691162,9.698612213134766,0.09566343575716019
0,160,lh,caudalanteriorcingulate,1692.0,1102.0,3270.0,2.089,0.052,0.135,0.026,28.0,1.6,2.4288346767425537,9.299362182617188,0.14896762371063232
0,160,rh,superiorfrontal,12560.0,8520.0,27901.0,2.412,0.305,0.122,0.029,160.0,14.4,-0.6232582330703735,12.722116470336914,-0.036252111196517944
0,160,rh,rostralanteriorcingulate,1210.0,808.0,2738.0,2.263,0.097,0.13,0.038,26.0,2.1,0.939684271812439,8.45263385772705,0.05465717613697052
0,160,rh,caudalanteriorcingulate,1376.0,865.0,2954.0,1.981,0.08,0.145,0.025,27.0,1.4,1.3552086353302002,7.376871585845947,0.07882634550333023
0,171,lh,superiorfrontal,17445.0,10963.0,34062.0,2.456,0.328,0.138,0.06,347.0,40.3,-0.9302404522895813,12.710254669189453,-0.05534094199538231
0,171,lh,rostralanteriorcingulate,1764.0,1141.0,3685.0,2.139,0.106,0.136,0.04,33.0,2.9,1.6733070611953735,8.973742485046387,0.09954670816659927
0,171,lh,caudalanteriorcingulate,2074.0,1364.0,4210.0,2.061,0.058,0.147,0.048,38.0,3.9,2.259752035140991,8.494900703430176,0.13443490862846375
0,171,rh,superiorfrontal,18172.0,11765.0,37827.0,2.608,0.368,0.142,0.055,330.0,41.7,-0.3307093679904938,15.740784645080566,-0.018829770386219025
0,171,rh,rostralanteriorcingulate,1182.0,763.0,2489.0,2.255,0.077,0.125,0.036,18.0,1.5,0.8288719654083252,8.225854873657227,0.047193918377161026
0,171,rh,caudalanteriorcingulate,1101.0,699.0,2527.0,2.177,0.102,0.132,0.029,17.0,1.0,1.1274083852767944,7.7477545738220215,0.06419184058904648
0,176,lh,superiorfrontal,12544.0,7832.0,21010.0,2.305,0.269,0.142,0.054,184.0,29.6,-1.0914021730422974,12.68038272857666,-0.0645986795425415
0,176,lh,rostralanteriorcingulate,1346.0,909.0,2859.0,1.956,0.079,0.133,0.045,21.0,2.8,2.3771936893463135,8.606389999389648,0.1407030075788498
0,176,lh,caudalanteriorcingulate,1612.0,1044.0,2873.0,1.901,0.093,0.13,0.038,20.0,2.3,2.603132724761963,8.06704044342041,0.15407603979110718
0,176,rh,superiorfrontal,15022.0,9467.0,25190.0,2.195,0.246,0.141,0.055,223.0,34.6,-0.6423073410987854,12.996831893920898,-0.03729601949453354
0,176,rh,rostralanteriorcingulate,999.0,646.0,1896.0,2.039,0.059,0.134,0.04,16.0,1.7,1.8543734550476074,8.910470008850098,0.1076754480600357
0,176,rh,caudalanteriorcingulate,1018.0,627.0,2007.0,1.837,0.064,0.141,0.04,17.0,1.5,1.8474119901657104,7.361353874206543,0.1072712391614914
0,178,lh,superiorfrontal,12973.0,8534.0,28424.0,2.288,0.292,0.129,0.027,164.0,14.0,-0.8826361894607544,13.137622833251953,-0.051833704113960266
0,178,lh,rostralanteriorcingulate,1609.0,1033.0,3103.0,1.973,0.064,0.13,0.03,29.0,1.7,1.5314139127731323,8.59428882598877,0.089933842420578
0,178,lh,caudalanteriorcingulate,1590.0,1067.0,3033.0,1.841,0.079,0.142,0.022,27.0,1.3,2.264427900314331,6.82204532623291,0.1329808384180069
0,178,rh,superiorfrontal,13946.0,9266.0,30198.0,2.353,0.317,0.128,0.027,178.0,14.7,-0.5433862805366516,13.816630363464355,-0.03288630396127701
0,178,rh,rostralanteriorcingulate,1064.0,726.0,2223.0,2.089,0.076,0.131,0.028,18.0,1.2,1.4219547510147095,8.137164115905762,0.08605819195508957
0,178,rh,caudalanteriorcingulate,1094.0,699.0,2078.0,1.858,0.09,0.143,0.021,22.0,0.9,1.0865938663482666,6.465361595153809,0.06576179713010788
0,179,lh,superiorfrontal,12281.0,8165.0,26326.0,2.134,0.221,0.118,0.025,120.0,12.3,-1.2141563892364502,12.702549934387207,-0.07444410771131516
0,179,lh,rostralanteriorcingulate,1902.0,1244.0,3958.0,2.041,0.041,0.128,0.027,32.0,1.9,1.367817997932434,9.957219123840332,0.08386562019586563
0,179,lh,caudalanteriorcingulate,1734.0,1139.0,3193.0,1.835,0.069,0.124,0.018,23.0,1.1,3.082097053527832,8.847807884216309,0.18897399306297302
0,179,rh,superiorfrontal,14244.0,9441.0,29621.0,2.259,0.252,0.114,0.025,143.0,14.1,-0.4415767192840576,14.87272834777832,-0.028216753154993057
0,179,rh,rostralanteriorcingulate,1346.0,891.0,2877.0,2.104,0.027,0.131,0.029,23.0,1.3,1.0122169256210327,8.075194358825684,0.06468065828084946
0,179,rh,caudalanteriorcingulate,1394.0,903.0,2550.0,1.915,0.118,0.13,0.022,21.0,1.2,1.051042914390564,8.048720359802246,0.06716163456439972
0,181,lh,superiorfrontal,14387.0,9644.0,30194.0,2.471,0.307,0.145,0.047,226.0,28.0,-0.9135695099830627,11.880936622619629,-0.05426347628235817
0,181,lh,rostralanteriorcingulate,1543.0,1043.0,3485.0,2.102,0.06,0.127,0.039,19.0,2.5,2.4070358276367188,9.13980770111084,0.1429712176322937
0,181,lh,caudalanteriorcingulate,1833.0,1208.0,3540.0,2.063,0.109,0.137,0.032,29.0,2.5,2.3332672119140625,8.926507949829102,0.13858957588672638
0,181,rh,superiorfrontal,14421.0,9568.0,30280.0,2.448,0.29,0.141,0.046,222.0,27.8,-0.36459842324256897,14.279099464416504,-0.02179376780986786
0,181,rh,rostralanteriorcingulate,1255.0,887.0,3101.0,2.167,0.066,0.137,0.031,19.0,1.7,0.7218105792999268,9.445195198059082,0.0431460365653038
0,181,rh,caudalanteriorcingulate,1386.0,909.0,2773.0,2.012,0.116,0.153,0.04,29.0,2.0,0.36682233214378357,7.745523929595947,0.02192670851945877
0,183,lh,superiorfrontal,13013.0,8525.0,28456.0,2.109,0.217,0.123,0.03,159.0,16.1,-1.4054445028305054,13.102912902832031,-0.08552664518356323
0,183,lh,rostralanteriorcingulate,1945.0,1244.0,3648.0,1.94,0.038,0.127,0.03,31.0,2.2,1.8007725477218628,8.587186813354492,0.10958386957645416
0,183,lh,caudalanteriorcingulate,1617.0,1080.0,3140.0,1.776,0.045,0.132,0.022,21.0,1.4,2.5097618103027344,7.844473838806152,0.1527285873889923
0,183,rh,superiorfrontal,14171.0,9422.0,30506.0,2.153,0.18,0.119,0.029,160.0,17.2,-0.5862243175506592,14.467836380004883,-0.03537965938448906
0,183,rh,rostralanteriorcingulate,1380.0,882.0,2724.0,2.118,0.049,0.127,0.034,23.0,2.3,1.2147064208984375,9.419955253601074,0.07330965995788574
0,183,rh,caudalanteriorcingulate,1338.0,895.0,2388.0,1.932,0.065,0.125,0.016,19.0,1.0,1.1063954830169678,7.464921951293945,0.06677291542291641
0,184,lh,superiorfrontal,10749.0,7161.0,24934.0,2.365,0.23,0.134,0.032,153.0,13.7,-1.1769393682479858,12.786486625671387,-0.07266835123300552
0,184,lh,rostralanteriorcingulate,1462.0,974.0,3244.0,2.123,0.058,0.149,0.042,31.0,2.3,1.440746784210205,8.219300270080566,0.08895674347877502
0,184,lh,caudalanteriorcingulate,1482.0,974.0,2935.0,2.011,0.068,0.133,0.024,21.0,1.4,2.6598968505859375,8.499069213867188,0.1642313301563263
0,184,rh,superiorfrontal,13153.0,8633.0,29228.0,2.424,0.23,0.134,0.034,196.0,17.5,-0.6567563414573669,11.221857070922852,-0.03784206882119179
0,184,rh,rostralanteriorcingulate,916.0,585.0,1768.0,2.133,0.087,0.124,0.035,16.0,1.3,1.4765294790267944,7.981512546539307,0.08507709950208664
0,184,rh,caudalanteriorcingulate,983.0,641.0,2010.0,2.035,0.088,0.147,0.024,18.0,1.0,1.366496205329895,7.701631546020508,0.07873702794313431
0,185,lh,superiorfrontal,10199.0,6869.0,23609.0,2.369,0.195,0.133,0.033,147.0,13.5,-1.043296217918396,12.021812438964844,-0.060065001249313354
0,185,lh,rostralanteriorcingulate,1632.0,1037.0,3370.0,2.104,0.063,0.121,0.031,25.0,1.6,1.788469672203064,8.184734344482422,0.10296638309955597
0,185,lh,caudalanteriorcingulate,1457.0,962.0,2817.0,2.096,0.05,0.116,0.018,15.0,1.0,3.17246413230896,9.411332130432129,0.18264617025852203
0,185,rh,superiorfrontal,12575.0,8363.0,28753.0,2.424,0.313,0.123,0.03,152.0,15.2,-0.7299520969390869,12.197799682617188,-0.042674724012613297
0,185,rh,rostralanteriorcingulate,1304.0,838.0,2962.0,2.135,0.07,0.144,0.042,26.0,2.2,1.1472392082214355,7.144711971282959,0.06707032024860382
0,185,rh,caudalanteriorcingulate,1028.0,617.0,1898.0,1.951,0.093,0.143,0.027,22.0,1.1,1.673536777496338,7.495450973510742,0.09783891588449478
0,187,lh,superiorfrontal,14832.0,9281.0,26843.0,2.16,0.291,0.112,0.026,147.0,15.8,-0.969630777835846,12.024410247802734,-0.06000083312392235
0,187,lh,rostralanteriorcingulate,1810.0,1185.0,3638.0,1.902,0.071,0.12,0.024,20.0,1.6,1.3056753873825073,8.163097381591797,0.0807953029870987
0,187,lh,caudalanteriorcingulate,1993.0,1315.0,3716.0,1.79,0.062,0.116,0.017,21.0,1.3,2.8097422122955322,8.824224472045898,0.1738671064376831
0,187,rh,superiorfrontal,16452.0,10420.0,29787.0,2.224,0.219,0.12,0.029,181.0,19.3,-0.7290934324264526,15.127618789672852,-0.04251103103160858
0,187,rh,rostralanteriorcingulate,1588.0,1069.0,2928.0,1.991,0.065,0.114,0.022,21.0,1.4,0.9530446529388428,9.842520713806152,0.05556889623403549
0,187,rh,caudalanteriorcingulate,1623.0,1084.0,3010.0,1.881,0.103,0.135,0.023,27.0,1.5,0.9860102534294128,7.183263778686523,0.057491008192300797
0,189,lh,superiorfrontal,12221.0,7789.0,26891.0,2.341,0.188,0.124,0.034,185.0,16.6,-0.8361778855323792,13.822920799255371,-0.05187086760997772
0,189,lh,rostralanteriorcingulate,1585.0,1030.0,3347.0,2.118,0.099,0.148,0.05,41.0,2.9,1.2051167488098145,9.429893493652344,0.07475735992193222
0,189,lh,caudalanteriorcingulate,1430.0,967.0,3216.0,1.992,0.066,0.13,0.022,23.0,1.3,2.5890984535217285,9.616168975830078,0.16061030328273773
0,189,rh,superiorfrontal,14159.0,8907.0,28162.0,2.315,0.196,0.124,0.041,211.0,23.6,-0.5680402517318726,13.91321086883545,-0.033574722707271576
0,189,rh,rostralanteriorcingulate,928.0,589.0,2268.0,2.111,0.066,0.129,0.037,15.0,1.4,1.787871241569519,8.165318489074707,0.10567432641983032
0,189,rh,caudalanteriorcingulate,1096.0,722.0,2298.0,2.05,0.067,0.134,0.021,17.0,0.9,1.383386254310608,8.347028732299805,0.08176674693822861
0,190,lh,superiorfrontal,12842.0,8536.0,27228.0,2.256,0.227,0.126,0.027,144.0,14.4,-1.0164133310317993,12.064864158630371,-0.06057756021618843
0,190,lh,rostralanteriorcingulate,2136.0,1379.0,4036.0,2.147,0.04,0.117,0.024,28.0,1.9,1.1894334554672241,10.16603946685791,0.0708894282579422
0,190,lh,caudalanteriorcingulate,1690.0,1130.0,3472.0,1.955,0.035,0.12,0.018,18.0,1.2,2.634477376937866,8.824409484863281,0.15701304376125336
0,190,rh,superiorfrontal,16133.0,10430.0,32657.0,2.265,0.258,0.123,0.03,184.0,18.9,-0.4858982264995575,14.84450626373291,-0.028327569365501404
0,190,rh,rostralanteriorcingulate,1328.0,887.0,2553.0,2.255,0.052,0.128,0.032,22.0,1.4,0.5595240592956543,8.039533615112305,0.032619912177324295
0,190,rh,caudalanteriorcingulate,1265.0,854.0,2381.0,2.028,0.069,0.132,0.019,24.0,1.0,0.1836172640323639,7.28016471862793,0.010704774409532547
0,191,lh,superiorfrontal,11940.0,7960.0,24064.0,2.177,0.183,0.125,0.026,132.0,12.3,-1.0132532119750977,9.964463233947754,-0.06078779697418213
0,191,lh,rostralanteriorcingulate,2037.0,1387.0,4286.0,2.014,0.058,0.128,0.028,30.0,2.1,1.6436107158660889,8.803939819335938,0.09860463440418243
0,191,lh,caudalanteriorcingulate,1661.0,1097.0,2994.0,1.898,0.071,0.137,0.024,25.0,1.5,3.1391096115112305,10.098509788513184,0.18832364678382874
0,191,rh,superiorfrontal,12747.0,8520.0,25745.0,2.27,0.185,0.128,0.029,142.0,15.3,-0.579371988773346,13.894658088684082,-0.03384273126721382
0,191,rh,rostralanteriorcingulate,1082.0,697.0,2238.0,2.059,0.062,0.141,0.037,17.0,1.8,1.5750175714492798,8.19970989227295,0.09200118482112885
0,191,rh,caudalanteriorcingulate,1214.0,815.0,2499.0,1.967,0.129,0.159,0.032,27.0,1.8,0.7132634520530701,7.7607645988464355,0.04166371375322342
0,193,lh,superiorfrontal,12590.0,7974.0,24962.0,2.196,0.216,0.129,0.034,162.0,17.5,-1.022865653038025,10.596945762634277,-0.06285014003515244
0,193,lh,rostralanteriorcingulate,1780.0,1226.0,3400.0,2.082,0.039,0.131,0.028,31.0,1.8,1.6305304765701294,9.822449684143066,0.10018820315599442
0,193,lh,caudalanteriorcingulate,1970.0,1273.0,3308.0,1.981,0.065,0.136,0.028,34.0,2.3,2.517533302307129,9.209050178527832,0.154690220952034
0,193,rh,superiorfrontal,14126.0,9139.0,27591.0,2.215,0.183,0.122,0.028,158.0,16.0,-0.3305843770503998,14.202330589294434,-0.018985653296113014
0,193,rh,rostralanteriorcingulate,1262.0,825.0,2551.0,2.084,0.068,0.135,0.026,26.0,1.4,0.8756025433540344,7.752278804779053,0.050286371260881424
0,193,rh,caudalanteriorcingulate,1417.0,930.0,2522.0,1.967,0.048,0.134,0.019,23.0,1.0,1.6157474517822266,7.888073921203613,0.09279332309961319
0,194,lh,superiorfrontal,12838.0,8532.0,30973.0,2.338,0.377,0.12,0.027,134.0,14.5,-1.016494631767273,12.602540969848633,-0.061136629432439804
0,194,lh,rostralanteriorcingulate,1931.0,1262.0,3971.0,2.097,0.187,0.157,0.048,45.0,3.7,0.8581473231315613,7.967670440673828,0.05161289870738983
0,194,lh,caudalanteriorcingulate,1277.0,858.0,2608.0,1.765,0.077,0.121,0.022,14.0,1.1,2.6169848442077637,7.321382522583008,0.15739740431308746
0,194,rh,superiorfrontal,14503.0,9632.0,33734.0,2.346,0.325,0.117,0.027,163.0,15.8,-0.6177094578742981,14.994421005249023,-0.0350336953997612
0,194,rh,rostralanteriorcingulate,1152.0,786.0,2315.0,2.074,0.081,0.138,0.03,17.0,1.4,1.2304019927978516,7.660676956176758,0.06978285312652588
0,194,rh,caudalanteriorcingulate,930.0,615.0,1835.0,1.865,0.113,0.132,0.019,14.0,0.8,1.7151285409927368,6.596092700958252,0.09727435559034348
0,195,lh,superiorfrontal,11581.0,7641.0,24687.0,2.176,0.24,0.125,0.028,140.0,12.9,-0.968793511390686,11.853352546691895,-0.060694996267557144
0,195,lh,rostralanteriorcingulate,1670.0,1057.0,3309.0,2.002,0.082,0.144,0.04,41.0,2.5,0.6365519165992737,6.298035621643066,0.03988002985715866
0,195,lh,caudalanteriorcingulate,1158.0,754.0,2179.0,1.86,0.029,0.13,0.025,17.0,1.1,3.2068355083465576,8.99089241027832,0.20090851187705994
0,195,rh,superiorfrontal,12562.0,8342.0,25927.0,2.158,0.199,0.128,0.03,159.0,15.1,-0.6244495511054993,11.717551231384277,-0.03733521327376366
0,195,rh,rostralanteriorcingulate,1059.0,696.0,2282.0,1.989,0.063,0.132,0.031,19.0,1.3,1.0883792638778687,8.3897066116333,0.06507310271263123
0,195,rh,caudalanteriorcingulate,1046.0,688.0,1970.0,1.827,0.054,0.139,0.019,16.0,0.9,1.1249397993087769,6.229613780975342,0.06725901365280151
0,196,lh,superiorfrontal,11322.0,7514.0,26901.0,2.227,0.241,0.12,0.028,126.0,12.5,-1.1850284337997437,10.837506294250488,-0.0729450210928917
0,196,lh,rostralanteriorcingulate,1975.0,1287.0,4090.0,2.084,0.064,0.145,0.04,42.0,3.2,1.3860607147216797,8.556965827941895,0.08531966805458069
0,196,lh,caudalanteriorcingulate,1966.0,1292.0,4067.0,1.853,0.087,0.132,0.021,29.0,1.5,1.8396501541137695,8.003096580505371,0.11324058473110199
0,196,rh,superiorfrontal,13194.0,8863.0,30438.0,2.391,0.217,0.125,0.028,176.0,15.0,-0.919745922088623,13.342947006225586,-0.053916577249765396
0,196,rh,rostralanteriorcingulate,1229.0,810.0,2568.0,2.303,0.056,0.122,0.028,19.0,1.4,1.6446073055267334,9.233329772949219,0.09640879184007645
0,196,rh,caudalanteriorcingulate,1213.0,825.0,2546.0,1.991,0.135,0.118,0.015,15.0,0.7,1.5747966766357422,8.563055992126465,0.09231641888618469
0,197,lh,superiorfrontal,12164.0,7863.0,25783.0,2.313,0.275,0.129,0.034,170.0,16.8,-1.0052516460418701,12.301146507263184,-0.06224054470658302
0,197,lh,rostralanteriorcingulate,1773.0,1199.0,4184.0,2.069,0.062,0.135,0.035,29.0,2.8,0.5216083526611328,7.891519069671631,0.032295577228069305
0,197,lh,caudalanteriorcingulate,1698.0,1119.0,3381.0,1.864,0.046,0.121,0.022,20.0,1.4,2.9901182651519775,9.100322723388672,0.18513429164886475
0,197,rh,superiorfrontal,14229.0,9419.0,30343.0,2.23,0.172,0.125,0.03,175.0,16.9,-0.5396902561187744,13.596915245056152,-0.032595422118902206
0,197,rh,rostralanteriorcingulate,1078.0,673.0,1832.0,2.067,0.056,0.11,0.028,14.0,1.4,1.8486928939819336,7.5882344245910645,0.11165463179349899
0,197,rh,caudalanteriorcingulate,659.0,442.0,991.0,1.911,0.038,0.09,0.011,4.0,0.3,2.9322638511657715,8.141963958740234,0.1770985722541809
0,202,lh,superiorfrontal,13491.0,8716.0,26714.0,2.439,0.296,0.135,0.044,242.0,24.3,-0.9557265639305115,13.208656311035156,-0.058106254786252975
0,202,lh,rostralanteriorcingulate,1421.0,948.0,3526.0,2.065,0.079,0.155,0.054,40.0,3.0,1.2163420915603638,7.991967678070068,0.07395115494728088
0,202,lh,caudalanteriorcingulate,1743.0,1115.0,3146.0,2.05,0.067,0.156,0.043,37.0,2.9,2.5768558979034424,8.691299438476562,0.15666766464710236
0,202,rh,superiorfrontal,14399.0,9599.0,30122.0,2.449,0.302,0.13,0.037,211.0,21.0,-0.5690433979034424,14.784618377685547,-0.03203523904085159
0,202,rh,rostralanteriorcingulate,1280.0,841.0,2816.0,2.277,0.06,0.141,0.048,24.0,2.3,2.1195712089538574,8.629386901855469,0.11932474374771118
0,202,rh,caudalanteriorcingulate,1158.0,740.0,2245.0,2.087,0.071,0.13,0.023,17.0,1.0,1.2099796533584595,7.7247724533081055,0.06811779737472534
0,203,lh,superiorfrontal,11571.0,7689.0,23939.0,2.199,0.228,0.135,0.032,159.0,16.0,-1.3332247734069824,11.374330520629883,-0.07793597131967545
0,203,lh,rostralanteriorcingulate,2092.0,1417.0,4029.0,2.081,0.082,0.131,0.033,37.0,2.7,1.2936067581176758,6.12717866897583,0.07562003284692764
0,203,lh,caudalanteriorcingulate,1557.0,1019.0,2971.0,1.897,0.041,0.12,0.018,19.0,1.1,2.481250524520874,8.334508895874023,0.14504580199718475
0,203,rh,superiorfrontal,13203.0,8769.0,25642.0,2.298,0.242,0.132,0.032,191.0,16.5,-0.6954731345176697,12.7914457321167,-0.0394328236579895
0,203,rh,rostralanteriorcingulate,1448.0,951.0,2932.0,2.198,0.073,0.147,0.037,30.0,1.9,1.1858938932418823,8.04236888885498,0.06723933666944504
0,203,rh,caudalanteriorcingulate,1300.0,870.0,2648.0,1.971,0.102,0.137,0.024,21.0,1.3,0.8399119973182678,7.485459804534912,0.04762240871787071
0,205,lh,superiorfrontal,11434.0,7565.0,26221.0,2.244,0.274,0.128,0.03,140.0,14.7,-0.9659565687179565,11.59609603881836,-0.057140644639730453
0,205,lh,rostralanteriorcingulate,1468.0,949.0,3047.0,2.063,0.07,0.121,0.027,18.0,1.5,1.4566503763198853,7.449368000030518,0.08616738021373749
0,205,lh,caudalanteriorcingulate,1271.0,842.0,2793.0,1.834,0.063,0.124,0.031,14.0,1.4,2.2275021076202393,6.803225517272949,0.1317666918039322
0,205,rh,superiorfrontal,12046.0,7914.0,26271.0,2.269,0.268,0.119,0.031,133.0,15.3,-0.7795683145523071,13.752706527709961,-0.043593890964984894
0,205,rh,rostralanteriorcingulate,1015.0,691.0,2289.0,2.017,0.073,0.143,0.035,14.0,1.6,1.135007619857788,7.64594030380249,0.0634702518582344
0,205,rh,caudalanteriorcingulate,883.0,587.0,1851.0,1.839,0.068,0.126,0.018,11.0,0.7,1.234830379486084,6.869560718536377,0.06905239820480347
0,206,lh,superiorfrontal,10508.0,6891.0,22610.0,2.256,0.192,0.135,0.035,142.0,14.4,-1.566419243812561,11.261402130126953,-0.09335766732692719
0,206,lh,rostralanteriorcingulate,1660.0,1077.0,3361.0,2.081,0.056,0.14,0.033,31.0,2.1,1.5475791692733765,10.1837739944458,0.09223480522632599
0,206,lh,caudalanteriorcingulate,1662.0,1051.0,2975.0,1.919,0.044,0.125,0.03,21.0,1.8,2.4610061645507812,8.404237747192383,0.1466745287179947
0,206,rh,superiorfrontal,15590.0,9911.0,29147.0,2.319,0.165,0.126,0.035,201.0,21.5,-0.5311405658721924,12.904180526733398,-0.031140273436903954
0,206,rh,rostralanteriorcingulate,1272.0,807.0,2471.0,2.096,0.068,0.131,0.035,24.0,1.5,0.5858808755874634,8.506704330444336,0.03434963896870613
0,206,rh,caudalanteriorcingulate,1246.0,816.0,2204.0,2.04,0.08,0.14,0.027,21.0,1.4,1.4419142007827759,8.089849472045898,0.0845380574464798
0,212,lh,superiorfrontal,12698.0,7952.0,25551.0,2.398,0.341,0.131,0.039,175.0,20.1,-1.0232576131820679,13.124340057373047,-0.06071566045284271
0,212,lh,rostralanteriorcingulate,1557.0,1036.0,3255.0,2.042,0.073,0.134,0.032,24.0,1.9,2.2996082305908203,8.904396057128906,0.13644875586032867
0,212,lh,caudalanteriorcingulate,1412.0,915.0,2880.0,1.931,0.098,0.141,0.029,25.0,1.6,2.4374985694885254,7.625473499298096,0.1446305811405182
0,212,rh,superiorfrontal,14209.0,9258.0,29205.0,2.391,0.375,0.13,0.036,183.0,21.0,-0.5788031220436096,14.586853981018066,-0.03317783772945404
0,212,rh,rostralanteriorcingulate,1017.0,677.0,2178.0,2.107,0.101,0.145,0.034,21.0,1.4,1.5960224866867065,7.619951248168945,0.09148631989955902
0,212,rh,caudalanteriorcingulate,997.0,639.0,1975.0,1.904,0.06,0.14,0.021,15.0,0.8,2.0112154483795166,7.336871147155762,0.11528579145669937
0,215,lh,superiorfrontal,10554.0,6970.0,20338.0,2.243,0.195,0.134,0.031,141.0,13.5,-1.3065249919891357,12.056367874145508,-0.074949711561203
0,215,lh,rostralanteriorcingulate,1689.0,1101.0,3389.0,2.175,0.054,0.136,0.039,28.0,2.6,1.5789289474487305,9.661249160766602,0.09057635068893433
0,215,lh,caudalanteriorcingulate,1557.0,1031.0,2945.0,1.954,0.081,0.13,0.029,21.0,1.9,2.8534131050109863,9.505016326904297,0.16368801891803741
0,215,rh,superiorfrontal,12297.0,8126.0,23188.0,2.313,0.206,0.13,0.032,165.0,16.0,-0.6593037843704224,13.25694751739502,-0.035706304013729095
0,215,rh,rostralanteriorcingulate,1371.0,894.0,2867.0,2.294,0.058,0.147,0.039,25.0,2.2,0.7695326805114746,7.813229560852051,0.041676029562950134
0,215,rh,caudalanteriorcingulate,893.0,588.0,1599.0,1.986,0.116,0.126,0.015,12.0,0.5,1.8993501663208008,8.413909912109375,0.10286421328783035
0,216,lh,superiorfrontal,13383.0,8588.0,26976.0,2.566,0.269,0.133,0.041,206.0,22.6,-0.8466808795928955,12.964714050292969,-0.05021991208195686
0,216,lh,rostralanteriorcingulate,2039.0,1335.0,4341.0,2.348,0.054,0.128,0.035,35.0,2.3,1.1915942430496216,8.69737434387207,0.07067807018756866
0,216,lh,caudalanteriorcingulate,1749.0,1187.0,4178.0,2.209,0.095,0.119,0.02,21.0,1.4,1.621050477027893,7.202348232269287,0.09615077823400497
0,216,rh,superiorfrontal,14568.0,9163.0,27712.0,2.648,0.311,0.127,0.04,236.0,24.1,-0.48127368092536926,15.172157287597656,-0.027820540592074394
0,216,rh,rostralanteriorcingulate,1701.0,1118.0,3870.0,2.453,0.049,0.115,0.031,23.0,2.2,1.2993096113204956,7.8813796043396,0.07510799169540405
0,216,rh,caudalanteriorcingulate,1742.0,1162.0,4019.0,2.228,0.102,0.129,0.023,30.0,1.5,1.5259424448013306,7.515366554260254,0.08820873498916626
0,217,lh,superiorfrontal,13636.0,8568.0,29048.0,2.358,0.343,0.118,0.032,238.0,16.9,-0.9116796851158142,12.383256912231445,-0.05284509435296059
0,217,lh,rostralanteriorcingulate,1717.0,1088.0,3565.0,2.094,0.06,0.142,0.069,62.0,2.5,1.152376413345337,9.855315208435059,0.06679695844650269
0,217,lh,caudalanteriorcingulate,1700.0,1125.0,3267.0,1.951,0.028,0.131,0.025,25.0,1.7,2.994251012802124,9.299787521362305,0.17356036603450775
0,217,rh,superiorfrontal,14859.0,9498.0,30450.0,2.465,0.305,0.124,0.035,190.0,20.2,-0.4338786005973816,14.072937965393066,-0.0245394017547369
0,217,rh,rostralanteriorcingulate,1201.0,798.0,2646.0,2.254,0.031,0.136,0.037,20.0,1.8,1.4202293157577515,8.999999046325684,0.080325648188591
0,217,rh,caudalanteriorcingulate,1412.0,941.0,2898.0,2.167,0.045,0.14,0.027,30.0,1.5,0.6479880213737488,7.993937015533447,0.03664904832839966
0,218,lh,superiorfrontal,12405.0,8101.0,27570.0,2.292,0.274,0.128,0.031,170.0,16.2,-1.115490436553955,13.866812705993652,-0.06665665656328201
0,218,lh,rostralanteriorcingulate,1578.0,1026.0,2937.0,2.122,0.082,0.133,0.039,23.0,2.3,2.1313230991363525,9.790328979492188,0.12735821306705475
0,218,lh,caudalanteriorcingulate,1590.0,1085.0,3118.0,1.933,0.066,0.128,0.023,24.0,1.4,2.30244779586792,8.244124412536621,0.13758385181427002
0,218,rh,superiorfrontal,13028.0,8707.0,28819.0,2.339,0.257,0.124,0.026,165.0,12.9,-0.7588735222816467,14.895277976989746,-0.04387690871953964
0,218,rh,rostralanteriorcingulate,1356.0,889.0,2994.0,2.112,0.043,0.125,0.027,20.0,1.5,0.8979853391647339,9.814051628112793,0.05192013457417488
0,218,rh,caudalanteriorcingulate,1165.0,812.0,2409.0,1.949,0.09,0.148,0.023,21.0,1.0,0.890622079372406,7.581691741943359,0.05149440839886665
0,223,lh,superiorfrontal,9986.0,6704.0,21567.0,2.273,0.204,0.134,0.036,170.0,15.4,-1.3583438396453857,11.554280281066895,-0.07817624509334564
0,223,lh,rostralanteriorcingulate,1455.0,945.0,2586.0,2.095,0.063,0.139,0.039,31.0,2.1,1.7362232208251953,9.197373390197754,0.09992419928312302
0,223,lh,caudalanteriorcingulate,1492.0,954.0,2715.0,1.968,0.065,0.125,0.022,23.0,1.4,2.3949975967407227,8.945937156677246,0.13783837854862213
0,223,rh,superiorfrontal,11017.0,7361.0,22788.0,2.284,0.217,0.131,0.033,156.0,14.6,-0.8453122973442078,11.911585807800293,-0.04860304668545723
0,223,rh,rostralanteriorcingulate,708.0,468.0,1364.0,2.046,0.05,0.115,0.022,8.0,0.5,2.630091667175293,8.53270435333252,0.15122276544570923
0,223,rh,caudalanteriorcingulate,918.0,583.0,1877.0,2.014,0.043,0.148,0.023,21.0,0.9,1.1204397678375244,8.082433700561523,0.064422108232975
0,226,lh,superiorfrontal,13197.0,8467.0,27787.0,2.301,0.281,0.143,0.057,241.0,33.1,-1.0635316371917725,13.39809513092041,-0.06299015134572983
0,226,lh,rostralanteriorcingulate,1847.0,1227.0,3951.0,2.003,0.053,0.13,0.028,26.0,2.1,1.881281852722168,9.248849868774414,0.1114233136177063
0,226,lh,caudalanteriorcingulate,2042.0,1329.0,3860.0,2.018,0.102,0.137,0.027,30.0,2.1,2.567683458328247,9.598925590515137,0.15207704901695251
0,226,rh,superiorfrontal,14871.0,9658.0,29120.0,2.351,0.24,0.135,0.045,197.0,27.3,-0.4131917357444763,14.049637794494629,-0.02315664477646351
0,226,rh,rostralanteriorcingulate,1590.0,1047.0,3558.0,2.175,0.036,0.136,0.035,27.0,2.5,1.0730295181274414,6.333741188049316,0.06013616919517517
0,226,rh,caudalanteriorcingulate,1814.0,1184.0,3684.0,2.008,0.08,0.14,0.031,31.0,2.1,1.1968685388565063,7.13222074508667,0.06707651913166046
0,227,lh,superiorfrontal,18115.0,11824.0,36676.0,2.51,0.434,0.128,0.033,244.0,25.0,-0.6357824206352234,14.031977653503418,-0.03857291117310524
0,227,lh,rostralanteriorcingulate,2380.0,1557.0,4829.0,2.215,0.057,0.126,0.036,31.0,3.3,1.4472366571426392,8.80494499206543,0.08780382573604584
0,227,lh,caudalanteriorcingulate,2044.0,1398.0,4769.0,2.118,0.051,0.11,0.018,18.0,1.6,1.850141167640686,7.903422832489014,0.11224803328514099
0,227,rh,superiorfrontal,16012.0,10524.0,32576.0,2.295,0.183,0.125,0.034,214.0,21.9,-0.5858786106109619,10.62017822265625,-0.03393324092030525
0,227,rh,rostralanteriorcingulate,1707.0,1125.0,3581.0,2.235,0.067,0.127,0.031,30.0,2.0,1.0919476747512817,8.890012741088867,0.06324402987957001
0,227,rh,caudalanteriorcingulate,1494.0,1011.0,3562.0,2.066,0.089,0.128,0.021,21.0,1.3,-0.09356534481048584,8.360793113708496,-0.005419169552624226
0,228,lh,superiorfrontal,13066.0,8407.0,25965.0,2.27,0.289,0.127,0.037,195.0,20.6,-0.6556892991065979,13.49953556060791,-0.03892180696129799
0,228,lh,rostralanteriorcingulate,1743.0,1131.0,3607.0,1.979,0.059,0.115,0.025,24.0,1.6,1.0050550699234009,8.716602325439453,0.05966021120548248
0,228,lh,caudalanteriorcingulate,1368.0,873.0,2510.0,1.862,0.039,0.107,0.021,13.0,1.1,2.969888925552368,8.898188591003418,0.1762930005788803
0,228,rh,superiorfrontal,13129.0,8395.0,25936.0,2.221,0.173,0.127,0.035,176.0,19.5,-0.7943179607391357,13.406968116760254,-0.043956488370895386
0,228,rh,rostralanteriorcingulate,1167.0,780.0,2494.0,2.084,0.042,0.136,0.041,19.0,2.0,1.0916385650634766,8.801379203796387,0.060409821569919586
0,228,rh,caudalanteriorcingulate,1238.0,833.0,2589.0,1.93,0.101,0.125,0.022,18.0,1.1,0.9661744236946106,7.683573246002197,0.0534668043255806
0,230,lh,superiorfrontal,12105.0,7878.0,26387.0,2.082,0.214,0.129,0.032,144.0,15.9,-1.1933437585830688,11.821009635925293,-0.06919825077056885
0,230,lh,rostralanteriorcingulate,1440.0,944.0,2879.0,1.993,0.032,0.12,0.028,15.0,1.4,2.099616527557373,9.731415748596191,0.1217501312494278
0,230,lh,caudalanteriorcingulate,1808.0,1237.0,3492.0,1.84,0.071,0.139,0.021,29.0,1.6,2.6974589824676514,9.249478340148926,0.15641716122627258
0,230,rh,superiorfrontal,13893.0,9102.0,29876.0,2.149,0.199,0.128,0.029,161.0,16.5,-0.6115921139717102,13.427800178527832,-0.03566615656018257
0,230,rh,rostralanteriorcingulate,1228.0,806.0,2443.0,2.033,0.048,0.127,0.024,16.0,1.2,1.0795056819915771,8.467297554016113,0.062953419983387
0,230,rh,caudalanteriorcingulate,1519.0,1014.0,2700.0,1.894,0.067,0.142,0.019,28.0,1.0,1.3920682668685913,6.813919544219971,0.0811811164021492
0,233,lh,superiorfrontal,12128.0,8137.0,27410.0,2.42,0.219,0.129,0.026,166.0,12.6,-1.1108624935150146,12.573790550231934,-0.06346070021390915
0,233,lh,rostralanteriorcingulate,1644.0,1077.0,3116.0,2.144,0.088,0.127,0.03,23.0,1.8,1.6304243803024292,9.398859977722168,0.09314192086458206
0,233,lh,caudalanteriorcingulate,1695.0,1102.0,3492.0,1.975,0.094,0.139,0.025,27.0,1.6,1.9738872051239014,9.240297317504883,0.11276306957006454
0,233,rh,superiorfrontal,14048.0,9565.0,31126.0,2.365,0.24,0.13,0.029,179.0,16.8,-0.5076202750205994,13.682944297790527,-0.028547316789627075
0,233,rh,rostralanteriorcingulate,1246.0,822.0,2722.0,2.156,0.051,0.132,0.033,23.0,1.5,0.9878236055374146,8.407156944274902,0.055552780628204346
0,233,rh,caudalanteriorcingulate,1301.0,855.0,2442.0,2.031,0.064,0.134,0.02,21.0,1.0,1.637405514717102,8.553555488586426,0.09208366274833679
0,234,lh,superiorfrontal,12063.0,7782.0,24827.0,2.135,0.228,0.129,0.032,145.0,15.7,-0.999439001083374,11.63181209564209,-0.05744074657559395
0,234,lh,rostralanteriorcingulate,1504.0,1003.0,2974.0,2.006,0.076,0.122,0.031,20.0,1.7,2.1081621646881104,9.400845527648926,0.12116236239671707
0,234,lh,caudalanteriorcingulate,1362.0,874.0,2563.0,1.889,0.053,0.136,0.026,23.0,1.4,2.657184362411499,9.043357849121094,0.15271632373332977
0,234,rh,superiorfrontal,12658.0,8324.0,25718.0,2.235,0.243,0.133,0.036,167.0,18.4,-0.9476063251495361,12.380343437194824,-0.05494531989097595
0,234,rh,rostralanteriorcingulate,1368.0,914.0,3049.0,2.081,0.071,0.123,0.029,17.0,1.4,1.5381138324737549,9.657702445983887,0.08918488025665283
0,234,rh,caudalanteriorcingulate,1531.0,999.0,3141.0,1.904,0.087,0.128,0.019,21.0,1.2,1.5596070289611816,6.666819095611572,0.09043113142251968
0,236,lh,superiorfrontal,13081.0,8689.0,28881.0,2.258,0.213,0.132,0.03,176.0,16.2,-1.2016160488128662,11.27939510345459,-0.07174888998270035
0,236,lh,rostralanteriorcingulate,1999.0,1360.0,3862.0,2.197,0.055,0.121,0.027,24.0,2.1,1.6147663593292236,10.747395515441895,0.09641823172569275
0,236,lh,caudalanteriorcingulate,2188.0,1482.0,4377.0,2.037,0.089,0.123,0.023,24.0,2.0,3.2607734203338623,10.740504264831543,0.19470183551311493
0,236,rh,superiorfrontal,14400.0,9620.0,30716.0,2.251,0.166,0.127,0.027,173.0,15.5,-0.5532084703445435,10.836828231811523,-0.03161577135324478
0,236,rh,rostralanteriorcingulate,1236.0,819.0,2291.0,2.274,0.073,0.125,0.03,20.0,1.2,1.394949197769165,9.201598167419434,0.0797211229801178
0,236,rh,caudalanteriorcingulate,1448.0,1032.0,2990.0,2.143,0.08,0.135,0.02,22.0,1.3,0.6029412150382996,8.824952125549316,0.034457992762327194
0,237,lh,superiorfrontal,12659.0,8415.0,27118.0,2.347,0.269,0.126,0.03,155.0,15.0,-0.89131098985672,11.746578216552734,-0.053602833300828934
0,237,lh,rostralanteriorcingulate,1859.0,1212.0,3903.0,2.128,0.053,0.13,0.04,29.0,2.8,1.4839463233947754,10.47370433807373,0.08924351632595062
0,237,lh,caudalanteriorcingulate,1245.0,847.0,2593.0,1.999,0.062,0.115,0.023,14.0,1.1,3.755052328109741,9.748472213745117,0.22582627832889557
0,237,rh,superiorfrontal,13164.0,8761.0,28168.0,2.347,0.263,0.126,0.028,158.0,14.9,-0.4396849572658539,15.695898056030273,-0.023662220686674118
0,237,rh,rostralanteriorcingulate,1074.0,683.0,2480.0,2.158,0.063,0.121,0.032,16.0,1.3,1.6638659238815308,9.852279663085938,0.08954309672117233
0,237,rh,caudalanteriorcingulate,1029.0,671.0,2229.0,1.966,0.104,0.155,0.032,23.0,1.2,0.9902893900871277,8.84390926361084,0.05329371988773346
0,240,lh,superiorfrontal,12289.0,7961.0,24880.0,2.194,0.213,0.126,0.033,162.0,16.2,-1.0727250576019287,13.046628952026367,-0.06485418975353241
0,240,lh,rostralanteriorcingulate,1537.0,1024.0,2844.0,1.986,0.068,0.139,0.039,28.0,2.5,1.2807492017745972,7.243282318115234,0.07743079960346222
0,240,lh,caudalanteriorcingulate,1385.0,908.0,2402.0,1.88,0.077,0.124,0.025,19.0,1.4,3.242645502090454,9.561016082763672,0.1960420161485672
0,240,rh,superiorfrontal,12652.0,8333.0,25638.0,2.181,0.168,0.128,0.038,463.0,16.8,-0.7830762267112732,12.461833953857422,-0.04552101343870163
0,240,rh,rostralanteriorcingulate,1014.0,658.0,1826.0,2.068,0.081,0.118,0.026,16.0,0.9,1.1352849006652832,8.375502586364746,0.06599525362253189
0,240,rh,caudalanteriorcingulate,1321.0,861.0,2490.0,1.887,0.115,0.153,0.027,27.0,1.4,0.948773980140686,6.495182514190674,0.055153194814920425
0,244,lh,superiorfrontal,14183.0,9116.0,30500.0,2.229,0.24,0.125,0.038,216.0,20.8,-1.151569128036499,13.332931518554688,-0.06834716349840164
0,244,lh,rostralanteriorcingulate,2354.0,1530.0,4430.0,2.061,0.071,0.136,0.036,38.0,3.5,1.5929920673370361,10.160257339477539,0.09454622119665146
0,244,lh,caudalanteriorcingulate,2263.0,1511.0,4530.0,1.92,0.073,0.134,0.024,30.0,2.1,1.6384553909301758,8.679697036743164,0.0972445085644722
0,244,rh,superiorfrontal,17357.0,11066.0,33255.0,2.373,0.228,0.121,0.037,382.0,26.6,-0.5121766328811646,14.832935333251953,-0.030328456312417984
0,244,rh,rostralanteriorcingulate,1822.0,1196.0,3747.0,2.225,0.103,0.145,0.054,36.0,4.6,0.7339465022087097,9.58761978149414,0.04346051439642906
0,244,rh,caudalanteriorcingulate,1376.0,980.0,2858.0,2.096,0.12,0.122,0.021,19.0,1.0,0.8695359230041504,9.0527982711792,0.05148942023515701
0,246,lh,superiorfrontal,15078.0,9708.0,31038.0,2.365,0.281,0.128,0.033,210.0,19.8,-1.218949794769287,15.134526252746582,-0.07004909962415695
0,246,lh,rostralanteriorcingulate,2399.0,1540.0,4622.0,2.181,0.049,0.131,0.039,42.0,3.5,1.5511001348495483,10.014002799987793,0.08913671225309372
0,246,lh,caudalanteriorcingulate,2240.0,1482.0,4424.0,1.964,0.071,0.137,0.025,38.0,2.2,2.2412359714508057,8.36606216430664,0.12879660725593567
0,246,rh,superiorfrontal,17446.0,11479.0,36511.0,2.43,0.259,0.125,0.027,214.0,19.1,-0.4486900568008423,15.485787391662598,-0.02469182014465332
0,246,rh,rostralanteriorcingulate,1679.0,1095.0,3273.0,2.302,0.059,0.127,0.028,25.0,1.7,1.6078813076019287,10.71412181854248,0.08848316967487335
0,246,rh,caudalanteriorcingulate,1089.0,720.0,1947.0,2.019,0.107,0.121,0.014,14.0,0.6,0.9291250109672546,7.389327049255371,0.051130589097738266
0,248,lh,superiorfrontal,10392.0,7003.0,24020.0,2.389,0.232,0.129,0.03,153.0,13.4,-1.3341537714004517,13.641331672668457,-0.07969441264867783
0,248,lh,rostralanteriorcingulate,1617.0,1059.0,3656.0,2.119,0.082,0.137,0.038,26.0,2.4,1.0512663125991821,9.069711685180664,0.06279639154672623
0,248,lh,caudalanteriorcingulate,1184.0,786.0,2200.0,1.906,0.062,0.123,0.014,15.0,0.7,3.329536199569702,8.309404373168945,0.1988866627216339
0,248,rh,superiorfrontal,12907.0,8612.0,28187.0,2.472,0.23,0.13,0.033,183.0,16.4,-0.6612743139266968,14.06586742401123,-0.041187554597854614
0,248,rh,rostralanteriorcingulate,1054.0,654.0,2244.0,2.191,0.075,0.138,0.035,22.0,1.4,1.2206900119781494,8.100968360900879,0.07603085786104202
0,248,rh,caudalanteriorcingulate,1004.0,664.0,2060.0,1.984,0.132,0.134,0.019,19.0,0.7,1.3450655937194824,7.5590949058532715,0.08377759158611298
0,249,lh,superiorfrontal,17548.0,10816.0,28148.0,2.375,0.256,0.125,0.037,200.0,26.2,-1.3032286167144775,13.587674140930176,-0.0841430053114891
0,249,lh,rostralanteriorcingulate,2484.0,1651.0,4462.0,2.15,0.096,0.145,0.039,41.0,3.6,1.4115324020385742,10.19758129119873,0.0911356583237648
0,249,lh,caudalanteriorcingulate,2540.0,1658.0,4279.0,1.957,0.105,0.125,0.028,32.0,2.7,2.2895419597625732,10.087408065795898,0.14782439172267914
0,249,rh,superiorfrontal,22718.0,14175.0,36350.0,2.419,0.254,0.122,0.034,258.0,31.9,-0.6156756281852722,13.010780334472656,-0.03555110841989517
0,249,rh,rostralanteriorcingulate,1702.0,1059.0,3056.0,2.267,0.118,0.139,0.039,27.0,2.6,1.161283254623413,8.903765678405762,0.06705626100301743
0,249,rh,caudalanteriorcingulate,1365.0,912.0,2046.0,2.037,0.124,0.131,0.021,18.0,1.0,1.6111197471618652,9.974209785461426,0.09303127974271774
0,251,lh,superiorfrontal,13817.0,8920.0,29065.0,2.345,0.318,0.129,0.034,210.0,19.5,-1.1338379383087158,11.515758514404297,-0.06740386039018631
0,251,lh,rostralanteriorcingulate,2209.0,1474.0,4624.0,2.181,0.062,0.134,0.04,37.0,4.1,1.3685431480407715,8.966727256774902,0.08135650306940079
0,251,lh,caudalanteriorcingulate,1917.0,1210.0,3381.0,1.975,0.094,0.135,0.027,31.0,2.2,2.3771865367889404,8.127935409545898,0.14131784439086914
0,251,rh,superiorfrontal,16398.0,10818.0,33794.0,2.415,0.225,0.131,0.034,232.0,22.0,-0.5346393585205078,12.450263977050781,-0.031942322850227356
0,251,rh,rostralanteriorcingulate,1285.0,858.0,2626.0,2.211,0.073,0.118,0.021,14.0,1.1,1.4446191787719727,8.553238868713379,0.08630959689617157
0,251,rh,caudalanteriorcingulate,1161.0,713.0,1877.0,2.009,0.081,0.125,0.017,17.0,0.7,0.9326433539390564,6.967083930969238,0.055721305310726166
0,252,lh,superiorfrontal,12916.0,8487.0,24971.0,2.152,0.215,0.13,0.029,162.0,14.9,-1.1855310201644897,12.321660041809082,-0.07229065150022507
0,252,lh,rostralanteriorcingulate,2049.0,1373.0,3831.0,2.082,0.048,0.132,0.034,30.0,3.0,1.942833423614502,8.116734504699707,0.1184690073132515
0,252,lh,caudalanteriorcingulate,1551.0,1026.0,2829.0,1.932,0.043,0.108,0.02,15.0,1.2,2.7535417079925537,9.219704627990723,0.16790391504764557
0,252,rh,superiorfrontal,15390.0,10036.0,29007.0,2.231,0.214,0.128,0.029,189.0,18.1,-0.8739253878593445,12.070531845092773,-0.052305612713098526
0,252,rh,rostralanteriorcingulate,1533.0,991.0,2983.0,2.113,0.064,0.131,0.023,24.0,1.3,0.9813957810401917,8.691746711730957,0.058737862855196
0,252,rh,caudalanteriorcingulate,1448.0,923.0,2584.0,1.984,0.049,0.113,0.016,19.0,1.0,1.224419355392456,9.368440628051758,0.07328315079212189
0,253,lh,superiorfrontal,13161.0,8806.0,29564.0,2.387,0.285,0.128,0.025,168.0,13.1,-1.0769596099853516,13.571687698364258,-0.06476883590221405
0,253,lh,rostralanteriorcingulate,1938.0,1275.0,4101.0,2.157,0.052,0.153,0.043,45.0,3.2,1.3693183660507202,9.266922950744629,0.0823514312505722
0,253,lh,caudalanteriorcingulate,1794.0,1172.0,3758.0,1.946,0.096,0.13,0.023,25.0,1.5,2.644263982772827,10.086319923400879,0.15902724862098694
0,253,rh,superiorfrontal,15123.0,10152.0,33390.0,2.436,0.212,0.131,0.029,209.0,17.6,-0.5459506511688232,12.28803539276123,-0.03232434391975403
0,253,rh,rostralanteriorcingulate,1386.0,926.0,3059.0,2.288,0.052,0.13,0.03,25.0,1.6,1.2617402076721191,9.56965160369873,0.07470439374446869
0,253,rh,caudalanteriorcingulate,1233.0,833.0,2423.0,2.112,0.075,0.137,0.023,21.0,1.3,0.7442952394485474,8.24821662902832,0.04406781122088432
0,254,lh,superiorfrontal,12782.0,8441.0,26427.0,2.242,0.165,0.125,0.033,186.0,17.5,-1.0719362497329712,14.034214973449707,-0.06429558992385864
0,254,lh,rostralanteriorcingulate,1964.0,1304.0,4025.0,2.068,0.089,0.122,0.031,31.0,2.4,1.3725544214248657,8.38914966583252,0.08232689648866653
0,254,lh,caudalanteriorcingulate,1930.0,1282.0,3811.0,2.03,0.088,0.139,0.031,32.0,2.6,2.3849785327911377,9.099040985107422,0.14305290579795837
0,254,rh,superiorfrontal,14396.0,9662.0,29866.0,2.221,0.205,0.129,0.033,203.0,21.0,-0.7516668438911438,14.175946235656738,-0.045025505125522614
0,254,rh,rostralanteriorcingulate,1603.0,1058.0,3573.0,2.1,0.063,0.144,0.033,32.0,2.2,1.028942584991455,8.980387687683105,0.061634574085474014
0,254,rh,caudalanteriorcingulate,1177.0,767.0,2224.0,1.954,0.091,0.133,0.023,17.0,1.1,1.2037280797958374,7.255979061126709,0.07210437953472137
0,255,lh,superiorfrontal,13840.0,8745.0,26589.0,2.252,0.181,0.124,0.035,166.0,20.1,-0.9540121555328369,13.938652038574219,-0.057572875171899796
0,255,lh,rostralanteriorcingulate,1964.0,1311.0,4011.0,2.207,0.069,0.122,0.023,25.0,1.9,1.6557104587554932,7.835376739501953,0.09991908818483353
0,255,lh,caudalanteriorcingulate,1731.0,1147.0,3191.0,2.028,0.052,0.134,0.027,23.0,1.7,2.549154758453369,9.430078506469727,0.15383678674697876
0,255,rh,superiorfrontal,16042.0,10370.0,29903.0,2.293,0.244,0.133,0.043,215.0,28.6,-0.5106778144836426,14.147418022155762,-0.02944927290081978
0,255,rh,rostralanteriorcingulate,1502.0,1017.0,3323.0,2.276,0.078,0.136,0.034,30.0,2.0,0.9743075370788574,10.280245780944824,0.05618540197610855
0,255,rh,caudalanteriorcingulate,1340.0,869.0,2654.0,2.043,0.081,0.131,0.021,20.0,1.1,1.3966941833496094,8.510574340820312,0.08054319024085999
0,256,lh,superiorfrontal,11925.0,7799.0,26534.0,2.225,0.237,0.131,0.035,155.0,16.9,-0.8345330357551575,12.899779319763184,-0.050429195165634155
0,256,lh,rostralanteriorcingulate,1570.0,1047.0,3374.0,2.069,0.068,0.148,0.047,29.0,3.1,1.5916560888290405,7.394063949584961,0.09618065506219864
0,256,lh,caudalanteriorcingulate,1829.0,1204.0,4174.0,1.983,0.036,0.122,0.02,23.0,1.5,2.2612993717193604,7.805314064025879,0.13664588332176208
0,256,rh,superiorfrontal,12905.0,8404.0,27322.0,2.245,0.207,0.127,0.034,172.0,17.8,-0.47212785482406616,12.771857261657715,-0.02787698060274124
0,256,rh,rostralanteriorcingulate,1166.0,763.0,2543.0,2.1,0.043,0.131,0.031,19.0,1.4,1.0070358514785767,8.655632972717285,0.0594608299434185
0,256,rh,caudalanteriorcingulate,1190.0,784.0,2411.0,1.959,0.046,0.141,0.018,21.0,0.9,1.2689754962921143,7.363686561584473,0.07492716610431671
0,257,lh,superiorfrontal,13112.0,8640.0,27125.0,2.39,0.273,0.132,0.031,182.0,16.1,-1.016574501991272,13.452215194702148,-0.06190166249871254
0,257,lh,rostralanteriorcingulate,1594.0,1053.0,3078.0,2.084,0.08,0.127,0.034,25.0,2.3,2.1943347454071045,10.195934295654297,0.1336183100938797
0,257,lh,caudalanteriorcingulate,1740.0,1193.0,3466.0,2.039,0.126,0.131,0.026,25.0,1.9,2.627040147781372,9.381916046142578,0.15996679663658142
0,257,rh,superiorfrontal,15172.0,9969.0,30841.0,2.437,0.281,0.129,0.032,200.0,19.6,-0.5370739698410034,14.119794845581055,-0.03146478906273842
0,257,rh,rostralanteriorcingulate,1250.0,808.0,2639.0,2.221,0.057,0.137,0.026,23.0,1.3,0.7700527310371399,8.019914627075195,0.04511398822069168
0,257,rh,caudalanteriorcingulate,1068.0,762.0,2161.0,2.068,0.1,0.136,0.019,14.0,0.9,1.2178289890289307,8.432075500488281,0.07134722173213959
0,258,lh,superiorfrontal,11245.0,7421.0,25824.0,2.389,0.378,0.131,0.037,162.0,17.0,-0.9622344374656677,13.730302810668945,-0.0582537017762661
0,258,lh,rostralanteriorcingulate,1467.0,973.0,3008.0,2.106,0.036,0.123,0.032,24.0,1.7,2.027099132537842,8.497735977172852,0.1227206438779831
0,258,lh,caudalanteriorcingulate,1333.0,919.0,2845.0,2.006,0.074,0.133,0.02,19.0,1.2,2.6252996921539307,9.283208847045898,0.15893572568893433
0,258,rh,superiorfrontal,11581.0,7717.0,26896.0,2.414,0.365,0.129,0.034,155.0,15.9,-0.6451828479766846,14.105648040771484,-0.03738157078623772
0,258,rh,rostralanteriorcingulate,1280.0,846.0,2745.0,2.198,0.07,0.139,0.033,22.0,1.8,0.7121926546096802,8.330158233642578,0.04126407951116562
0,258,rh,caudalanteriorcingulate,989.0,683.0,2250.0,2.067,0.079,0.138,0.021,17.0,0.9,1.109151840209961,8.245527267456055,0.06426369398832321
0,259,lh,superiorfrontal,11827.0,7843.0,25153.0,2.322,0.268,0.128,0.028,148.0,13.4,-1.2540912628173828,12.209481239318848,-0.07287494093179703
0,259,lh,rostralanteriorcingulate,1509.0,976.0,2823.0,2.093,0.04,0.145,0.034,23.0,2.2,1.8124065399169922,8.98499870300293,0.10531848669052124
0,259,lh,caudalanteriorcingulate,1381.0,933.0,2723.0,2.018,0.041,0.121,0.018,14.0,1.0,3.803020715713501,9.694295883178711,0.22099260985851288
0,259,rh,superiorfrontal,12565.0,8322.0,25581.0,2.437,0.202,0.128,0.03,164.0,14.9,-0.6799683570861816,13.217695236206055,-0.038510069251060486
0,259,rh,rostralanteriorcingulate,1195.0,785.0,2535.0,2.155,0.098,0.132,0.033,21.0,1.5,0.8694513440132141,6.772737979888916,0.049241453409194946
0,259,rh,caudalanteriorcingulate,1421.0,938.0,2840.0,2.1,0.082,0.134,0.024,24.0,1.2,1.664432406425476,7.49550724029541,0.09426527470350266
0,263,lh,superiorfrontal,11379.0,7636.0,23729.0,2.296,0.226,0.142,0.034,195.0,15.5,-1.2570174932479858,12.285404205322266,-0.08191688358783722
0,263,lh,rostralanteriorcingulate,1616.0,1059.0,3403.0,2.085,0.035,0.135,0.041,35.0,2.4,1.762619137763977,8.859016418457031,0.11486576497554779
0,263,lh,caudalanteriorcingulate,1534.0,1025.0,3069.0,2.011,0.075,0.132,0.034,24.0,2.3,2.8393137454986572,10.464374542236328,0.1850314438343048
0,263,rh,superiorfrontal,13086.0,8693.0,26127.0,2.303,0.21,0.137,0.032,197.0,16.8,-0.6942805647850037,11.811622619628906,-0.04226623475551605
0,263,rh,rostralanteriorcingulate,871.0,552.0,2047.0,2.064,0.063,0.122,0.036,14.0,1.1,1.8406566381454468,9.245817184448242,0.11205504834651947
0,263,rh,caudalanteriorcingulate,770.0,502.0,1746.0,2.026,0.047,0.138,0.021,13.0,0.8,1.6389334201812744,8.14016342163086,0.09977458417415619
0,265,lh,superiorfrontal,9903.0,6525.0,20015.0,2.088,0.175,0.126,0.029,127.0,11.9,-1.2362844944000244,13.697627067565918,-0.07343125343322754
0,265,lh,rostralanteriorcingulate,1729.0,1111.0,3286.0,1.974,0.044,0.118,0.026,28.0,1.7,0.33723509311676025,6.9199724197387695,0.020030660554766655
0,265,lh,caudalanteriorcingulate,1188.0,759.0,2155.0,1.764,0.06,0.138,0.027,22.0,1.3,2.421968698501587,7.720471382141113,0.14385701715946198
0,265,rh,superiorfrontal,11732.0,7779.0,22624.0,2.21,0.244,0.123,0.028,137.0,13.1,-0.5279724597930908,13.931183815002441,-0.031188715249300003
0,265,rh,rostralanteriorcingulate,1384.0,879.0,2556.0,2.006,0.054,0.126,0.024,24.0,1.3,1.2425769567489624,5.986629486083984,0.0734022706747055
0,265,rh,caudalanteriorcingulate,1084.0,730.0,2052.0,1.801,0.085,0.143,0.028,22.0,1.1,1.2766655683517456,7.143298625946045,0.07541597634553909
0,266,lh,superiorfrontal,12213.0,8119.0,27568.0,2.236,0.298,0.116,0.024,129.0,12.0,-0.9960587024688721,11.959556579589844,-0.05900779366493225
0,266,lh,rostralanteriorcingulate,1481.0,973.0,3210.0,1.996,0.064,0.133,0.037,24.0,2.1,2.0432772636413574,9.649758338928223,0.12104637920856476
0,266,lh,caudalanteriorcingulate,1443.0,939.0,2838.0,1.855,0.043,0.11,0.026,15.0,1.4,2.068727970123291,6.9157514572143555,0.12255408614873886
0,266,rh,superiorfrontal,12881.0,8587.0,28293.0,2.263,0.221,0.124,0.026,164.0,13.3,-0.7288877367973328,13.3593168258667,-0.04214079678058624
0,266,rh,rostralanteriorcingulate,1091.0,752.0,2586.0,2.076,0.058,0.129,0.038,35.0,1.6,1.4002962112426758,8.157161712646484,0.08095841854810715
0,266,rh,caudalanteriorcingulate,1143.0,750.0,2314.0,1.943,0.058,0.135,0.022,15.0,1.0,1.4011201858520508,7.816883087158203,0.08100606501102448
0,268,lh,superiorfrontal,12185.0,8162.0,29737.0,2.344,0.326,0.132,0.032,167.0,16.1,-1.240466594696045,13.143960952758789,-0.07577863335609436
0,268,lh,rostralanteriorcingulate,1773.0,1182.0,3910.0,2.246,0.097,0.136,0.046,32.0,3.1,1.7653619050979614,10.092446327209473,0.10784386843442917
0,268,lh,caudalanteriorcingulate,1697.0,1110.0,3391.0,1.998,0.06,0.134,0.025,29.0,1.7,2.479423999786377,8.13485050201416,0.15146508812904358
0,268,rh,superiorfrontal,14617.0,9745.0,32560.0,2.422,0.212,0.131,0.033,196.0,18.8,-0.3716948926448822,14.16385269165039,-0.02170049585402012
0,268,rh,rostralanteriorcingulate,1174.0,798.0,2905.0,2.243,0.115,0.134,0.032,21.0,1.5,0.6460630893707275,9.120892524719238,0.03771880269050598
0,268,rh,caudalanteriorcingulate,1505.0,958.0,2743.0,2.089,0.104,0.14,0.025,33.0,1.5,1.2464706897735596,7.15521240234375,0.07277212291955948
0,269,lh,superiorfrontal,13923.0,9163.0,32080.0,2.361,0.259,0.118,0.026,168.0,14.1,-1.2875211238861084,13.882126808166504,-0.07842859625816345
0,269,lh,rostralanteriorcingulate,1879.0,1277.0,4216.0,2.129,0.055,0.137,0.036,38.0,2.6,1.7382419109344482,9.49277400970459,0.10588398575782776
0,269,lh,caudalanteriorcingulate,1738.0,1131.0,3276.0,2.043,0.054,0.118,0.019,20.0,1.4,2.7652640342712402,8.766497611999512,0.1684444099664688
0,269,rh,superiorfrontal,15440.0,10394.0,35725.0,2.363,0.281,0.12,0.026,178.0,16.6,-0.872008204460144,14.651905059814453,-0.053502216935157776
0,269,rh,rostralanteriorcingulate,1523.0,1016.0,3293.0,2.234,0.078,0.118,0.027,21.0,1.5,1.7513409852981567,10.11417007446289,0.1074538379907608
0,269,rh,caudalanteriorcingulate,1228.0,774.0,2344.0,2.039,0.13,0.145,0.026,24.0,1.1,1.0433695316314697,7.74332857131958,0.06401611864566803
0,270,lh,superiorfrontal,13860.0,8800.0,25839.0,2.229,0.234,0.131,0.036,193.0,20.5,-1.282812237739563,13.117694854736328,-0.07778487354516983
0,270,lh,rostralanteriorcingulate,2335.0,1539.0,4311.0,2.021,0.038,0.124,0.03,36.0,2.6,1.4864221811294556,8.850701332092285,0.09013102203607559
0,270,lh,caudalanteriorcingulate,1793.0,1202.0,3231.0,1.989,0.057,0.129,0.021,24.0,1.5,2.3657844066619873,8.387578964233398,0.1434522122144699
0,270,rh,superiorfrontal,16582.0,10574.0,31055.0,2.24,0.215,0.125,0.032,201.0,21.5,-0.65272456407547,14.468705177307129,-0.037393711507320404
0,270,rh,rostralanteriorcingulate,1333.0,855.0,2424.0,2.076,0.063,0.135,0.035,23.0,1.6,1.5266047716140747,7.942863941192627,0.08745712041854858
0,270,rh,caudalanteriorcingulate,1128.0,731.0,1811.0,1.882,0.062,0.134,0.021,20.0,0.9,1.1173733472824097,7.181388854980469,0.0640127956867218
0,272,lh,superiorfrontal,13816.0,8558.0,24670.0,2.156,0.24,0.125,0.036,175.0,21.3,-0.9636353254318237,11.826863288879395,-0.056928496807813644
0,272,lh,rostralanteriorcingulate,2040.0,1304.0,4126.0,1.994,0.077,0.129,0.029,29.0,2.2,1.7996113300323486,7.23258638381958,0.10631528496742249
0,272,lh,caudalanteriorcingulate,1831.0,1177.0,3312.0,1.901,0.034,0.129,0.022,23.0,1.4,2.870347499847412,9.356539726257324,0.16957096755504608
0,272,rh,superiorfrontal,13930.0,8792.0,25811.0,2.215,0.174,0.125,0.031,156.0,17.1,-0.630811870098114,13.809125900268555,-0.035336386412382126
0,272,rh,rostralanteriorcingulate,1483.0,988.0,2874.0,2.144,0.048,0.13,0.027,21.0,1.4,1.6879851818084717,9.649612426757812,0.09455639868974686
0,272,rh,caudalanteriorcingulate,1459.0,942.0,2635.0,1.93,0.068,0.136,0.018,21.0,1.1,1.3655167818069458,8.079154014587402,0.07649257779121399
0,273,lh,superiorfrontal,13280.0,8836.0,30266.0,2.279,0.353,0.128,0.027,156.0,14.9,-1.1448557376861572,13.680641174316406,-0.06838127970695496
0,273,lh,rostralanteriorcingulate,1734.0,1146.0,3556.0,2.046,0.088,0.127,0.024,25.0,1.5,1.060891032218933,7.631911277770996,0.06336613744497299
0,273,lh,caudalanteriorcingulate,1402.0,943.0,2791.0,1.793,0.053,0.13,0.018,18.0,1.0,2.907932758331299,8.62347412109375,0.1736883968114853
0,273,rh,superiorfrontal,14258.0,9354.0,30701.0,2.38,0.286,0.124,0.029,251.0,16.5,-0.7491512298583984,13.315402030944824,-0.043891530483961105
0,273,rh,rostralanteriorcingulate,1109.0,751.0,2189.0,2.086,0.058,0.111,0.026,14.0,1.2,1.4996871948242188,7.875958442687988,0.08786419034004211
0,273,rh,caudalanteriorcingulate,1297.0,841.0,2614.0,1.966,0.106,0.141,0.02,24.0,0.9,1.3338251113891602,8.299010276794434,0.07814660668373108
0,274,lh,superiorfrontal,13719.0,8890.0,31360.0,2.323,0.319,0.121,0.029,161.0,16.3,-0.9891314506530762,12.819867134094238,-0.0597895048558712
0,274,lh,rostralanteriorcingulate,2018.0,1362.0,4423.0,2.042,0.026,0.131,0.033,29.0,3.0,1.4808720350265503,8.856828689575195,0.08951347321271896
0,274,lh,caudalanteriorcingulate,2116.0,1381.0,4336.0,1.938,0.044,0.131,0.028,28.0,2.5,2.354077100753784,8.531150817871094,0.14229564368724823
0,274,rh,superiorfrontal,17824.0,11497.0,38024.0,2.431,0.331,0.121,0.033,231.0,24.7,-0.39090487360954285,13.287520408630371,-0.02188745141029358
0,274,rh,rostralanteriorcingulate,1384.0,946.0,3108.0,2.149,0.048,0.128,0.029,21.0,1.4,1.2689461708068848,9.641629219055176,0.07105053216218948
0,274,rh,caudalanteriorcingulate,1280.0,843.0,2560.0,1.975,0.085,0.124,0.02,16.0,1.1,1.5051801204681396,8.360760688781738,0.0842776894569397
0,275,lh,superiorfrontal,11289.0,7533.0,27513.0,2.281,0.229,0.13,0.031,146.0,13.9,-0.952724039554596,11.165246963500977,-0.054360080510377884
0,275,lh,rostralanteriorcingulate,1615.0,1080.0,3570.0,2.173,0.058,0.122,0.032,26.0,2.0,2.1362533569335938,7.204690456390381,0.12188932299613953
0,275,lh,caudalanteriorcingulate,1529.0,1026.0,3582.0,2.091,0.032,0.121,0.02,18.0,1.3,2.6113951206207275,8.19794750213623,0.14899975061416626
0,275,rh,superiorfrontal,12941.0,8550.0,31450.0,2.372,0.215,0.127,0.031,169.0,15.8,-0.49092236161231995,12.67354679107666,-0.026639098301529884
0,275,rh,rostralanteriorcingulate,1116.0,752.0,2679.0,2.303,0.083,0.132,0.035,20.0,1.4,0.3901591897010803,8.664812088012695,0.02117135189473629
0,275,rh,caudalanteriorcingulate,1126.0,753.0,2504.0,2.151,0.065,0.125,0.022,16.0,1.0,0.6434357762336731,8.195300102233887,0.03491498902440071
0,277,lh,superiorfrontal,11548.0,7667.0,26202.0,2.206,0.207,0.125,0.031,135.0,14.8,-1.3507214784622192,11.963839530944824,-0.08105149865150452
0,277,lh,rostralanteriorcingulate,2041.0,1364.0,4407.0,2.144,0.049,0.12,0.024,26.0,2.0,1.314306378364563,9.292187690734863,0.07886636257171631
0,277,lh,caudalanteriorcingulate,2146.0,1413.0,4134.0,2.003,0.066,0.118,0.021,24.0,1.8,2.520397186279297,9.487241744995117,0.15123917162418365
0,277,rh,superiorfrontal,13295.0,8894.0,27496.0,2.277,0.133,0.123,0.029,140.0,15.7,-0.6756373047828674,15.033198356628418,-0.03932472690939903
0,277,rh,rostralanteriorcingulate,1728.0,1159.0,3550.0,2.27,0.035,0.13,0.026,25.0,1.8,1.364700436592102,9.696853637695312,0.07943090051412582
0,277,rh,caudalanteriorcingulate,1617.0,1084.0,3108.0,2.16,0.071,0.131,0.022,26.0,1.6,0.7307115793228149,8.372671127319336,0.04253026843070984
0,278,lh,superiorfrontal,14467.0,9530.0,28801.0,2.283,0.281,0.122,0.027,179.0,15.4,-0.9770278930664062,13.555830955505371,-0.058500561863183975
0,278,lh,rostralanteriorcingulate,1970.0,1275.0,4171.0,2.07,0.043,0.126,0.03,29.0,2.1,1.7980120182037354,9.045498847961426,0.10765784978866577
0,278,lh,caudalanteriorcingulate,2092.0,1382.0,4064.0,1.952,0.061,0.128,0.022,25.0,1.7,2.134580373764038,9.664131164550781,0.12781020998954773
0,278,rh,superiorfrontal,16815.0,10996.0,32731.0,2.376,0.26,0.127,0.028,215.0,18.6,-0.40330618619918823,12.39458179473877,-0.02371700294315815
0,278,rh,rostralanteriorcingulate,1402.0,911.0,2713.0,2.193,0.048,0.136,0.032,33.0,2.0,0.9844236969947815,8.615069389343262,0.05789046362042427
0,278,rh,caudalanteriorcingulate,1325.0,884.0,2582.0,2.057,0.08,0.135,0.021,21.0,1.2,0.7877285480499268,7.62795352935791,0.04632352292537689
0,280,lh,superiorfrontal,12862.0,8600.0,27307.0,2.286,0.234,0.128,0.027,169.0,14.5,-1.2475656270980835,11.253385543823242,-0.07675306499004364
0,280,lh,rostralanteriorcingulate,1796.0,1196.0,3439.0,2.145,0.066,0.127,0.032,28.0,2.2,1.306835412979126,8.603994369506836,0.08039948344230652
0,280,lh,caudalanteriorcingulate,1876.0,1173.0,3441.0,1.899,0.097,0.13,0.029,28.0,2.1,2.544374704360962,8.375678062438965,0.15653571486473083
0,280,rh,superiorfrontal,15147.0,10022.0,29599.0,2.344,0.199,0.128,0.029,198.0,17.8,-0.6105353832244873,12.817792892456055,-0.03644070401787758
0,280,rh,rostralanteriorcingulate,1342.0,906.0,2637.0,2.176,0.06,0.138,0.036,34.0,1.4,1.1369212865829468,7.909079074859619,0.06785882264375687
0,280,rh,caudalanteriorcingulate,1097.0,716.0,2268.0,2.052,0.117,0.123,0.018,13.0,0.9,0.8487245440483093,8.747321128845215,0.050657376646995544
0,281,lh,superiorfrontal,10706.0,7165.0,22872.0,2.116,0.252,0.129,0.029,132.0,13.2,-1.4348220825195312,12.175629615783691,-0.08692903071641922
0,281,lh,rostralanteriorcingulate,1527.0,1023.0,3011.0,1.973,0.052,0.135,0.036,23.0,2.4,1.3330734968185425,7.988412380218506,0.08076456189155579
0,281,lh,caudalanteriorcingulate,1297.0,882.0,2354.0,1.776,0.062,0.15,0.027,23.0,1.5,2.6459474563598633,8.853994369506836,0.16030533611774445
0,281,rh,superiorfrontal,12552.0,8370.0,25188.0,2.239,0.235,0.131,0.031,161.0,15.6,-0.7192415595054626,15.10300064086914,-0.04302824288606644
0,281,rh,rostralanteriorcingulate,1382.0,887.0,2719.0,2.047,0.047,0.134,0.025,25.0,1.3,0.8336139917373657,8.21387004852295,0.04987050220370293
0,281,rh,caudalanteriorcingulate,1071.0,700.0,1722.0,1.851,0.064,0.145,0.017,21.0,0.7,1.7186228036880493,6.917918682098389,0.10281568765640259
0,282,lh,superiorfrontal,15436.0,9715.0,31080.0,2.331,0.33,0.127,0.04,219.0,26.0,-0.9017453193664551,13.186594009399414,-0.05415042117238045
0,282,lh,rostralanteriorcingulate,1599.0,1054.0,3487.0,1.993,0.073,0.136,0.036,29.0,2.2,1.6682002544403076,8.56728744506836,0.10017656534910202
0,282,lh,caudalanteriorcingulate,1558.0,1054.0,3072.0,1.93,0.05,0.118,0.021,18.0,1.3,2.5233447551727295,8.870250701904297,0.15152856707572937
0,282,rh,superiorfrontal,16434.0,10666.0,32332.0,2.476,0.295,0.134,0.041,262.0,27.1,-0.5121039152145386,14.876274108886719,-0.030771102756261826
0,282,rh,rostralanteriorcingulate,1146.0,753.0,2434.0,2.156,0.072,0.12,0.033,16.0,1.3,1.4468448162078857,8.893543243408203,0.08693744242191315
0,282,rh,caudalanteriorcingulate,1193.0,793.0,2270.0,2.076,0.046,0.145,0.025,20.0,1.2,1.1717867851257324,7.413393020629883,0.0704098641872406
0,285,lh,superiorfrontal,14008.0,9223.0,26906.0,2.405,0.306,0.134,0.032,184.0,18.0,-0.9703835248947144,12.958739280700684,-0.059056203812360764
0,285,lh,rostralanteriorcingulate,1948.0,1294.0,3706.0,2.23,0.064,0.138,0.037,38.0,3.1,1.8585662841796875,8.798447608947754,0.1131097599864006
0,285,lh,caudalanteriorcingulate,1891.0,1269.0,3757.0,2.122,0.066,0.124,0.024,22.0,1.7,1.981674075126648,8.32070255279541,0.12060193717479706
0,285,rh,superiorfrontal,16191.0,10529.0,30145.0,2.439,0.295,0.133,0.032,220.0,21.0,-0.575072705745697,14.808228492736816,-0.03345204517245293
0,285,rh,rostralanteriorcingulate,1692.0,1128.0,3379.0,2.202,0.097,0.122,0.024,23.0,1.5,1.0714099407196045,9.671307563781738,0.06232404708862305
0,285,rh,caudalanteriorcingulate,1956.0,1302.0,3707.0,2.229,0.059,0.129,0.02,28.0,1.5,1.899261713027954,8.40368938446045,0.11048027873039246
0,286,lh,superiorfrontal,13638.0,8472.0,28177.0,2.219,0.273,0.123,0.033,172.0,18.2,-1.2759865522384644,12.581183433532715,-0.07291645556688309
0,286,lh,rostralanteriorcingulate,1740.0,1171.0,3844.0,2.045,0.04,0.137,0.036,27.0,2.4,1.4838309288024902,9.966940879821777,0.08479375392198563
0,286,lh,caudalanteriorcingulate,1938.0,1252.0,3574.0,1.869,0.039,0.132,0.031,30.0,2.3,2.5592775344848633,9.193967819213867,0.14625032246112823
0,286,rh,superiorfrontal,15796.0,10235.0,31693.0,2.291,0.233,0.13,0.036,204.0,23.7,-0.5572332143783569,14.152429580688477,-0.03153735399246216
0,286,rh,rostralanteriorcingulate,2076.0,1366.0,4243.0,2.174,0.046,0.122,0.028,31.0,2.0,0.5693254470825195,7.344405174255371,0.032221727073192596
0,286,rh,caudalanteriorcingulate,1286.0,809.0,2327.0,1.954,0.087,0.129,0.021,21.0,1.1,1.4944212436676025,6.874161243438721,0.084578737616539
0,287,lh,superiorfrontal,12263.0,8166.0,25598.0,2.348,0.288,0.132,0.031,164.0,15.4,-1.1991041898727417,13.614551544189453,-0.07140285521745682
0,287,lh,rostralanteriorcingulate,1679.0,1109.0,3259.0,2.13,0.075,0.131,0.032,38.0,2.1,1.619405746459961,9.16331672668457,0.0964304730296135
0,287,lh,caudalanteriorcingulate,1559.0,988.0,2953.0,1.952,0.072,0.148,0.036,33.0,2.4,2.039180040359497,9.156294822692871,0.12142670154571533
0,287,rh,superiorfrontal,13024.0,8697.0,26861.0,2.338,0.227,0.132,0.031,188.0,16.4,-0.7489472031593323,14.36947250366211,-0.04496604576706886
0,287,rh,rostralanteriorcingulate,1105.0,710.0,2170.0,2.124,0.064,0.152,0.052,27.0,2.9,1.2390276193618774,7.953506946563721,0.0743899941444397
0,287,rh,caudalanteriorcingulate,1194.0,758.0,2307.0,1.952,0.098,0.146,0.027,24.0,1.2,1.4250811338424683,7.235423564910889,0.08556045591831207
0,288,lh,superiorfrontal,10950.0,7259.0,26283.0,2.375,0.222,0.124,0.028,144.0,12.5,-1.2883282899856567,9.856246948242188,-0.07851070910692215
0,288,lh,rostralanteriorcingulate,1666.0,1125.0,3765.0,2.143,0.085,0.138,0.04,33.0,2.6,1.3354624509811401,8.987164497375488,0.08138305693864822
0,288,lh,caudalanteriorcingulate,1599.0,1042.0,3326.0,1.971,0.121,0.148,0.03,31.0,1.9,2.0076687335968018,8.163633346557617,0.12234731018543243
0,288,rh,superiorfrontal,11803.0,8010.0,27831.0,2.422,0.22,0.129,0.031,168.0,15.6,-0.5446359515190125,12.581999778747559,-0.03288356214761734
0,288,rh,rostralanteriorcingulate,1119.0,730.0,2192.0,2.223,0.055,0.126,0.026,18.0,1.0,1.5197077989578247,8.678202629089355,0.09175561368465424
0,288,rh,caudalanteriorcingulate,1221.0,840.0,2565.0,2.016,0.107,0.136,0.024,24.0,1.2,0.762437641620636,6.647080421447754,0.04603380709886551
0,290,lh,superiorfrontal,12124.0,7972.0,27849.0,2.091,0.28,0.121,0.029,134.0,14.6,-1.2788512706756592,11.11493968963623,-0.07608580589294434
0,290,lh,rostralanteriorcingulate,1670.0,1057.0,3384.0,1.936,0.13,0.124,0.039,36.0,3.0,0.8252211809158325,7.149709701538086,0.04909688979387283
0,290,lh,caudalanteriorcingulate,1551.0,1042.0,3197.0,1.733,0.035,0.118,0.02,17.0,1.3,2.733825445175171,7.843810081481934,0.16265013813972473
0,290,rh,superiorfrontal,12508.0,8317.0,28247.0,2.115,0.247,0.12,0.025,134.0,12.6,-1.0125372409820557,14.111466407775879,-0.060692109167575836
0,290,rh,rostralanteriorcingulate,1214.0,787.0,2731.0,2.019,0.049,0.124,0.025,17.0,1.1,0.9913277626037598,8.545912742614746,0.059420790523290634
0,290,rh,caudalanteriorcingulate,1086.0,739.0,2494.0,1.797,0.084,0.122,0.021,13.0,0.9,1.0293123722076416,7.644773483276367,0.061697620898485184
0,291,lh,superiorfrontal,12487.0,8214.0,25446.0,2.246,0.256,0.13,0.035,173.0,17.5,-0.9616615176200867,11.325346946716309,-0.05839306861162186
0,291,lh,rostralanteriorcingulate,1725.0,1125.0,3241.0,2.028,0.028,0.119,0.028,26.0,1.7,1.5752354860305786,7.990288734436035,0.09564991295337677
0,291,lh,caudalanteriorcingulate,1627.0,1062.0,3031.0,1.952,0.041,0.117,0.024,19.0,1.7,2.014897108078003,6.974545001983643,0.12234660238027573
0,291,rh,superiorfrontal,14102.0,9310.0,27834.0,2.304,0.243,0.131,0.032,200.0,18.6,-0.4342142939567566,12.496039390563965,-0.025753965601325035
0,291,rh,rostralanteriorcingulate,1087.0,728.0,2134.0,2.121,0.037,0.143,0.032,31.0,1.5,1.2950259447097778,8.165231704711914,0.07681011408567429
0,291,rh,caudalanteriorcingulate,1351.0,885.0,2621.0,2.039,0.05,0.144,0.027,25.0,1.4,0.601399302482605,7.424590110778809,0.03566997870802879
0,292,lh,superiorfrontal,12674.0,8316.0,28781.0,2.221,0.261,0.127,0.032,148.0,15.7,-0.8655704855918884,13.288117408752441,-0.05301595479249954
0,292,lh,rostralanteriorcingulate,1665.0,1111.0,3729.0,1.974,0.048,0.126,0.027,24.0,1.7,1.5023114681243896,7.716930866241455,0.09201619029045105
0,292,lh,caudalanteriorcingulate,1523.0,984.0,3112.0,1.852,0.075,0.143,0.028,26.0,1.8,2.1465330123901367,8.463785171508789,0.1314745992422104
0,292,rh,superiorfrontal,14365.0,9439.0,31470.0,2.269,0.271,0.126,0.036,190.0,20.9,-0.8754523992538452,14.93353271484375,-0.05105132237076759
0,292,rh,rostralanteriorcingulate,1485.0,967.0,3179.0,2.052,0.045,0.127,0.028,27.0,1.5,1.0314836502075195,8.350907325744629,0.060150146484375
0,292,rh,caudalanteriorcingulate,1151.0,754.0,2283.0,1.856,0.08,0.133,0.016,19.0,0.7,1.2756593227386475,7.723621845245361,0.07438906282186508
0,293,lh,superiorfrontal,9051.0,5822.0,19659.0,2.077,0.228,0.127,0.032,103.0,12.0,-1.1752914190292358,12.333502769470215,-0.07047922164201736
0,293,lh,rostralanteriorcingulate,1226.0,805.0,2652.0,1.848,0.077,0.124,0.029,16.0,1.3,2.0218515396118164,6.745254993438721,0.12124526500701904
0,293,lh,caudalanteriorcingulate,1357.0,860.0,2507.0,1.728,0.07,0.14,0.024,20.0,1.3,2.8122165203094482,8.207048416137695,0.16864143311977386
0,293,rh,superiorfrontal,10925.0,7180.0,24259.0,2.044,0.254,0.128,0.034,131.0,15.6,-0.7893444299697876,14.2732572555542,-0.04629254341125488
0,293,rh,rostralanteriorcingulate,836.0,533.0,1587.0,1.896,0.115,0.114,0.023,11.0,0.6,1.5454072952270508,7.692857265472412,0.09063322842121124
0,293,rh,caudalanteriorcingulate,818.0,515.0,1526.0,1.746,0.035,0.127,0.019,13.0,0.6,2.392923355102539,6.603368759155273,0.14033736288547516
0,294,lh,superiorfrontal,13834.0,8959.0,26780.0,2.369,0.223,0.129,0.034,194.0,19.0,-1.0366106033325195,12.946043014526367,-0.06482542306184769
0,294,lh,rostralanteriorcingulate,2245.0,1497.0,4761.0,2.225,0.096,0.144,0.044,44.0,4.1,1.201004147529602,8.946396827697754,0.0751059353351593
0,294,lh,caudalanteriorcingulate,1943.0,1294.0,3732.0,2.113,0.087,0.135,0.026,32.0,1.9,2.336536169052124,8.74355411529541,0.14611749351024628
0,294,rh,superiorfrontal,15538.0,10170.0,29578.0,2.499,0.25,0.13,0.032,218.0,20.3,-0.6952034831047058,12.689169883728027,-0.03928178921341896
0,294,rh,rostralanteriorcingulate,1774.0,1179.0,3498.0,2.296,0.158,0.137,0.028,34.0,2.0,0.6736382246017456,8.998125076293945,0.03806326538324356
0,294,rh,caudalanteriorcingulate,1713.0,1195.0,3616.0,2.265,0.125,0.145,0.031,35.0,2.0,0.2795058488845825,7.858981609344482,0.015793204307556152
0,295,lh,superiorfrontal,8640.0,5805.0,18293.0,2.161,0.17,0.133,0.031,113.0,10.8,-1.2929273843765259,10.52802562713623,-0.07623735815286636
0,295,lh,rostralanteriorcingulate,1226.0,827.0,2489.0,2.05,0.04,0.137,0.029,21.0,1.6,1.3973850011825562,9.135882377624512,0.08239670097827911
0,295,lh,caudalanteriorcingulate,1158.0,776.0,2264.0,1.891,0.049,0.129,0.02,13.0,0.9,3.107579469680786,8.062844276428223,0.1832382082939148
0,295,rh,superiorfrontal,10157.0,6878.0,20646.0,2.225,0.189,0.132,0.029,127.0,11.7,-0.7729492783546448,12.434012413024902,-0.04548860713839531
0,295,rh,rostralanteriorcingulate,1009.0,650.0,2202.0,2.014,0.049,0.153,0.04,24.0,1.8,0.8798478245735168,7.243326187133789,0.05177966505289078
0,295,rh,caudalanteriorcingulate,919.0,596.0,1756.0,1.901,0.066,0.131,0.02,14.0,0.7,1.5114227533340454,7.626429080963135,0.08894828706979752
0,296,lh,superiorfrontal,13392.0,8890.0,30396.0,2.359,0.261,0.125,0.031,161.0,16.6,-0.9923412799835205,12.577472686767578,-0.058968301862478256
0,296,lh,rostralanteriorcingulate,1686.0,1126.0,3353.0,2.263,0.053,0.137,0.037,30.0,2.4,2.183143377304077,10.3719482421875,0.12972983717918396
0,296,lh,caudalanteriorcingulate,1857.0,1275.0,3962.0,2.012,0.076,0.135,0.023,28.0,1.7,2.6544547080993652,9.702306747436523,0.15773674845695496
0,296,rh,superiorfrontal,15182.0,9996.0,33814.0,2.397,0.208,0.124,0.03,186.0,17.8,-0.6928736567497253,13.743427276611328,-0.039569661021232605
0,296,rh,rostralanteriorcingulate,1533.0,983.0,3436.0,2.284,0.077,0.142,0.036,29.0,2.2,0.9913762211799622,9.050091743469238,0.05661699175834656
0,296,rh,caudalanteriorcingulate,1153.0,765.0,2243.0,2.113,0.122,0.129,0.02,15.0,0.9,1.3836596012115479,8.308205604553223,0.07902009040117264
0,297,lh,superiorfrontal,10761.0,7101.0,24207.0,2.366,0.343,0.132,0.033,159.0,15.1,-1.21060049533844,11.813069343566895,-0.07190212607383728
0,297,lh,rostralanteriorcingulate,1701.0,1125.0,3852.0,2.038,0.067,0.149,0.039,39.0,2.5,0.7558835744857788,6.599320888519287,0.04489477351307869
0,297,lh,caudalanteriorcingulate,1654.0,1112.0,3103.0,1.895,0.108,0.15,0.029,31.0,1.7,2.247188091278076,7.211822986602783,0.13346898555755615
0,297,rh,superiorfrontal,11657.0,7916.0,25949.0,2.436,0.244,0.138,0.036,208.0,17.4,-0.8285146951675415,14.851147651672363,-0.04812926426529884
0,297,rh,rostralanteriorcingulate,1190.0,772.0,2321.0,2.165,0.064,0.137,0.034,24.0,1.4,1.2700655460357666,7.273157596588135,0.07377941161394119
0,297,rh,caudalanteriorcingulate,1049.0,717.0,2050.0,2.024,0.074,0.144,0.02,19.0,0.8,1.1840226650238037,7.361775875091553,0.06878109276294708
0,299,lh,superiorfrontal,11503.0,7712.0,22305.0,2.267,0.164,0.135,0.032,160.0,14.4,-0.9928893446922302,11.38264274597168,-0.060093946754932404
0,299,lh,rostralanteriorcingulate,1933.0,1247.0,3343.0,2.073,0.131,0.132,0.032,34.0,2.4,1.2561123371124268,9.73803424835205,0.0760253369808197
0,299,lh,caudalanteriorcingulate,1658.0,1065.0,2763.0,1.969,0.112,0.128,0.027,24.0,1.7,2.904362201690674,9.96561336517334,0.17578454315662384
0,299,rh,superiorfrontal,12851.0,8569.0,24542.0,2.285,0.182,0.129,0.031,166.0,16.4,-0.5959604978561401,12.30778694152832,-0.03486885130405426
0,299,rh,rostralanteriorcingulate,1216.0,793.0,2377.0,2.091,0.096,0.139,0.033,24.0,1.5,1.1798486709594727,8.568778991699219,0.06903136521577835
0,299,rh,caudalanteriorcingulate,1343.0,841.0,2199.0,1.932,0.098,0.139,0.025,29.0,1.3,1.576577067375183,8.043632507324219,0.09224341064691544
0,301,lh,superiorfrontal,14193.0,8929.0,22532.0,2.265,0.274,0.147,0.059,216.0,35.5,-0.970089316368103,11.535499572753906,-0.05967653915286064
0,301,lh,rostralanteriorcingulate,1328.0,838.0,3156.0,1.941,0.053,0.132,0.042,18.0,2.2,1.184285044670105,8.299030303955078,0.07285312563180923
0,301,lh,caudalanteriorcingulate,1651.0,1029.0,2607.0,1.982,0.056,0.137,0.043,27.0,2.8,2.703108072280884,8.786459922790527,0.16628587245941162
0,301,rh,superiorfrontal,13419.0,8478.0,22187.0,2.327,0.191,0.14,0.053,256.0,31.1,-0.5089095830917358,12.917579650878906,-0.027891047298908234
0,301,rh,rostralanteriorcingulate,1184.0,731.0,2215.0,2.086,0.044,0.139,0.071,22.0,4.0,1.9076756238937378,7.875663757324219,0.10455115139484406
0,301,rh,caudalanteriorcingulate,1634.0,994.0,2881.0,2.076,0.057,0.132,0.049,28.0,3.0,1.9862817525863647,7.147782325744629,0.10885919630527496
0,303,lh,superiorfrontal,13689.0,8995.0,29813.0,2.318,0.233,0.135,0.039,196.0,24.3,-1.2434678077697754,13.959283828735352,-0.07132498174905777
0,303,lh,rostralanteriorcingulate,1806.0,1208.0,3815.0,2.137,0.061,0.145,0.045,32.0,3.4,1.5758891105651855,9.45400333404541,0.0903925746679306
0,303,lh,caudalanteriorcingulate,1709.0,1150.0,3353.0,2.029,0.097,0.13,0.028,22.0,2.0,2.8435842990875244,10.12802505493164,0.16310721635818481
0,303,rh,superiorfrontal,15209.0,10044.0,32549.0,2.305,0.311,0.128,0.03,195.0,18.2,-0.9414302706718445,14.725285530090332,-0.05462762713432312
0,303,rh,rostralanteriorcingulate,1617.0,1075.0,3420.0,2.124,0.026,0.122,0.024,23.0,1.6,0.9256384372711182,8.588028907775879,0.05371129512786865
0,303,rh,caudalanteriorcingulate,1113.0,744.0,2039.0,2.003,0.063,0.113,0.012,12.0,0.6,1.845917820930481,8.286827087402344,0.1071116179227829
0,304,lh,superiorfrontal,11430.0,7661.0,27007.0,2.253,0.257,0.135,0.031,156.0,14.2,-1.2451637983322144,10.79604434967041,-0.07532243430614471
0,304,lh,rostralanteriorcingulate,1503.0,1037.0,3277.0,1.94,0.051,0.146,0.044,28.0,2.8,1.7777042388916016,7.938399314880371,0.10753685981035233
0,304,lh,caudalanteriorcingulate,1314.0,884.0,2560.0,1.872,0.085,0.127,0.017,16.0,0.9,3.129552125930786,9.005990982055664,0.18931281566619873
0,304,rh,superiorfrontal,13130.0,8663.0,29136.0,2.258,0.274,0.135,0.033,197.0,17.6,-0.7559071779251099,13.947927474975586,-0.045362621545791626
0,304,rh,rostralanteriorcingulate,1081.0,699.0,2367.0,2.021,0.045,0.131,0.03,18.0,1.3,1.5275083780288696,7.307861804962158,0.0916670635342598
0,304,rh,caudalanteriorcingulate,848.0,565.0,1608.0,1.92,0.064,0.15,0.022,14.0,0.7,1.7144861221313477,6.824233055114746,0.10288776457309723
0,308,lh,superiorfrontal,11876.0,7829.0,27349.0,2.45,0.275,0.129,0.031,158.0,14.8,-1.1385940313339233,12.428828239440918,-0.06330116838216782
0,308,lh,rostralanteriorcingulate,2059.0,1377.0,4598.0,2.214,0.05,0.143,0.037,47.0,3.2,1.0022902488708496,7.369846820831299,0.05572323128581047
0,308,lh,caudalanteriorcingulate,1814.0,1177.0,3529.0,2.06,0.064,0.136,0.027,31.0,1.9,1.8301448822021484,7.046665668487549,0.10174854844808578
0,308,rh,superiorfrontal,13149.0,8681.0,28973.0,2.513,0.282,0.125,0.031,165.0,16.2,-0.6658698916435242,14.56631851196289,-0.03748784586787224
0,308,rh,rostralanteriorcingulate,1236.0,825.0,2567.0,2.327,0.029,0.127,0.03,21.0,1.4,0.9931513071060181,9.446114540100098,0.05591348186135292
0,308,rh,caudalanteriorcingulate,1418.0,932.0,2718.0,2.174,0.071,0.131,0.021,24.0,1.3,1.0034726858139038,7.843496322631836,0.056494567543268204
0,310,lh,superiorfrontal,13812.0,8724.0,25914.0,2.317,0.245,0.129,0.044,179.0,24.4,-0.80982506275177,13.957159042358398,-0.047810059040784836
0,310,lh,rostralanteriorcingulate,1891.0,1221.0,3623.0,2.1,0.067,0.133,0.038,29.0,2.8,1.6124237775802612,8.198668479919434,0.09519350528717041
0,310,lh,caudalanteriorcingulate,1467.0,963.0,2878.0,1.864,0.067,0.122,0.027,15.0,1.5,2.9584240913391113,8.880414009094238,0.17465803027153015
0,310,rh,superiorfrontal,15090.0,9625.0,27013.0,2.371,0.238,0.134,0.047,227.0,28.3,-0.5758882164955139,15.172406196594238,-0.03267379477620125
0,310,rh,rostralanteriorcingulate,1396.0,894.0,2865.0,2.154,0.068,0.137,0.044,26.0,2.5,1.4354727268218994,8.766356468200684,0.08144348114728928
0,310,rh,caudalanteriorcingulate,1148.0,719.0,2211.0,1.966,0.086,0.129,0.028,17.0,1.1,1.5742038488388062,6.6755475997924805,0.08931458741426468
0,311,lh,superiorfrontal,11920.0,7950.0,24670.0,2.167,0.201,0.136,0.034,181.0,17.4,-1.1242674589157104,13.02547836303711,-0.07220163196325302
0,311,lh,rostralanteriorcingulate,1732.0,1122.0,3963.0,2.088,0.061,0.154,0.051,37.0,3.6,1.5376255512237549,8.987014770507812,0.09874790906906128
0,311,lh,caudalanteriorcingulate,1790.0,1215.0,3757.0,1.947,0.057,0.135,0.023,23.0,1.6,2.287196159362793,7.882809638977051,0.14688611030578613
0,311,rh,superiorfrontal,14066.0,9225.0,27197.0,2.278,0.163,0.126,0.031,183.0,17.1,-0.5180271863937378,14.33912467956543,-0.030383648350834846
0,311,rh,rostralanteriorcingulate,1208.0,817.0,2600.0,2.159,0.062,0.132,0.029,21.0,1.4,1.4846194982528687,9.821224212646484,0.0870768278837204
0,311,rh,caudalanteriorcingulate,1693.0,1111.0,3155.0,2.021,0.073,0.138,0.027,30.0,1.7,1.0800879001617432,7.574842929840088,0.06334997713565826
0,312,lh,superiorfrontal,12536.0,8228.0,26166.0,2.343,0.252,0.128,0.033,173.0,16.4,-1.2036025524139404,12.584511756896973,-0.07032480090856552
0,312,lh,rostralanteriorcingulate,1987.0,1273.0,3861.0,2.198,0.044,0.134,0.04,32.0,3.1,2.1826529502868652,9.917352676391602,0.1275293380022049
0,312,lh,caudalanteriorcingulate,2222.0,1472.0,4063.0,2.009,0.08,0.146,0.023,35.0,2.1,2.249393939971924,8.276522636413574,0.13142891228199005
0,312,rh,superiorfrontal,15620.0,10219.0,31015.0,2.414,0.207,0.121,0.029,192.0,17.6,-0.506858229637146,15.69909381866455,-0.030659709125757217
0,312,rh,rostralanteriorcingulate,1719.0,1123.0,3331.0,2.143,0.092,0.142,0.045,35.0,3.3,0.9969063997268677,8.323756217956543,0.06030258163809776
0,312,rh,caudalanteriorcingulate,1203.0,850.0,2426.0,2.014,0.108,0.129,0.018,19.0,0.8,0.6545885801315308,7.925577640533447,0.03959587588906288
0,314,lh,superiorfrontal,13359.0,8650.0,31118.0,2.199,0.217,0.12,0.031,172.0,17.1,-1.0942414999008179,13.381162643432617,-0.0672648623585701
0,314,lh,rostralanteriorcingulate,1833.0,1232.0,3917.0,2.011,0.073,0.136,0.042,38.0,2.9,1.2453244924545288,9.070823669433594,0.07655218243598938
0,314,lh,caudalanteriorcingulate,1758.0,1131.0,3483.0,1.867,0.07,0.121,0.026,22.0,1.9,2.9004886150360107,10.022967338562012,0.17829789221286774
0,314,rh,superiorfrontal,14600.0,9494.0,31971.0,2.211,0.229,0.119,0.033,204.0,20.5,-0.575812578201294,13.994556427001953,-0.035323090851306915
0,314,rh,rostralanteriorcingulate,1511.0,986.0,3616.0,2.038,0.035,0.142,0.036,29.0,2.1,1.0780149698257446,8.124218940734863,0.06613057851791382
0,314,rh,caudalanteriorcingulate,1148.0,747.0,2149.0,1.955,0.049,0.127,0.017,16.0,0.8,1.5582736730575562,7.928450107574463,0.0955919399857521
0,317,lh,superiorfrontal,9887.0,6278.0,19387.0,2.137,0.188,0.138,0.043,148.0,18.1,-1.4656413793563843,9.710860252380371,-0.08708483725786209
0,317,lh,rostralanteriorcingulate,1486.0,947.0,2587.0,1.883,0.03,0.143,0.044,25.0,2.4,1.4487673044204712,8.13499641418457,0.08608222007751465
0,317,lh,caudalanteriorcingulate,1131.0,769.0,2152.0,1.794,0.049,0.122,0.03,12.0,1.4,3.338573455810547,8.734359741210938,0.19836989045143127
0,317,rh,superiorfrontal,10109.0,6596.0,19539.0,2.152,0.149,0.137,0.041,140.0,17.2,-1.0514906644821167,9.644207000732422,-0.06049191951751709
0,317,rh,rostralanteriorcingulate,959.0,623.0,1842.0,2.0,0.051,0.125,0.032,15.0,1.0,1.1172325611114502,7.967437744140625,0.06427402794361115
0,317,rh,caudalanteriorcingulate,847.0,568.0,1603.0,1.864,0.063,0.149,0.025,15.0,0.9,1.348261833190918,5.6616106033325195,0.07756507396697998
0,318,lh,superiorfrontal,12928.0,8521.0,28267.0,2.36,0.246,0.126,0.029,165.0,15.0,-1.267529010772705,12.184993743896484,-0.0834788903594017
0,318,lh,rostralanteriorcingulate,1970.0,1270.0,3716.0,2.152,0.049,0.122,0.029,34.0,2.3,1.138917326927185,9.63950252532959,0.0750085785984993
0,318,lh,caudalanteriorcingulate,2010.0,1318.0,3689.0,2.061,0.052,0.118,0.019,25.0,1.5,2.824384927749634,9.541573524475098,0.18601273000240326
0,318,rh,superiorfrontal,14809.0,9664.0,30760.0,2.381,0.223,0.124,0.028,189.0,16.6,-0.5358443260192871,12.40754222869873,-0.03061608597636223
0,318,rh,rostralanteriorcingulate,1320.0,851.0,2880.0,2.245,0.046,0.129,0.028,21.0,1.6,0.9483686685562134,9.620391845703125,0.05418615788221359
0,318,rh,caudalanteriorcingulate,1376.0,874.0,2799.0,2.047,0.063,0.139,0.027,27.0,1.6,1.0110353231430054,7.362734317779541,0.05776667967438698
0,320,lh,superiorfrontal,13601.0,9001.0,29224.0,2.218,0.271,0.125,0.027,164.0,14.9,-0.8543868660926819,11.6173095703125,-0.050977133214473724
0,320,lh,rostralanteriorcingulate,1915.0,1268.0,3540.0,2.088,0.101,0.151,0.107,48.0,13.3,1.0528072118759155,8.99185562133789,0.06281591206789017
0,320,lh,caudalanteriorcingulate,1610.0,1071.0,3121.0,1.843,0.047,0.128,0.027,21.0,1.9,2.8372573852539062,8.651299476623535,0.16928541660308838
0,320,rh,superiorfrontal,14113.0,9332.0,30207.0,2.34,0.279,0.13,0.034,210.0,19.9,-0.6992068290710449,12.354937553405762,-0.04181545227766037
0,320,rh,rostralanteriorcingulate,1242.0,825.0,2417.0,2.105,0.05,0.122,0.024,18.0,1.2,1.332320213317871,8.77441120147705,0.0796782523393631
0,320,rh,caudalanteriorcingulate,1399.0,905.0,2611.0,1.977,0.117,0.139,0.022,23.0,1.3,0.9304611682891846,7.337943077087402,0.0556454211473465
0,321,lh,superiorfrontal,10226.0,6712.0,21236.0,2.087,0.141,0.126,0.028,115.0,11.9,-1.0157623291015625,12.421235084533691,-0.06389347463846207
0,321,lh,rostralanteriorcingulate,1494.0,961.0,2929.0,1.919,0.052,0.128,0.036,22.0,2.0,1.825103759765625,8.78995132446289,0.11480267345905304
0,321,lh,caudalanteriorcingulate,1654.0,1090.0,3204.0,1.866,0.076,0.137,0.023,26.0,1.4,2.1663978099823,9.30109691619873,0.13627073168754578
0,321,rh,superiorfrontal,12627.0,8275.0,24679.0,2.126,0.172,0.126,0.03,142.0,15.1,-0.5496898293495178,11.761944770812988,-0.03360331803560257
0,321,rh,rostralanteriorcingulate,1170.0,793.0,2424.0,2.01,0.048,0.131,0.03,18.0,1.4,1.664880633354187,10.376996994018555,0.10177651792764664
0,321,rh,caudalanteriorcingulate,1062.0,709.0,2175.0,1.902,0.064,0.128,0.015,14.0,0.7,1.3620281219482422,8.11439323425293,0.08326269686222076
0,323,lh,superiorfrontal,14512.0,8888.0,25179.0,2.46,0.299,0.131,0.043,218.0,26.5,-0.608132541179657,13.880928993225098,-0.036849696189165115
0,323,lh,rostralanteriorcingulate,2096.0,1357.0,4003.0,2.065,0.111,0.14,0.039,35.0,3.3,0.5229325890541077,8.177414894104004,0.031687017530202866
0,323,lh,caudalanteriorcingulate,1937.0,1290.0,4246.0,2.004,0.086,0.126,0.025,25.0,1.8,1.390110731124878,7.2333879470825195,0.08423354476690292
0,323,rh,superiorfrontal,16765.0,10629.0,31042.0,2.386,0.272,0.125,0.037,230.0,25.1,-0.20303288102149963,15.369437217712402,-0.011678961105644703
0,323,rh,rostralanteriorcingulate,1249.0,809.0,2416.0,2.22,0.071,0.136,0.033,24.0,1.5,0.5387192368507385,8.33168888092041,0.03098846785724163
0,323,rh,caudalanteriorcingulate,1165.0,749.0,2093.0,2.028,0.097,0.132,0.021,22.0,0.9,1.5681958198547363,7.854931354522705,0.09020652621984482
0,325,lh,superiorfrontal,15505.0,10240.0,32986.0,2.329,0.268,0.127,0.026,188.0,16.8,-0.7010138034820557,14.011686325073242,-0.043416284024715424
0,325,lh,rostralanteriorcingulate,2200.0,1446.0,4343.0,2.094,0.13,0.127,0.036,40.0,3.2,1.6150394678115845,8.478150367736816,0.10002516210079193
0,325,lh,caudalanteriorcingulate,1800.0,1201.0,3629.0,1.974,0.106,0.12,0.021,21.0,1.5,2.453458070755005,9.511116027832031,0.15195143222808838
0,325,rh,superiorfrontal,18234.0,12032.0,38074.0,2.404,0.346,0.12,0.024,209.0,17.3,-0.3123812675476074,15.241472244262695,-0.018407534807920456
0,325,rh,rostralanteriorcingulate,1654.0,1081.0,3385.0,2.195,0.084,0.134,0.031,30.0,1.9,1.1562877893447876,8.765262603759766,0.06813598424196243
0,325,rh,caudalanteriorcingulate,1060.0,698.0,2142.0,1.965,0.104,0.118,0.014,13.0,0.6,1.3087273836135864,7.7657365798950195,0.07711870968341827
0,332,lh,superiorfrontal,9267.0,6180.0,23883.0,2.043,0.19,0.122,0.025,103.0,9.7,-1.2569571733474731,12.283512115478516,-0.07850195467472076
0,332,lh,rostralanteriorcingulate,1530.0,1010.0,3541.0,2.033,0.088,0.126,0.036,23.0,2.4,1.5205491781234741,8.101763725280762,0.09496431797742844
0,332,lh,caudalanteriorcingulate,1131.0,782.0,2642.0,1.835,0.051,0.103,0.017,10.0,0.6,3.389796733856201,9.788969993591309,0.2117062211036682
0,332,rh,superiorfrontal,10297.0,6886.0,25337.0,2.127,0.158,0.116,0.022,105.0,9.0,-0.8627515435218811,11.763805389404297,-0.052369941025972366
0,332,rh,rostralanteriorcingulate,976.0,671.0,2255.0,2.008,0.041,0.128,0.026,17.0,1.0,1.8067141771316528,9.00850772857666,0.10966948419809341
0,332,rh,caudalanteriorcingulate,897.0,600.0,2313.0,1.948,0.064,0.121,0.016,11.0,0.6,1.5227882862091064,8.664593696594238,0.09243486076593399
0,333,lh,superiorfrontal,14555.0,9336.0,30723.0,2.268,0.267,0.124,0.03,174.0,18.1,-0.7414603233337402,11.863322257995605,-0.042968083173036575
0,333,lh,rostralanteriorcingulate,1979.0,1292.0,4411.0,2.199,0.055,0.125,0.036,27.0,3.0,1.1401736736297607,7.721096515655518,0.06607377529144287
0,333,lh,caudalanteriorcingulate,2049.0,1438.0,4437.0,2.026,0.075,0.12,0.022,23.0,1.7,2.658580780029297,9.826400756835938,0.15406641364097595
0,333,rh,superiorfrontal,16080.0,10555.0,34625.0,2.363,0.325,0.128,0.029,189.0,18.5,-0.346946120262146,14.280763626098633,-0.01980683021247387
0,333,rh,rostralanteriorcingulate,1144.0,700.0,2425.0,2.187,0.049,0.107,0.023,12.0,1.0,1.4366185665130615,8.05976390838623,0.08201519399881363
0,333,rh,caudalanteriorcingulate,945.0,660.0,1988.0,2.029,0.084,0.122,0.014,11.0,0.5,0.8579389452934265,8.063143730163574,0.04897892475128174
0,336,lh,superiorfrontal,12506.0,8184.0,29584.0,2.235,0.277,0.125,0.027,138.0,13.7,-0.9498762488365173,11.441146850585938,-0.05767782777547836
0,336,lh,rostralanteriorcingulate,1724.0,1140.0,3612.0,2.046,0.068,0.135,0.039,26.0,2.8,2.0463762283325195,8.50615406036377,0.12425883114337921
0,336,lh,caudalanteriorcingulate,1593.0,1053.0,3326.0,1.913,0.031,0.12,0.017,18.0,1.1,2.790377378463745,8.791448593139648,0.16943565011024475
0,336,rh,superiorfrontal,13911.0,9168.0,31001.0,2.413,0.321,0.128,0.029,168.0,16.2,-0.5817727446556091,13.323622703552246,-0.03335078805685043
0,336,rh,rostralanteriorcingulate,1383.0,941.0,3092.0,2.138,0.047,0.127,0.029,23.0,1.4,1.695971965789795,9.06006145477295,0.09722354263067245
0,336,rh,caudalanteriorcingulate,1198.0,793.0,2615.0,2.068,0.054,0.135,0.02,17.0,1.1,1.3577897548675537,7.500401496887207,0.07783684879541397
0,342,lh,superiorfrontal,12605.0,8300.0,28588.0,2.288,0.252,0.123,0.029,155.0,14.4,-0.9753080606460571,10.942943572998047,-0.05795461684465408
0,342,lh,rostralanteriorcingulate,1760.0,1171.0,3892.0,2.053,0.058,0.117,0.035,30.0,2.7,1.6704293489456177,8.543562889099121,0.09926002472639084
0,342,lh,caudalanteriorcingulate,1260.0,867.0,2863.0,1.934,0.057,0.132,0.022,16.0,1.2,2.9875106811523438,8.816458702087402,0.1775234341621399
0,342,rh,superiorfrontal,13370.0,8917.0,30253.0,2.322,0.216,0.123,0.028,156.0,14.8,-0.170150026679039,14.183918952941895,-0.009673990309238434
0,342,rh,rostralanteriorcingulate,982.0,670.0,2263.0,2.086,0.085,0.117,0.021,13.0,0.7,1.2264857292175293,8.660947799682617,0.0697326809167862
0,342,rh,caudalanteriorcingulate,1061.0,739.0,2518.0,2.031,0.071,0.135,0.026,19.0,1.1,1.2659811973571777,8.937385559082031,0.07197823375463486
0,345,lh,superiorfrontal,14122.0,9292.0,29120.0,2.37,0.25,0.133,0.048,226.0,19.2,-1.2018866539001465,12.676231384277344,-0.0700940415263176
0,345,lh,rostralanteriorcingulate,2171.0,1422.0,4510.0,2.294,0.105,0.149,0.061,51.0,6.2,1.6415061950683594,9.061088562011719,0.0957326665520668
0,345,lh,caudalanteriorcingulate,2106.0,1419.0,4253.0,2.093,0.114,0.15,0.035,42.0,3.4,2.385557174682617,9.289170265197754,0.13912571966648102
0,345,rh,superiorfrontal,14570.0,9644.0,30154.0,2.411,0.255,0.131,0.039,211.0,22.6,-0.5623335242271423,13.842884063720703,-0.03433649614453316
0,345,rh,rostralanteriorcingulate,1437.0,916.0,2871.0,2.269,0.059,0.148,0.049,42.0,2.8,1.4535837173461914,8.026162147521973,0.08875691145658493
0,345,rh,caudalanteriorcingulate,1004.0,679.0,2106.0,2.06,0.138,0.148,0.027,19.0,1.1,1.266768455505371,7.9648261070251465,0.07734984159469604
0,346,lh,superiorfrontal,10141.0,6789.0,23786.0,2.199,0.287,0.135,0.031,147.0,12.8,-1.4522939920425415,12.352126121520996,-0.08573305606842041
0,346,lh,rostralanteriorcingulate,1610.0,1035.0,3503.0,2.056,0.07,0.136,0.035,31.0,2.5,1.6482670307159424,7.449282646179199,0.0973019152879715
0,346,lh,caudalanteriorcingulate,1677.0,1049.0,3128.0,1.841,0.052,0.144,0.025,31.0,1.5,2.6292691230773926,7.4077372550964355,0.15521325170993805
0,346,rh,superiorfrontal,11840.0,7989.0,26884.0,2.3,0.195,0.135,0.033,165.0,16.2,-0.8874061107635498,10.822077751159668,-0.051006466150283813
0,346,rh,rostralanteriorcingulate,968.0,634.0,1934.0,2.128,0.062,0.112,0.02,11.0,0.7,2.003873825073242,8.947718620300293,0.11517895758152008
0,346,rh,caudalanteriorcingulate,1022.0,679.0,2271.0,1.916,0.095,0.139,0.028,19.0,1.2,1.2497872114181519,7.873946189880371,0.07183545082807541
